user_id,journey_id,event_id,timestamp,channel,campaign,event_type,cost_eur,revenue_eur,consent
usr-00515,jrn-01031,evt-0003792,2025-01-01 00:00:00+00:00,display,display-retargeting,impression,0.036,0.0,True
usr-00094,jrn-00189,evt-0000703,2025-01-01 00:00:00+00:00,paid_search,brand-search,click,1.2,0.0,True
usr-00139,jrn-00279,evt-0001014,2025-01-01 02:00:00+00:00,social,social-prospecting,impression,0.078,0.0,True
usr-00146,jrn-00292,evt-0001066,2025-01-01 04:00:00+00:00,organic,seo-content,click,0.08,0.0,True
usr-00746,jrn-01492,evt-0005432,2025-01-01 05:00:00+00:00,organic,seo-content,click,0.08,0.0,True
usr-00549,jrn-01099,evt-0004047,2025-01-01 05:00:00+00:00,affiliate,partner-network,impression,0.108,0.0,True
usr-00094,jrn-00189,evt-0000704,2025-01-01 06:00:00+00:00,paid_search,brand-search,impression,0.144,0.0,True
usr-00094,jrn-00189,evt-0000707,2025-01-01 08:00:00+00:00,paid_search,brand-search,click,1.2,0.0,True
usr-00139,jrn-00279,evt-0001018,2025-01-01 10:00:00+00:00,display,display-retargeting,click,0.3,0.0,True
usr-00679,jrn-01359,evt-0004959,2025-01-01 10:00:00+00:00,paid_search,brand-search,click,1.2,0.0,True
usr-00146,jrn-00292,evt-0001067,2025-01-01 11:00:00+00:00,email,lifecycle-email,impression,0.0048,0.0,True
usr-00139,jrn-00279,evt-0001015,2025-01-01 11:00:00+00:00,organic,seo-content,impression,0.0096,0.0,True
usr-00549,jrn-01099,evt-0004048,2025-01-01 11:00:00+00:00,social,social-prospecting,impression,0.078,0.0,True
usr-00146,jrn-00292,evt-0001068,2025-01-01 12:00:00+00:00,affiliate,partner-network,click,0.9,0.0,True
usr-00537,jrn-01075,evt-0003956,2025-01-01 13:00:00+00:00,organic,seo-content,click,0.08,0.0,True
usr-00210,jrn-00421,evt-0001544,2025-01-01 14:00:00+00:00,display,display-retargeting,click,0.3,0.0,True
usr-00746,jrn-01492,evt-0005435,2025-01-01 14:00:00+00:00,email,lifecycle-email,click,0.04,0.0,True
usr-00746,jrn-01492,evt-0005433,2025-01-01 15:00:00+00:00,organic,seo-content,click,0.08,0.0,True
usr-00741,jrn-01482,evt-0005394,2025-01-01 15:00:00+00:00,organic,seo-content,impression,0.0096,0.0,True
usr-00809,jrn-01618,evt-0005892,2025-01-01 15:00:00+00:00,display,display-retargeting,click,0.3,0.0,True
usr-00549,jrn-01099,evt-0004049,2025-01-01 17:00:00+00:00,social,social-prospecting,click,0.65,0.0,True
usr-00809,jrn-01618,evt-0005894,2025-01-01 19:00:00+00:00,affiliate,partner-network,impression,0.108,0.0,True
usr-00210,jrn-00421,evt-0001545,2025-01-01 19:00:00+00:00,email,lifecycle-email,click,0.04,0.0,True
usr-00234,jrn-00469,evt-0001723,2025-01-01 20:00:00+00:00,affiliate,partner-network,impression,0.108,0.0,True
usr-00603,jrn-01206,evt-0004417,2025-01-01 20:00:00+00:00,email,lifecycle-email,click,0.04,0.0,True
usr-00234,jrn-00469,evt-0001724,2025-01-01 22:00:00+00:00,social,social-prospecting,impression,0.078,0.0,True
usr-00790,jrn-01581,evt-0005748,2025-01-01 22:00:00+00:00,social,social-prospecting,click,0.65,0.0,True
usr-00094,jrn-00189,evt-0000705,2025-01-01 22:00:00+00:00,display,display-retargeting,click,0.3,0.0,True
usr-00210,jrn-00420,evt-0001542,2025-01-02 00:00:00+00:00,paid_search,brand-search,impression,0.144,0.0,True
usr-00408,jrn-00816,evt-0003034,2025-01-02 01:00:00+00:00,email,lifecycle-email,impression,0.0048,0.0,True
usr-00679,jrn-01359,evt-0004960,2025-01-02 01:00:00+00:00,email,lifecycle-email,click,0.04,0.0,True
usr-00790,jrn-01581,evt-0005749,2025-01-02 02:00:00+00:00,social,social-prospecting,click,0.65,0.0,True
usr-00519,jrn-01038,evt-0003813,2025-01-02 02:00:00+00:00,organic,seo-content,impression,0.0096,0.0,True
usr-00746,jrn-01492,evt-0005434,2025-01-02 03:00:00+00:00,paid_search,brand-search,click,1.2,0.0,True
usr-00082,jrn-00164,evt-0000620,2025-01-02 03:00:00+00:00,affiliate,partner-network,impression,0.108,0.0,True
usr-00741,jrn-01482,evt-0005395,2025-01-02 05:00:00+00:00,affiliate,partner-network,impression,0.108,0.0,True
usr-00863,jrn-01726,evt-0006283,2025-01-02 05:00:00+00:00,affiliate,partner-network,click,0.9,0.0,True
usr-00809,jrn-01618,evt-0005897,2025-01-02 06:00:00+00:00,email,lifecycle-email,click,0.04,0.0,True
usr-00809,jrn-01618,evt-0005893,2025-01-02 06:00:00+00:00,social,social-prospecting,impression,0.078,0.0,True
usr-00094,jrn-00189,evt-0000706,2025-01-02 06:00:00+00:00,email,lifecycle-email,click,0.04,0.0,True
usr-00490,jrn-00981,evt-0003613,2025-01-02 06:00:00+00:00,display,display-retargeting,impression,0.036,0.0,True
usr-00139,jrn-00279,evt-0001016,2025-01-02 06:00:00+00:00,paid_search,brand-search,impression,0.144,0.0,True
usr-00506,jrn-01012,evt-0003720,2025-01-02 07:00:00+00:00,social,social-prospecting,click,0.65,0.0,True
usr-00034,jrn-00069,evt-0000266,2025-01-02 07:00:00+00:00,social,social-prospecting,click,0.65,0.0,True
usr-00478,jrn-00957,evt-0003541,2025-01-02 07:00:00+00:00,social,social-prospecting,impression,0.078,0.0,True
usr-00146,jrn-00292,evt-0001069,2025-01-02 10:00:00+00:00,email,lifecycle-email,impression,0.0048,0.0,True
usr-00082,jrn-00164,evt-0000621,2025-01-02 10:00:00+00:00,paid_search,brand-search,click,1.2,0.0,True
usr-00490,jrn-00981,evt-0003614,2025-01-02 11:00:00+00:00,paid_search,brand-search,impression,0.144,0.0,True
usr-00034,jrn-00069,evt-0000267,2025-01-02 11:00:00+00:00,display,display-retargeting,click,0.3,0.0,True
usr-00809,jrn-01618,evt-0005895,2025-01-02 12:00:00+00:00,email,lifecycle-email,click,0.04,0.0,True
usr-00603,jrn-01206,evt-0004418,2025-01-02 13:00:00+00:00,display,display-retargeting,click,0.3,0.0,True
usr-00139,jrn-00279,evt-0001017,2025-01-02 14:00:00+00:00,social,social-prospecting,click,0.65,0.0,True
usr-00514,jrn-01029,evt-0003784,2025-01-02 14:00:00+00:00,email,lifecycle-email,click,0.04,0.0,True
usr-00408,jrn-00816,evt-0003035,2025-01-02 15:00:00+00:00,paid_search,brand-search,impression,0.144,0.0,True
usr-00478,jrn-00957,evt-0003542,2025-01-02 16:00:00+00:00,paid_search,brand-search,click,1.2,0.0,True
usr-00863,jrn-01726,evt-0006285,2025-01-02 17:00:00+00:00,display,display-retargeting,impression,0.036,0.0,True
usr-00506,jrn-01012,evt-0003721,2025-01-02 17:00:00+00:00,paid_search,brand-search,click,1.2,0.0,True
usr-00210,jrn-00420,evt-0001543,2025-01-02 17:00:00+00:00,affiliate,partner-network,impression,0.108,0.0,True
usr-00863,jrn-01726,evt-0006284,2025-01-02 18:00:00+00:00,display,display-retargeting,impression,0.036,0.0,True
usr-00034,jrn-00069,evt-0000270,2025-01-02 19:00:00+00:00,display,display-retargeting,impression,0.036,0.0,False
usr-00034,jrn-00069,evt-0000268,2025-01-02 19:00:00+00:00,paid_search,brand-search,click,1.2,0.0,True
usr-00519,jrn-01038,evt-0003814,2025-01-02 19:00:00+00:00,organic,seo-content,click,0.08,0.0,True
usr-00210,jrn-00421,evt-0001546,2025-01-02 20:00:00+00:00,affiliate,partner-network,impression,0.108,0.0,True
usr-00210,jrn-00421,evt-0001547,2025-01-02 20:00:00+00:00,paid_search,brand-search,impression,0.144,0.0,True
usr-00234,jrn-00469,evt-0001727,2025-01-02 20:00:00+00:00,organic,seo-content,click,0.08,0.0,True
usr-00659,jrn-01318,evt-0004809,2025-01-02 21:00:00+00:00,display,display-retargeting,impression,0.036,0.0,True
usr-00234,jrn-00469,evt-0001725,2025-01-02 22:00:00+00:00,display,display-retargeting,click,0.3,0.0,True
usr-00519,jrn-01038,evt-0003815,2025-01-02 22:00:00+00:00,display,display-retargeting,click,0.3,0.0,True
usr-00033,jrn-00066,evt-0000255,2025-01-02 23:00:00+00:00,affiliate,partner-network,impression,0.108,0.0,False
usr-00245,jrn-00491,evt-0001823,2025-01-03 00:00:00+00:00,organic,seo-content,click,0.08,0.0,True
usr-00617,jrn-01235,evt-0004519,2025-01-03 01:00:00+00:00,affiliate,partner-network,click,0.9,0.0,True
usr-00034,jrn-00069,evt-0000269,2025-01-03 01:00:00+00:00,affiliate,partner-network,impression,0.108,0.0,False
usr-00506,jrn-01012,evt-0003722,2025-01-03 01:00:00+00:00,email,lifecycle-email,impression,0.0048,0.0,True
usr-00623,jrn-01246,evt-0004560,2025-01-03 01:00:00+00:00,affiliate,partner-network,impression,0.108,0.0,True
usr-00519,jrn-01038,evt-0003817,2025-01-03 02:00:00+00:00,paid_search,brand-search,click,1.2,0.0,True
usr-00033,jrn-00066,evt-0000256,2025-01-03 02:00:00+00:00,social,social-prospecting,click,0.65,0.0,True
usr-00623,jrn-01246,evt-0004561,2025-01-03 04:00:00+00:00,affiliate,partner-network,click,0.9,0.0,True
usr-00514,jrn-01029,evt-0003786,2025-01-03 04:00:00+00:00,organic,seo-content,click,0.08,0.0,True
usr-00571,jrn-01142,evt-0004192,2025-01-03 05:00:00+00:00,display,display-retargeting,impression,0.036,0.0,True
usr-00659,jrn-01318,evt-0004813,2025-01-03 05:00:00+00:00,social,social-prospecting,click,0.65,0.0,True
usr-00254,jrn-00508,evt-0001885,2025-01-03 05:00:00+00:00,email,lifecycle-email,impression,0.0048,0.0,True
usr-00514,jrn-01029,evt-0003785,2025-01-03 05:00:00+00:00,organic,seo-content,click,0.08,0.0,False
usr-00617,jrn-01235,evt-0004521,2025-01-03 05:00:00+00:00,email,lifecycle-email,impression,0.0048,0.0,True
usr-00257,jrn-00515,evt-0001912,2025-01-03 06:00:00+00:00,affiliate,partner-network,click,0.9,0.0,True
usr-00506,jrn-01012,evt-0003723,2025-01-03 07:00:00+00:00,display,display-retargeting,click,0.3,0.0,True
usr-00809,jrn-01618,evt-0005896,2025-01-03 07:00:00+00:00,affiliate,partner-network,impression,0.108,0.0,True
usr-00234,jrn-00469,evt-0001728,2025-01-03 07:00:00+00:00,paid_search,brand-search,click,1.2,0.0,True
usr-00326,jrn-00653,evt-0002413,2025-01-03 11:00:00+00:00,organic,seo-content,click,0.08,0.0,True
usr-00486,jrn-00973,evt-0003588,2025-01-03 11:00:00+00:00,affiliate,partner-network,click,0.9,0.0,True
usr-00863,jrn-01726,evt-0006286,2025-01-03 11:00:00+00:00,affiliate,partner-network,impression,0.108,0.0,True
usr-00519,jrn-01038,evt-0003816,2025-01-03 11:00:00+00:00,affiliate,partner-network,click,0.9,0.0,True
usr-00659,jrn-01318,evt-0004811,2025-01-03 11:00:00+00:00,social,social-prospecting,click,0.65,0.0,True
usr-00617,jrn-01235,evt-0004520,2025-01-03 12:00:00+00:00,paid_search,brand-search,click,1.2,0.0,True
usr-00257,jrn-00515,evt-0001913,2025-01-03 12:00:00+00:00,email,lifecycle-email,impression,0.0048,0.0,True
usr-00659,jrn-01318,evt-0004810,2025-01-03 12:00:00+00:00,organic,seo-content,impression,0.0096,0.0,True
usr-00571,jrn-01142,evt-0004193,2025-01-03 12:00:00+00:00,social,social-prospecting,click,0.65,0.0,True
usr-00490,jrn-00981,evt-0003615,2025-01-03 12:00:00+00:00,paid_search,brand-search,click,1.2,0.0,True
usr-00033,jrn-00066,evt-0000257,2025-01-03 13:00:00+00:00,affiliate,partner-network,click,0.9,0.0,True
usr-00489,jrn-00979,evt-0003607,2025-01-03 13:00:00+00:00,social,social-prospecting,click,0.65,0.0,True
usr-00534,jrn-01068,evt-0003922,2025-01-03 14:00:00+00:00,organic,seo-content,click,0.08,0.0,True
usr-00257,jrn-00515,evt-0001916,2025-01-03 14:00:00+00:00,social,social-prospecting,click,0.65,0.0,True
usr-00326,jrn-00653,evt-0002414,2025-01-03 15:00:00+00:00,display,display-retargeting,click,0.3,0.0,True
usr-00458,jrn-00916,evt-0003383,2025-01-03 15:00:00+00:00,email,lifecycle-email,impression,0.0048,0.0,False
usr-00798,jrn-01597,evt-0005813,2025-01-03 16:00:00+00:00,display,display-retargeting,impression,0.036,0.0,True
usr-00161,jrn-00323,evt-0001177,2025-01-03 16:00:00+00:00,display,display-retargeting,impression,0.036,0.0,True
usr-00490,jrn-00981,evt-0003616,2025-01-03 18:00:00+00:00,organic,seo-content,impression,0.0096,0.0,True
usr-00034,jrn-00069,evt-0000271,2025-01-03 18:00:00+00:00,affiliate,partner-network,click,0.9,0.0,True
usr-00534,jrn-01068,evt-0003923,2025-01-03 18:00:00+00:00,paid_search,brand-search,impression,0.144,0.0,True
usr-00821,jrn-01642,evt-0005985,2025-01-03 19:00:00+00:00,social,social-prospecting,click,0.65,0.0,True
usr-00514,jrn-01029,evt-0003787,2025-01-03 20:00:00+00:00,affiliate,partner-network,click,0.9,0.0,True
usr-00571,jrn-01142,evt-0004197,2025-01-03 20:00:00+00:00,social,social-prospecting,impression,0.078,0.0,True
usr-00234,jrn-00469,evt-0001726,2025-01-03 20:00:00+00:00,organic,seo-content,click,0.08,0.0,True
usr-00161,jrn-00323,evt-0001178,2025-01-03 21:00:00+00:00,organic,seo-content,impression,0.0096,0.0,True
usr-00254,jrn-00508,evt-0001886,2025-01-03 21:00:00+00:00,display,display-retargeting,click,0.3,0.0,True
usr-00740,jrn-01480,evt-0005386,2025-01-03 21:00:00+00:00,social,social-prospecting,click,0.65,0.0,True
usr-00486,jrn-00973,evt-0003589,2025-01-03 21:00:00+00:00,paid_search,brand-search,click,1.2,0.0,True
usr-00424,jrn-00849,evt-0003151,2025-01-03 21:00:00+00:00,social,social-prospecting,click,0.65,0.0,True
usr-00798,jrn-01597,evt-0005814,2025-01-03 22:00:00+00:00,social,social-prospecting,click,0.65,0.0,True
usr-00821,jrn-01642,evt-0005986,2025-01-03 22:00:00+00:00,social,social-prospecting,impression,0.078,0.0,True
usr-00571,jrn-01142,evt-0004194,2025-01-03 23:00:00+00:00,email,lifecycle-email,impression,0.0048,0.0,True
usr-00161,jrn-00323,evt-0001179,2025-01-04 00:00:00+00:00,display,display-retargeting,impression,0.036,0.0,True
usr-00424,jrn-00849,evt-0003152,2025-01-04 00:00:00+00:00,social,social-prospecting,click,0.65,0.0,True
usr-00033,jrn-00066,evt-0000260,2025-01-04 00:00:00+00:00,organic,seo-content,click,0.08,0.0,True
usr-00458,jrn-00916,evt-0003384,2025-01-04 02:00:00+00:00,display,display-retargeting,click,0.3,0.0,True
usr-00710,jrn-01421,evt-0005168,2025-01-04 03:00:00+00:00,paid_search,brand-search,impression,0.144,0.0,True
usr-00424,jrn-00849,evt-0003153,2025-01-04 05:00:00+00:00,display,display-retargeting,click,0.3,0.0,True
usr-00514,jrn-01029,evt-0003789,2025-01-04 06:00:00+00:00,social,social-prospecting,click,0.65,0.0,True
usr-00659,jrn-01318,evt-0004812,2025-01-04 06:00:00+00:00,display,display-retargeting,click,0.3,0.0,True
usr-00740,jrn-01480,evt-0005387,2025-01-04 06:00:00+00:00,affiliate,partner-network,click,0.9,0.0,True
usr-00617,jrn-01235,evt-0004522,2025-01-04 07:00:00+00:00,organic,seo-content,click,0.08,0.0,True
usr-00821,jrn-01642,evt-0005988,2025-01-04 07:00:00+00:00,organic,seo-content,click,0.08,0.0,True
usr-00514,jrn-01029,evt-0003788,2025-01-04 10:00:00+00:00,email,lifecycle-email,click,0.04,0.0,True
usr-00257,jrn-00515,evt-0001914,2025-01-04 10:00:00+00:00,display,display-retargeting,impression,0.036,0.0,True
usr-00033,jrn-00066,evt-0000258,2025-01-04 11:00:00+00:00,affiliate,partner-network,click,0.9,0.0,True
usr-00740,jrn-01480,evt-0005388,2025-01-04 11:00:00+00:00,email,lifecycle-email,impression,0.0048,0.0,True
usr-00257,jrn-00515,evt-0001915,2025-01-04 12:00:00+00:00,affiliate,partner-network,impression,0.108,0.0,True
usr-00534,jrn-01068,evt-0003924,2025-01-04 12:00:00+00:00,paid_search,brand-search,click,1.2,0.0,True
usr-00821,jrn-01642,evt-0005987,2025-01-04 13:00:00+00:00,email,lifecycle-email,click,0.04,0.0,True
usr-00353,jrn-00706,evt-0002616,2025-01-04 14:00:00+00:00,paid_search,brand-search,click,1.2,0.0,True
usr-00486,jrn-00973,evt-0003590,2025-01-04 15:00:00+00:00,organic,seo-content,impression,0.0096,0.0,True
usr-00798,jrn-01597,evt-0005815,2025-01-04 16:00:00+00:00,social,social-prospecting,click,0.65,0.0,True
usr-00210,jrn-00421,evt-0001548,2025-01-04 16:00:00+00:00,paid_search,brand-search,conversion,0.0,61.39,True
usr-00698,jrn-01396,evt-0005081,2025-01-04 16:00:00+00:00,organic,seo-content,impression,0.0096,0.0,True
usr-00161,jrn-00323,evt-0001180,2025-01-04 16:00:00+00:00,email,lifecycle-email,click,0.04,0.0,True
usr-00630,jrn-01260,evt-0004616,2025-01-04 17:00:00+00:00,paid_search,brand-search,click,1.2,0.0,True
usr-00112,jrn-00224,evt-0000834,2025-01-04 17:00:00+00:00,social,social-prospecting,impression,0.078,0.0,True
usr-00486,jrn-00973,evt-0003593,2025-01-04 17:00:00+00:00,affiliate,partner-network,impression,0.108,0.0,True
usr-00571,jrn-01142,evt-0004195,2025-01-04 17:00:00+00:00,paid_search,brand-search,impression,0.144,0.0,True
usr-00353,jrn-00706,evt-0002617,2025-01-04 17:00:00+00:00,paid_search,brand-search,click,1.2,0.0,True
usr-00458,jrn-00916,evt-0003386,2025-01-04 18:00:00+00:00,display,display-retargeting,click,0.3,0.0,False
usr-00066,jrn-00133,evt-0000505,2025-01-04 18:00:00+00:00,organic,seo-content,click,0.08,0.0,True
usr-00353,jrn-00706,evt-0002618,2025-01-04 18:00:00+00:00,email,lifecycle-email,impression,0.0048,0.0,True
usr-00630,jrn-01260,evt-0004617,2025-01-04 19:00:00+00:00,organic,seo-content,click,0.08,0.0,True
usr-00458,jrn-00916,evt-0003385,2025-01-04 21:00:00+00:00,email,lifecycle-email,click,0.04,0.0,True
usr-00571,jrn-01142,evt-0004196,2025-01-04 21:00:00+00:00,affiliate,partner-network,click,0.9,0.0,True
usr-00066,jrn-00133,evt-0000507,2025-01-04 22:00:00+00:00,email,lifecycle-email,impression,0.0048,0.0,True
usr-00887,jrn-01775,evt-0006457,2025-01-04 23:00:00+00:00,affiliate,partner-network,click,0.9,0.0,True
usr-00486,jrn-00973,evt-0003592,2025-01-04 23:00:00+00:00,social,social-prospecting,click,0.65,0.0,True
usr-00630,jrn-01260,evt-0004619,2025-01-04 23:00:00+00:00,social,social-prospecting,click,0.65,0.0,True
usr-00088,jrn-00177,evt-0000670,2025-01-05 00:00:00+00:00,paid_search,brand-search,impression,0.144,0.0,True
usr-00350,jrn-00701,evt-0002599,2025-01-05 01:00:00+00:00,paid_search,brand-search,impression,0.144,0.0,True
usr-00866,jrn-01732,evt-0006303,2025-01-05 01:00:00+00:00,social,social-prospecting,click,0.65,0.0,True
usr-00617,jrn-01235,evt-0004523,2025-01-05 01:00:00+00:00,display,display-retargeting,click,0.3,0.0,True
usr-00112,jrn-00224,evt-0000835,2025-01-05 02:00:00+00:00,display,display-retargeting,impression,0.036,0.0,True
usr-00534,jrn-01068,evt-0003925,2025-01-05 02:00:00+00:00,paid_search,brand-search,click,1.2,0.0,True
usr-00353,jrn-00706,evt-0002619,2025-01-05 02:00:00+00:00,organic,seo-content,click,0.08,0.0,True
usr-00056,jrn-00112,evt-0000428,2025-01-05 02:00:00+00:00,display,display-retargeting,impression,0.036,0.0,True
usr-00698,jrn-01396,evt-0005082,2025-01-05 03:00:00+00:00,social,social-prospecting,click,0.65,0.0,True
usr-00066,jrn-00133,evt-0000506,2025-01-05 05:00:00+00:00,email,lifecycle-email,click,0.04,0.0,True
usr-00701,jrn-01403,evt-0005101,2025-01-05 05:00:00+00:00,affiliate,partner-network,impression,0.108,0.0,True
usr-00866,jrn-01732,evt-0006305,2025-01-05 05:00:00+00:00,affiliate,partner-network,impression,0.108,0.0,True
usr-00426,jrn-00853,evt-0003164,2025-01-05 06:00:00+00:00,email,lifecycle-email,click,0.04,0.0,True
usr-00088,jrn-00177,evt-0000671,2025-01-05 07:00:00+00:00,paid_search,brand-search,click,1.2,0.0,True
usr-00887,jrn-01775,evt-0006459,2025-01-05 07:00:00+00:00,paid_search,brand-search,click,1.2,0.0,True
usr-00350,jrn-00701,evt-0002600,2025-01-05 07:00:00+00:00,display,display-retargeting,click,0.3,0.0,True
usr-00350,jrn-00701,evt-0002602,2025-01-05 07:00:00+00:00,organic,seo-content,click,0.08,0.0,True
usr-00161,jrn-00323,evt-0001182,2025-01-05 08:00:00+00:00,paid_search,brand-search,click,1.2,0.0,True
usr-00424,jrn-00849,evt-0003154,2025-01-05 09:00:00+00:00,paid_search,brand-search,impression,0.144,0.0,True
usr-00112,jrn-00224,evt-0000836,2025-01-05 09:00:00+00:00,affiliate,partner-network,click,0.9,0.0,True
usr-00887,jrn-01775,evt-0006458,2025-01-05 09:00:00+00:00,display,display-retargeting,click,0.3,0.0,True
usr-00486,jrn-00973,evt-0003591,2025-01-05 11:00:00+00:00,affiliate,partner-network,click,0.9,0.0,True
usr-00700,jrn-01400,evt-0005091,2025-01-05 12:00:00+00:00,organic,seo-content,click,0.08,0.0,True
usr-00798,jrn-01597,evt-0005817,2025-01-05 12:00:00+00:00,display,display-retargeting,click,0.3,0.0,True
usr-00275,jrn-00550,evt-0002044,2025-01-05 12:00:00+00:00,paid_search,brand-search,click,1.2,0.0,True
usr-00866,jrn-01732,evt-0006304,2025-01-05 13:00:00+00:00,display,display-retargeting,click,0.3,0.0,True
usr-00866,jrn-01732,evt-0006306,2025-01-05 13:00:00+00:00,display,display-retargeting,click,0.3,0.0,True
usr-00411,jrn-00823,evt-0003055,2025-01-05 14:00:00+00:00,organic,seo-content,click,0.08,0.0,True
usr-00033,jrn-00066,evt-0000259,2025-01-05 15:00:00+00:00,organic,seo-content,click,0.08,0.0,True
usr-00630,jrn-01260,evt-0004618,2025-01-05 15:00:00+00:00,social,social-prospecting,impression,0.078,0.0,True
usr-00265,jrn-00531,evt-0001976,2025-01-05 16:00:00+00:00,organic,seo-content,impression,0.0096,0.0,True
usr-00350,jrn-00701,evt-0002601,2025-01-05 17:00:00+00:00,social,social-prospecting,click,0.65,0.0,True
usr-00411,jrn-00823,evt-0003056,2025-01-05 17:00:00+00:00,organic,seo-content,impression,0.0096,0.0,True
usr-00701,jrn-01403,evt-0005102,2025-01-05 17:00:00+00:00,affiliate,partner-network,click,0.9,0.0,True
usr-00275,jrn-00550,evt-0002045,2025-01-05 18:00:00+00:00,organic,seo-content,click,0.08,0.0,True
usr-00534,jrn-01068,evt-0003926,2025-01-05 18:00:00+00:00,affiliate,partner-network,impression,0.108,0.0,True
usr-00066,jrn-00133,evt-0000508,2025-01-05 18:00:00+00:00,affiliate,partner-network,click,0.9,0.0,True
usr-00430,jrn-00860,evt-0003188,2025-01-05 18:00:00+00:00,paid_search,brand-search,click,1.2,0.0,True
usr-00798,jrn-01597,evt-0005816,2025-01-05 19:00:00+00:00,social,social-prospecting,impression,0.078,0.0,True
usr-00700,jrn-01400,evt-0005092,2025-01-05 19:00:00+00:00,paid_search,brand-search,click,1.2,0.0,True
usr-00411,jrn-00823,evt-0003058,2025-01-05 20:00:00+00:00,display,display-retargeting,impression,0.036,0.0,True
usr-00112,jrn-00224,evt-0000837,2025-01-05 20:00:00+00:00,social,social-prospecting,impression,0.078,0.0,True
usr-00426,jrn-00853,evt-0003165,2025-01-05 21:00:00+00:00,organic,seo-content,click,0.08,0.0,True
usr-00350,jrn-00701,evt-0002604,2025-01-05 21:00:00+00:00,affiliate,partner-network,click,0.9,0.0,True
usr-00701,jrn-01403,evt-0005104,2025-01-05 23:00:00+00:00,email,lifecycle-email,impression,0.0048,0.0,True
usr-00865,jrn-01731,evt-0006299,2025-01-05 23:00:00+00:00,email,lifecycle-email,impression,0.0048,0.0,True
usr-00233,jrn-00466,evt-0001711,2025-01-05 23:00:00+00:00,affiliate,partner-network,click,0.9,0.0,True
usr-00698,jrn-01396,evt-0005083,2025-01-06 00:00:00+00:00,email,lifecycle-email,impression,0.0048,0.0,True
usr-00700,jrn-01400,evt-0005093,2025-01-06 00:00:00+00:00,email,lifecycle-email,click,0.04,0.0,True
usr-00430,jrn-00860,evt-0003190,2025-01-06 00:00:00+00:00,display,display-retargeting,click,0.3,0.0,True
usr-00265,jrn-00531,evt-0001979,2025-01-06 01:00:00+00:00,social,social-prospecting,click,0.65,0.0,True
usr-00430,jrn-00860,evt-0003189,2025-01-06 02:00:00+00:00,display,display-retargeting,click,0.3,0.0,True
usr-00265,jrn-00531,evt-0001978,2025-01-06 02:00:00+00:00,paid_search,brand-search,click,1.2,0.0,True
usr-00275,jrn-00550,evt-0002047,2025-01-06 03:00:00+00:00,organic,seo-content,click,0.08,0.0,True
usr-00265,jrn-00531,evt-0001977,2025-01-06 04:00:00+00:00,email,lifecycle-email,impression,0.0048,0.0,True
usr-00700,jrn-01400,evt-0005095,2025-01-06 04:00:00+00:00,display,display-retargeting,click,0.3,0.0,True
usr-00865,jrn-01731,evt-0006300,2025-01-06 05:00:00+00:00,email,lifecycle-email,click,0.04,0.0,True
usr-00239,jrn-00479,evt-0001766,2025-01-06 05:00:00+00:00,affiliate,partner-network,click,0.9,0.0,False
usr-00887,jrn-01775,evt-0006460,2025-01-06 08:00:00+00:00,organic,seo-content,click,0.08,0.0,True
usr-00112,jrn-00224,evt-0000838,2025-01-06 09:00:00+00:00,organic,seo-content,impression,0.0096,0.0,True
usr-00700,jrn-01400,evt-0005094,2025-01-06 09:00:00+00:00,display,display-retargeting,impression,0.036,0.0,True
usr-00861,jrn-01722,evt-0006270,2025-01-06 11:00:00+00:00,email,lifecycle-email,impression,0.0048,0.0,True
usr-00701,jrn-01403,evt-0005103,2025-01-06 11:00:00+00:00,social,social-prospecting,click,0.65,0.0,True
usr-00161,jrn-00323,evt-0001181,2025-01-06 12:00:00+00:00,email,lifecycle-email,impression,0.0048,0.0,True
usr-00376,jrn-00752,evt-0002784,2025-01-06 12:00:00+00:00,affiliate,partner-network,click,0.9,0.0,True
usr-00031,jrn-00063,evt-0000242,2025-01-06 13:00:00+00:00,affiliate,partner-network,impression,0.108,0.0,True
usr-00233,jrn-00466,evt-0001713,2025-01-06 13:00:00+00:00,organic,seo-content,click,0.08,0.0,True
usr-00823,jrn-01647,evt-0006009,2025-01-06 13:00:00+00:00,paid_search,brand-search,click,1.2,0.0,True
usr-00701,jrn-01403,evt-0005105,2025-01-06 13:00:00+00:00,email,lifecycle-email,impression,0.0048,0.0,True
usr-00861,jrn-01722,evt-0006271,2025-01-06 14:00:00+00:00,affiliate,partner-network,click,0.9,0.0,True
usr-00239,jrn-00479,evt-0001767,2025-01-06 14:00:00+00:00,paid_search,brand-search,click,1.2,0.0,True
usr-00376,jrn-00752,evt-0002785,2025-01-06 16:00:00+00:00,affiliate,partner-network,impression,0.108,0.0,True
usr-00233,jrn-00466,evt-0001712,2025-01-06 16:00:00+00:00,display,display-retargeting,click,0.3,0.0,True
usr-00411,jrn-00823,evt-0003057,2025-01-06 16:00:00+00:00,affiliate,partner-network,impression,0.108,0.0,True
usr-00147,jrn-00294,evt-0001071,2025-01-06 16:00:00+00:00,affiliate,partner-network,click,0.9,0.0,True
usr-00031,jrn-00063,evt-0000243,2025-01-06 18:00:00+00:00,display,display-retargeting,impression,0.036,0.0,True
usr-00556,jrn-01113,evt-0004089,2025-01-06 18:00:00+00:00,social,social-prospecting,impression,0.078,0.0,True
usr-00865,jrn-01731,evt-0006301,2025-01-06 19:00:00+00:00,paid_search,brand-search,click,1.2,0.0,True
usr-00741,jrn-01483,evt-0005396,2025-01-06 20:00:00+00:00,paid_search,brand-search,click,1.2,0.0,True
usr-00376,jrn-00752,evt-0002786,2025-01-06 20:00:00+00:00,paid_search,brand-search,click,1.2,0.0,True
usr-00147,jrn-00294,evt-0001072,2025-01-06 20:00:00+00:00,social,social-prospecting,click,0.65,0.0,True
usr-00866,jrn-01732,evt-0006307,2025-01-06 21:00:00+00:00,affiliate,partner-network,impression,0.108,0.0,True
usr-00031,jrn-00063,evt-0000245,2025-01-06 22:00:00+00:00,paid_search,brand-search,impression,0.144,0.0,True
usr-00088,jrn-00176,evt-0000665,2025-01-06 22:00:00+00:00,social,social-prospecting,click,0.65,0.0,True
usr-00275,jrn-00550,evt-0002046,2025-01-06 22:00:00+00:00,organic,seo-content,impression,0.0096,0.0,True
usr-00631,jrn-01263,evt-0004630,2025-01-06 23:00:00+00:00,organic,seo-content,click,0.08,0.0,True
usr-00496,jrn-00992,evt-0003651,2025-01-07 01:00:00+00:00,paid_search,brand-search,click,1.2,0.0,True
usr-00031,jrn-00063,evt-0000246,2025-01-07 01:00:00+00:00,paid_search,brand-search,click,1.2,0.0,True
usr-00411,jrn-00823,evt-0003060,2025-01-07 01:00:00+00:00,email,lifecycle-email,impression,0.0048,0.0,True
usr-00556,jrn-01113,evt-0004091,2025-01-07 02:00:00+00:00,paid_search,brand-search,impression,0.144,0.0,True
usr-00631,jrn-01263,evt-0004631,2025-01-07 03:00:00+00:00,email,lifecycle-email,click,0.04,0.0,True
usr-00793,jrn-01586,evt-0005766,2025-01-07 04:00:00+00:00,paid_search,brand-search,impression,0.144,0.0,True
usr-00265,jrn-00531,evt-0001980,2025-01-07 04:00:00+00:00,paid_search,brand-search,click,1.2,0.0,True
usr-00798,jrn-01596,evt-0005812,2025-01-07 06:00:00+00:00,paid_search,brand-search,impression,0.144,0.0,True
usr-00524,jrn-01049,evt-0003861,2025-01-07 06:00:00+00:00,paid_search,brand-search,impression,0.144,0.0,True
usr-00733,jrn-01466,evt-0005325,2025-01-07 06:00:00+00:00,social,social-prospecting,click,0.65,0.0,True
usr-00147,jrn-00294,evt-0001074,2025-01-07 07:00:00+00:00,social,social-prospecting,impression,0.078,0.0,True
usr-00793,jrn-01586,evt-0005767,2025-01-07 08:00:00+00:00,display,display-retargeting,impression,0.036,0.0,True
usr-00006,jrn-00013,evt-0000051,2025-01-07 08:00:00+00:00,social,social-prospecting,click,0.65,0.0,True
usr-00741,jrn-01483,evt-0005398,2025-01-07 08:00:00+00:00,social,social-prospecting,click,0.65,0.0,True
usr-00524,jrn-01049,evt-0003862,2025-01-07 08:00:00+00:00,social,social-prospecting,click,0.65,0.0,True
usr-00088,jrn-00176,evt-0000666,2025-01-07 08:00:00+00:00,social,social-prospecting,click,0.65,0.0,True
usr-00741,jrn-01483,evt-0005397,2025-01-07 09:00:00+00:00,email,lifecycle-email,impression,0.0048,0.0,True
usr-00733,jrn-01466,evt-0005327,2025-01-07 10:00:00+00:00,affiliate,partner-network,impression,0.108,0.0,True
usr-00556,jrn-01113,evt-0004090,2025-01-07 10:00:00+00:00,affiliate,partner-network,impression,0.108,0.0,True
usr-00865,jrn-01731,evt-0006302,2025-01-07 11:00:00+00:00,social,social-prospecting,click,0.65,0.0,True
usr-00000,jrn-00000,evt-0000001,2025-01-07 11:00:00+00:00,social,social-prospecting,impression,0.078,0.0,True
usr-00344,jrn-00689,evt-0002548,2025-01-07 12:00:00+00:00,paid_search,brand-search,click,1.2,0.0,True
usr-00147,jrn-00294,evt-0001075,2025-01-07 12:00:00+00:00,display,display-retargeting,click,0.3,0.0,True
usr-00882,jrn-01764,evt-0006411,2025-01-07 12:00:00+00:00,affiliate,partner-network,impression,0.108,0.0,True
usr-00694,jrn-01388,evt-0005062,2025-01-07 13:00:00+00:00,social,social-prospecting,impression,0.078,0.0,True
usr-00793,jrn-01586,evt-0005768,2025-01-07 14:00:00+00:00,email,lifecycle-email,impression,0.0048,0.0,True
usr-00524,jrn-01049,evt-0003863,2025-01-07 14:00:00+00:00,email,lifecycle-email,click,0.04,0.0,True
usr-00523,jrn-01046,evt-0003843,2025-01-07 15:00:00+00:00,display,display-retargeting,click,0.3,0.0,True
usr-00612,jrn-01224,evt-0004471,2025-01-07 15:00:00+00:00,social,social-prospecting,click,0.65,0.0,True
usr-00006,jrn-00013,evt-0000052,2025-01-07 15:00:00+00:00,organic,seo-content,impression,0.0096,0.0,True
usr-00882,jrn-01764,evt-0006412,2025-01-07 16:00:00+00:00,paid_search,brand-search,click,1.2,0.0,True
usr-00006,jrn-00013,evt-0000053,2025-01-07 16:00:00+00:00,email,lifecycle-email,impression,0.0048,0.0,True
usr-00006,jrn-00013,evt-0000055,2025-01-07 16:00:00+00:00,affiliate,partner-network,click,0.9,0.0,True
usr-00344,jrn-00689,evt-0002549,2025-01-07 16:00:00+00:00,organic,seo-content,click,0.08,0.0,True
usr-00772,jrn-01544,evt-0005610,2025-01-07 17:00:00+00:00,affiliate,partner-network,impression,0.108,0.0,True
usr-00031,jrn-00063,evt-0000244,2025-01-07 17:00:00+00:00,paid_search,brand-search,impression,0.144,0.0,True
usr-00265,jrn-00531,evt-0001981,2025-01-07 18:00:00+00:00,organic,seo-content,click,0.08,0.0,True
usr-00631,jrn-01263,evt-0004632,2025-01-07 19:00:00+00:00,social,social-prospecting,impression,0.078,0.0,True
usr-00000,jrn-00000,evt-0000002,2025-01-07 19:00:00+00:00,email,lifecycle-email,click,0.04,0.0,True
usr-00733,jrn-01466,evt-0005326,2025-01-07 20:00:00+00:00,paid_search,brand-search,impression,0.144,0.0,True
usr-00496,jrn-00992,evt-0003652,2025-01-07 20:00:00+00:00,paid_search,brand-search,conversion,0.0,102.72,True
usr-00006,jrn-00013,evt-0000054,2025-01-07 20:00:00+00:00,affiliate,partner-network,impression,0.108,0.0,True
usr-00000,jrn-00000,evt-0000003,2025-01-07 21:00:00+00:00,organic,seo-content,click,0.08,0.0,True
usr-00376,jrn-00752,evt-0002787,2025-01-07 21:00:00+00:00,email,lifecycle-email,impression,0.0048,0.0,True
usr-00350,jrn-00701,evt-0002603,2025-01-07 21:00:00+00:00,organic,seo-content,impression,0.0096,0.0,True
usr-00088,jrn-00176,evt-0000669,2025-01-07 22:00:00+00:00,display,display-retargeting,click,0.3,0.0,True
usr-00557,jrn-01114,evt-0004093,2025-01-07 22:00:00+00:00,social,social-prospecting,impression,0.078,0.0,True
usr-00233,jrn-00466,evt-0001714,2025-01-07 23:00:00+00:00,affiliate,partner-network,impression,0.108,0.0,True
usr-00612,jrn-01224,evt-0004474,2025-01-08 00:00:00+00:00,organic,seo-content,impression,0.0096,0.0,True
usr-00147,jrn-00294,evt-0001073,2025-01-08 00:00:00+00:00,display,display-retargeting,click,0.3,0.0,True
usr-00793,jrn-01586,evt-0005770,2025-01-08 00:00:00+00:00,email,lifecycle-email,click,0.04,0.0,True
usr-00882,jrn-01764,evt-0006415,2025-01-08 00:00:00+00:00,social,social-prospecting,click,0.65,0.0,True
usr-00733,jrn-01466,evt-0005329,2025-01-08 02:00:00+00:00,paid_search,brand-search,click,1.2,0.0,True
usr-00885,jrn-01770,evt-0006439,2025-01-08 02:00:00+00:00,email,lifecycle-email,click,0.04,0.0,True
usr-00733,jrn-01466,evt-0005328,2025-01-08 03:00:00+00:00,organic,seo-content,click,0.08,0.0,True
usr-00793,jrn-01586,evt-0005769,2025-01-08 04:00:00+00:00,email,lifecycle-email,click,0.04,0.0,True
usr-00523,jrn-01046,evt-0003844,2025-01-08 04:00:00+00:00,paid_search,brand-search,click,1.2,0.0,True
usr-00631,jrn-01263,evt-0004633,2025-01-08 05:00:00+00:00,email,lifecycle-email,impression,0.0048,0.0,True
usr-00772,jrn-01544,evt-0005611,2025-01-08 06:00:00+00:00,paid_search,brand-search,click,1.2,0.0,True
usr-00612,jrn-01224,evt-0004472,2025-01-08 06:00:00+00:00,organic,seo-content,impression,0.0096,0.0,True
usr-00088,jrn-00176,evt-0000667,2025-01-08 06:00:00+00:00,email,lifecycle-email,impression,0.0048,0.0,True
usr-00701,jrn-01403,evt-0005106,2025-01-08 08:00:00+00:00,display,display-retargeting,click,0.3,0.0,True
usr-00320,jrn-00641,evt-0002382,2025-01-08 08:00:00+00:00,paid_search,brand-search,impression,0.144,0.0,True
usr-00772,jrn-01544,evt-0005612,2025-01-08 09:00:00+00:00,email,lifecycle-email,impression,0.0048,0.0,True
usr-00411,jrn-00823,evt-0003059,2025-01-08 10:00:00+00:00,email,lifecycle-email,impression,0.0048,0.0,True
usr-00557,jrn-01114,evt-0004095,2025-01-08 10:00:00+00:00,organic,seo-content,click,0.08,0.0,True
usr-00882,jrn-01764,evt-0006413,2025-01-08 10:00:00+00:00,email,lifecycle-email,click,0.04,0.0,True
usr-00320,jrn-00641,evt-0002383,2025-01-08 10:00:00+00:00,social,social-prospecting,impression,0.078,0.0,True
usr-00253,jrn-00507,evt-0001882,2025-01-08 11:00:00+00:00,affiliate,partner-network,impression,0.108,0.0,True
usr-00731,jrn-01463,evt-0005311,2025-01-08 11:00:00+00:00,paid_search,brand-search,impression,0.144,0.0,True
usr-00557,jrn-01114,evt-0004094,2025-01-08 13:00:00+00:00,display,display-retargeting,impression,0.036,0.0,True
usr-00320,jrn-00641,evt-0002385,2025-01-08 14:00:00+00:00,social,social-prospecting,impression,0.078,0.0,True
usr-00006,jrn-00013,evt-0000056,2025-01-08 14:00:00+00:00,display,display-retargeting,impression,0.036,0.0,True
usr-00000,jrn-00000,evt-0000005,2025-01-08 15:00:00+00:00,email,lifecycle-email,click,0.04,0.0,True
usr-00253,jrn-00507,evt-0001883,2025-01-08 15:00:00+00:00,paid_search,brand-search,impression,0.144,0.0,True
usr-00523,jrn-01046,evt-0003845,2025-01-08 15:00:00+00:00,paid_search,brand-search,click,1.2,0.0,True
usr-00882,jrn-01764,evt-0006414,2025-01-08 15:00:00+00:00,display,display-retargeting,impression,0.036,0.0,True
usr-00523,jrn-01046,evt-0003847,2025-01-08 15:00:00+00:00,display,display-retargeting,click,0.3,0.0,True
usr-00320,jrn-00641,evt-0002386,2025-01-08 16:00:00+00:00,affiliate,partner-network,click,0.9,0.0,True
usr-00562,jrn-01124,evt-0004128,2025-01-08 17:00:00+00:00,organic,seo-content,click,0.08,0.0,True
usr-00731,jrn-01463,evt-0005312,2025-01-08 18:00:00+00:00,email,lifecycle-email,click,0.04,0.0,True
usr-00279,jrn-00559,evt-0002076,2025-01-08 18:00:00+00:00,email,lifecycle-email,impression,0.0048,0.0,True
usr-00031,jrn-00063,evt-0000247,2025-01-08 20:00:00+00:00,display,display-retargeting,click,0.3,0.0,True
usr-00612,jrn-01224,evt-0004473,2025-01-08 21:00:00+00:00,organic,seo-content,click,0.08,0.0,True
usr-00557,jrn-01114,evt-0004096,2025-01-08 22:00:00+00:00,affiliate,partner-network,impression,0.108,0.0,True
usr-00562,jrn-01124,evt-0004129,2025-01-08 23:00:00+00:00,display,display-retargeting,click,0.3,0.0,True
usr-00088,jrn-00176,evt-0000668,2025-01-09 01:00:00+00:00,organic,seo-content,click,0.08,0.0,True
usr-00301,jrn-00602,evt-0002227,2025-01-09 02:00:00+00:00,email,lifecycle-email,impression,0.0048,0.0,True
usr-00115,jrn-00231,evt-0000864,2025-01-09 02:00:00+00:00,organic,seo-content,impression,0.0096,0.0,True
usr-00000,jrn-00000,evt-0000004,2025-01-09 02:00:00+00:00,paid_search,brand-search,click,1.2,0.0,True
usr-00666,jrn-01332,evt-0004863,2025-01-09 03:00:00+00:00,organic,seo-content,click,0.08,0.0,True
usr-00147,jrn-00294,evt-0001076,2025-01-09 09:00:00+00:00,email,lifecycle-email,click,0.04,0.0,True
usr-00253,jrn-00507,evt-0001884,2025-01-09 09:00:00+00:00,social,social-prospecting,click,0.65,0.0,True
usr-00666,jrn-01332,evt-0004865,2025-01-09 09:00:00+00:00,social,social-prospecting,click,0.65,0.0,False
usr-00753,jrn-01507,evt-0005487,2025-01-09 10:00:00+00:00,display,display-retargeting,click,0.3,0.0,True
usr-00557,jrn-01114,evt-0004097,2025-01-09 10:00:00+00:00,display,display-retargeting,click,0.3,0.0,True
usr-00556,jrn-01113,evt-0004092,2025-01-09 10:00:00+00:00,paid_search,brand-search,conversion,0.0,45.09,True
usr-00047,jrn-00094,evt-0000359,2025-01-09 11:00:00+00:00,organic,seo-content,click,0.08,0.0,True
usr-00741,jrn-01483,evt-0005399,2025-01-09 12:00:00+00:00,social,social-prospecting,conversion,0.0,86.34,True
usr-00523,jrn-01046,evt-0003846,2025-01-09 12:00:00+00:00,social,social-prospecting,impression,0.078,0.0,True
usr-00731,jrn-01463,evt-0005313,2025-01-09 13:00:00+00:00,display,display-retargeting,click,0.3,0.0,True
usr-00753,jrn-01507,evt-0005488,2025-01-09 13:00:00+00:00,paid_search,brand-search,click,1.2,0.0,True
usr-00172,jrn-00344,evt-0001277,2025-01-09 13:00:00+00:00,paid_search,brand-search,click,1.2,0.0,True
usr-00769,jrn-01539,evt-0005593,2025-01-09 14:00:00+00:00,paid_search,brand-search,impression,0.144,0.0,True
usr-00320,jrn-00641,evt-0002384,2025-01-09 14:00:00+00:00,organic,seo-content,click,0.08,0.0,True
usr-00374,jrn-00748,evt-0002774,2025-01-09 14:00:00+00:00,display,display-retargeting,click,0.3,0.0,True
usr-00166,jrn-00332,evt-0001220,2025-01-09 15:00:00+00:00,display,display-retargeting,click,0.3,0.0,True
usr-00115,jrn-00231,evt-0000865,2025-01-09 16:00:00+00:00,social,social-prospecting,impression,0.078,0.0,True
usr-00666,jrn-01332,evt-0004864,2025-01-09 16:00:00+00:00,paid_search,brand-search,impression,0.144,0.0,True
usr-00001,jrn-00003,evt-0000014,2025-01-09 17:00:00+00:00,paid_search,brand-search,click,1.2,0.0,True
usr-00166,jrn-00332,evt-0001221,2025-01-09 17:00:00+00:00,organic,seo-content,click,0.08,0.0,True
usr-00753,jrn-01507,evt-0005489,2025-01-09 18:00:00+00:00,social,social-prospecting,impression,0.078,0.0,True
usr-00468,jrn-00936,evt-0003462,2025-01-09 18:00:00+00:00,email,lifecycle-email,click,0.04,0.0,True
usr-00301,jrn-00602,evt-0002229,2025-01-09 18:00:00+00:00,affiliate,partner-network,impression,0.108,0.0,True
usr-00301,jrn-00602,evt-0002228,2025-01-09 19:00:00+00:00,display,display-retargeting,click,0.3,0.0,True
usr-00678,jrn-01356,evt-0004945,2025-01-09 20:00:00+00:00,email,lifecycle-email,click,0.04,0.0,False
usr-00301,jrn-00602,evt-0002230,2025-01-09 20:00:00+00:00,organic,seo-content,click,0.08,0.0,True
usr-00523,jrn-01046,evt-0003848,2025-01-09 22:00:00+00:00,display,display-retargeting,impression,0.036,0.0,True
usr-00731,jrn-01463,evt-0005314,2025-01-09 23:00:00+00:00,email,lifecycle-email,click,0.04,0.0,True
usr-00001,jrn-00003,evt-0000015,2025-01-10 00:00:00+00:00,display,display-retargeting,impression,0.036,0.0,True
usr-00678,jrn-01356,evt-0004946,2025-01-10 01:00:00+00:00,organic,seo-content,impression,0.0096,0.0,True
usr-00468,jrn-00936,evt-0003464,2025-01-10 02:00:00+00:00,display,display-retargeting,impression,0.036,0.0,True
usr-00047,jrn-00094,evt-0000360,2025-01-10 02:00:00+00:00,organic,seo-content,impression,0.0096,0.0,True
usr-00166,jrn-00332,evt-0001224,2025-01-10 03:00:00+00:00,social,social-prospecting,click,0.65,0.0,True
usr-00666,jrn-01332,evt-0004867,2025-01-10 03:00:00+00:00,affiliate,partner-network,impression,0.108,0.0,True
usr-00678,jrn-01356,evt-0004947,2025-01-10 04:00:00+00:00,email,lifecycle-email,impression,0.0048,0.0,True
usr-00678,jrn-01356,evt-0004948,2025-01-10 05:00:00+00:00,affiliate,partner-network,click,0.9,0.0,True
usr-00374,jrn-00748,evt-0002775,2025-01-10 05:00:00+00:00,organic,seo-content,impression,0.0096,0.0,True
usr-00047,jrn-00094,evt-0000361,2025-01-10 05:00:00+00:00,organic,seo-content,click,0.08,0.0,True
usr-00360,jrn-00720,evt-0002664,2025-01-10 06:00:00+00:00,affiliate,partner-network,click,0.9,0.0,True
usr-00301,jrn-00602,evt-0002231,2025-01-10 06:00:00+00:00,display,display-retargeting,impression,0.036,0.0,True
usr-00166,jrn-00332,evt-0001225,2025-01-10 06:00:00+00:00,affiliate,partner-network,click,0.9,0.0,True
usr-00450,jrn-00900,evt-0003320,2025-01-10 07:00:00+00:00,email,lifecycle-email,click,0.04,0.0,True
usr-00495,jrn-00990,evt-0003645,2025-01-10 08:00:00+00:00,social,social-prospecting,impression,0.078,0.0,True
usr-00292,jrn-00585,evt-0002158,2025-01-10 08:00:00+00:00,organic,seo-content,impression,0.0096,0.0,True
usr-00162,jrn-00325,evt-0001187,2025-01-10 09:00:00+00:00,organic,seo-content,click,0.08,0.0,True
usr-00001,jrn-00003,evt-0000016,2025-01-10 09:00:00+00:00,paid_search,brand-search,impression,0.144,0.0,True
usr-00468,jrn-00936,evt-0003463,2025-01-10 11:00:00+00:00,email,lifecycle-email,impression,0.0048,0.0,True
usr-00837,jrn-01674,evt-0006093,2025-01-10 13:00:00+00:00,display,display-retargeting,click,0.3,0.0,True
usr-00360,jrn-00720,evt-0002665,2025-01-10 15:00:00+00:00,social,social-prospecting,click,0.65,0.0,True
usr-00487,jrn-00974,evt-0003594,2025-01-10 15:00:00+00:00,affiliate,partner-network,click,0.9,0.0,True
usr-00166,jrn-00332,evt-0001222,2025-01-10 15:00:00+00:00,email,lifecycle-email,impression,0.0048,0.0,True
usr-00666,jrn-01332,evt-0004866,2025-01-10 15:00:00+00:00,display,display-retargeting,impression,0.036,0.0,True
usr-00162,jrn-00325,evt-0001190,2025-01-10 15:00:00+00:00,affiliate,partner-network,click,0.9,0.0,True
usr-00292,jrn-00585,evt-0002161,2025-01-10 17:00:00+00:00,organic,seo-content,click,0.08,0.0,True
usr-00638,jrn-01276,evt-0004683,2025-01-10 18:00:00+00:00,paid_search,brand-search,click,1.2,0.0,True
usr-00162,jrn-00325,evt-0001188,2025-01-10 18:00:00+00:00,affiliate,partner-network,impression,0.108,0.0,True
usr-00733,jrn-01466,evt-0005330,2025-01-10 19:00:00+00:00,social,social-prospecting,impression,0.078,0.0,True
usr-00339,jrn-00679,evt-0002516,2025-01-10 19:00:00+00:00,display,display-retargeting,impression,0.036,0.0,True
usr-00292,jrn-00585,evt-0002159,2025-01-10 21:00:00+00:00,organic,seo-content,click,0.08,0.0,True
usr-00837,jrn-01674,evt-0006097,2025-01-10 21:00:00+00:00,organic,seo-content,click,0.08,0.0,True
usr-00803,jrn-01607,evt-0005852,2025-01-10 22:00:00+00:00,email,lifecycle-email,impression,0.0048,0.0,True
usr-00047,jrn-00094,evt-0000364,2025-01-10 22:00:00+00:00,organic,seo-content,click,0.08,0.0,True
usr-00437,jrn-00874,evt-0003235,2025-01-10 23:00:00+00:00,display,display-retargeting,click,0.3,0.0,True
usr-00047,jrn-00094,evt-0000362,2025-01-10 23:00:00+00:00,display,display-retargeting,click,0.3,0.0,True
usr-00047,jrn-00094,evt-0000363,2025-01-10 23:00:00+00:00,email,lifecycle-email,impression,0.0048,0.0,True
usr-00166,jrn-00332,evt-0001223,2025-01-11 00:00:00+00:00,organic,seo-content,impression,0.0096,0.0,True
usr-00292,jrn-00585,evt-0002160,2025-01-11 02:00:00+00:00,display,display-retargeting,impression,0.036,0.0,True
usr-00437,jrn-00874,evt-0003236,2025-01-11 02:00:00+00:00,paid_search,brand-search,impression,0.144,0.0,True
usr-00665,jrn-01330,evt-0004858,2025-01-11 03:00:00+00:00,affiliate,partner-network,impression,0.108,0.0,True
usr-00638,jrn-01276,evt-0004684,2025-01-11 04:00:00+00:00,social,social-prospecting,click,0.65,0.0,True
usr-00837,jrn-01674,evt-0006094,2025-01-11 04:00:00+00:00,organic,seo-content,click,0.08,0.0,True
usr-00164,jrn-00328,evt-0001203,2025-01-11 04:00:00+00:00,organic,seo-content,impression,0.0096,0.0,True
usr-00301,jrn-00602,evt-0002232,2025-01-11 04:00:00+00:00,social,social-prospecting,click,0.65,0.0,True
usr-00753,jrn-01507,evt-0005490,2025-01-11 04:00:00+00:00,email,lifecycle-email,click,0.04,0.0,True
usr-00666,jrn-01332,evt-0004868,2025-01-11 05:00:00+00:00,affiliate,partner-network,impression,0.108,0.0,True
usr-00437,jrn-00874,evt-0003239,2025-01-11 07:00:00+00:00,display,display-retargeting,impression,0.036,0.0,True
usr-00793,jrn-01586,evt-0005771,2025-01-11 08:00:00+00:00,email,lifecycle-email,conversion,0.0,72.75,True
usr-00164,jrn-00328,evt-0001204,2025-01-11 08:00:00+00:00,email,lifecycle-email,impression,0.0048,0.0,False
usr-00468,jrn-00936,evt-0003465,2025-01-11 09:00:00+00:00,social,social-prospecting,click,0.65,0.0,True
usr-00837,jrn-01674,evt-0006096,2025-01-11 10:00:00+00:00,affiliate,partner-network,click,0.9,0.0,True
usr-00162,jrn-00325,evt-0001189,2025-01-11 11:00:00+00:00,paid_search,brand-search,impression,0.144,0.0,True
usr-00001,jrn-00003,evt-0000018,2025-01-11 13:00:00+00:00,affiliate,partner-network,click,0.9,0.0,True
usr-00874,jrn-01748,evt-0006355,2025-01-11 14:00:00+00:00,organic,seo-content,click,0.08,0.0,True
usr-00837,jrn-01674,evt-0006095,2025-01-11 15:00:00+00:00,social,social-prospecting,click,0.65,0.0,True
usr-00622,jrn-01244,evt-0004554,2025-01-11 15:00:00+00:00,paid_search,brand-search,click,1.2,0.0,True
usr-00665,jrn-01330,evt-0004859,2025-01-11 15:00:00+00:00,affiliate,partner-network,impression,0.108,0.0,True
usr-00858,jrn-01716,evt-0006242,2025-01-11 16:00:00+00:00,paid_search,brand-search,click,1.2,0.0,True
usr-00036,jrn-00073,evt-0000281,2025-01-11 16:00:00+00:00,email,lifecycle-email,impression,0.0048,0.0,True
usr-00887,jrn-01774,evt-0006453,2025-01-11 17:00:00+00:00,paid_search,brand-search,click,1.2,0.0,True
usr-00001,jrn-00003,evt-0000017,2025-01-11 17:00:00+00:00,social,social-prospecting,click,0.65,0.0,True
usr-00036,jrn-00073,evt-0000282,2025-01-11 19:00:00+00:00,email,lifecycle-email,click,0.04,0.0,True
usr-00600,jrn-01201,evt-0004395,2025-01-11 21:00:00+00:00,email,lifecycle-email,impression,0.0048,0.0,True
usr-00887,jrn-01774,evt-0006455,2025-01-11 21:00:00+00:00,social,social-prospecting,click,0.65,0.0,True
usr-00586,jrn-01172,evt-0004280,2025-01-11 21:00:00+00:00,paid_search,brand-search,click,1.2,0.0,True
usr-00887,jrn-01774,evt-0006454,2025-01-11 22:00:00+00:00,paid_search,brand-search,impression,0.144,0.0,True
usr-00665,jrn-01330,evt-0004860,2025-01-11 23:00:00+00:00,paid_search,brand-search,impression,0.144,0.0,True
usr-00586,jrn-01172,evt-0004281,2025-01-12 00:00:00+00:00,paid_search,brand-search,click,1.2,0.0,True
usr-00162,jrn-00325,evt-0001191,2025-01-12 01:00:00+00:00,social,social-prospecting,impression,0.078,0.0,True
usr-00036,jrn-00073,evt-0000283,2025-01-12 02:00:00+00:00,display,display-retargeting,click,0.3,0.0,True
usr-00874,jrn-01748,evt-0006356,2025-01-12 02:00:00+00:00,email,lifecycle-email,click,0.04,0.0,True
usr-00516,jrn-01033,evt-0003794,2025-01-12 02:00:00+00:00,paid_search,brand-search,impression,0.144,0.0,True
usr-00600,jrn-01201,evt-0004398,2025-01-12 03:00:00+00:00,paid_search,brand-search,impression,0.144,0.0,True
usr-00437,jrn-00874,evt-0003237,2025-01-12 03:00:00+00:00,paid_search,brand-search,click,1.2,0.0,True
usr-00164,jrn-00328,evt-0001205,2025-01-12 04:00:00+00:00,organic,seo-content,impression,0.0096,0.0,True
usr-00437,jrn-00874,evt-0003238,2025-01-12 05:00:00+00:00,organic,seo-content,impression,0.0096,0.0,True
usr-00622,jrn-01244,evt-0004555,2025-01-12 06:00:00+00:00,display,display-retargeting,click,0.3,0.0,True
usr-00162,jrn-00325,evt-0001192,2025-01-12 06:00:00+00:00,display,display-retargeting,click,0.3,0.0,True
usr-00468,jrn-00936,evt-0003466,2025-01-12 06:00:00+00:00,organic,seo-content,impression,0.0096,0.0,True
usr-00858,jrn-01716,evt-0006243,2025-01-12 07:00:00+00:00,email,lifecycle-email,impression,0.0048,0.0,True
usr-00777,jrn-01555,evt-0005648,2025-01-12 08:00:00+00:00,social,social-prospecting,click,0.65,0.0,True
usr-00287,jrn-00575,evt-0002124,2025-01-12 08:00:00+00:00,display,display-retargeting,impression,0.036,0.0,True
usr-00638,jrn-01277,evt-0004685,2025-01-12 11:00:00+00:00,email,lifecycle-email,impression,0.0048,0.0,True
usr-00516,jrn-01033,evt-0003795,2025-01-12 11:00:00+00:00,email,lifecycle-email,impression,0.0048,0.0,True
usr-00844,jrn-01688,evt-0006139,2025-01-12 11:00:00+00:00,display,display-retargeting,click,0.3,0.0,True
usr-00600,jrn-01201,evt-0004396,2025-01-12 13:00:00+00:00,social,social-prospecting,click,0.65,0.0,True
usr-00777,jrn-01555,evt-0005649,2025-01-12 16:00:00+00:00,display,display-retargeting,click,0.3,0.0,True
usr-00887,jrn-01774,evt-0006456,2025-01-12 17:00:00+00:00,organic,seo-content,impression,0.0096,0.0,True
usr-00379,jrn-00759,evt-0002808,2025-01-12 17:00:00+00:00,affiliate,partner-network,click,0.9,0.0,True
usr-00516,jrn-01033,evt-0003796,2025-01-12 18:00:00+00:00,organic,seo-content,click,0.08,0.0,True
usr-00337,jrn-00674,evt-0002499,2025-01-12 19:00:00+00:00,display,display-retargeting,click,0.3,0.0,True
usr-00874,jrn-01748,evt-0006357,2025-01-12 20:00:00+00:00,organic,seo-content,impression,0.0096,0.0,True
usr-00303,jrn-00607,evt-0002248,2025-01-12 20:00:00+00:00,email,lifecycle-email,impression,0.0048,0.0,True
usr-00379,jrn-00759,evt-0002809,2025-01-12 20:00:00+00:00,organic,seo-content,click,0.08,0.0,True
usr-00167,jrn-00335,evt-0001235,2025-01-12 20:00:00+00:00,email,lifecycle-email,click,0.04,0.0,True
usr-00600,jrn-01201,evt-0004397,2025-01-12 21:00:00+00:00,display,display-retargeting,click,0.3,0.0,True
usr-00844,jrn-01688,evt-0006140,2025-01-12 22:00:00+00:00,paid_search,brand-search,impression,0.144,0.0,True
usr-00379,jrn-00759,evt-0002810,2025-01-12 23:00:00+00:00,display,display-retargeting,impression,0.036,0.0,True
usr-00153,jrn-00306,evt-0001112,2025-01-12 23:00:00+00:00,email,lifecycle-email,click,0.04,0.0,True
usr-00337,jrn-00674,evt-0002500,2025-01-13 00:00:00+00:00,display,display-retargeting,impression,0.036,0.0,True
usr-00499,jrn-00998,evt-0003670,2025-01-13 01:00:00+00:00,display,display-retargeting,click,0.3,0.0,True
usr-00337,jrn-00674,evt-0002501,2025-01-13 01:00:00+00:00,organic,seo-content,impression,0.0096,0.0,True
usr-00303,jrn-00607,evt-0002249,2025-01-13 04:00:00+00:00,affiliate,partner-network,click,0.9,0.0,True
usr-00016,jrn-00032,evt-0000132,2025-01-13 04:00:00+00:00,organic,seo-content,click,0.08,0.0,True
usr-00777,jrn-01555,evt-0005653,2025-01-13 04:00:00+00:00,social,social-prospecting,impression,0.078,0.0,True
usr-00109,jrn-00219,evt-0000817,2025-01-13 06:00:00+00:00,paid_search,brand-search,click,1.2,0.0,True
usr-00167,jrn-00335,evt-0001237,2025-01-13 06:00:00+00:00,email,lifecycle-email,impression,0.0048,0.0,True
usr-00307,jrn-00614,evt-0002279,2025-01-13 08:00:00+00:00,display,display-retargeting,impression,0.036,0.0,True
usr-00235,jrn-00471,evt-0001735,2025-01-13 08:00:00+00:00,paid_search,brand-search,click,1.2,0.0,True
usr-00777,jrn-01555,evt-0005651,2025-01-13 08:00:00+00:00,email,lifecycle-email,click,0.04,0.0,True
usr-00410,jrn-00820,evt-0003045,2025-01-13 08:00:00+00:00,display,display-retargeting,click,0.3,0.0,True
usr-00180,jrn-00360,evt-0001328,2025-01-13 09:00:00+00:00,paid_search,brand-search,impression,0.144,0.0,True
usr-00153,jrn-00306,evt-0001113,2025-01-13 09:00:00+00:00,affiliate,partner-network,click,0.9,0.0,True
usr-00167,jrn-00335,evt-0001236,2025-01-13 09:00:00+00:00,social,social-prospecting,click,0.65,0.0,True
usr-00410,jrn-00820,evt-0003046,2025-01-13 10:00:00+00:00,paid_search,brand-search,impression,0.144,0.0,True
usr-00153,jrn-00306,evt-0001116,2025-01-13 11:00:00+00:00,display,display-retargeting,impression,0.036,0.0,True
usr-00365,jrn-00731,evt-0002712,2025-01-13 11:00:00+00:00,organic,seo-content,click,0.08,0.0,True
usr-00379,jrn-00759,evt-0002811,2025-01-13 11:00:00+00:00,affiliate,partner-network,impression,0.108,0.0,True
usr-00180,jrn-00360,evt-0001329,2025-01-13 12:00:00+00:00,display,display-retargeting,impression,0.036,0.0,True
usr-00410,jrn-00820,evt-0003047,2025-01-13 12:00:00+00:00,email,lifecycle-email,click,0.04,0.0,True
usr-00499,jrn-00998,evt-0003671,2025-01-13 12:00:00+00:00,paid_search,brand-search,click,1.2,0.0,True
usr-00307,jrn-00614,evt-0002280,2025-01-13 13:00:00+00:00,organic,seo-content,impression,0.0096,0.0,True
usr-00483,jrn-00967,evt-0003569,2025-01-13 14:00:00+00:00,affiliate,partner-network,click,0.9,0.0,True
usr-00235,jrn-00471,evt-0001738,2025-01-13 14:00:00+00:00,organic,seo-content,impression,0.0096,0.0,True
usr-00292,jrn-00585,evt-0002162,2025-01-13 14:00:00+00:00,organic,seo-content,conversion,0.0,38.79,True
usr-00235,jrn-00471,evt-0001736,2025-01-13 15:00:00+00:00,organic,seo-content,impression,0.0096,0.0,True
usr-00049,jrn-00098,evt-0000378,2025-01-13 15:00:00+00:00,display,display-retargeting,impression,0.036,0.0,True
usr-00777,jrn-01555,evt-0005650,2025-01-13 16:00:00+00:00,display,display-retargeting,click,0.3,0.0,True
usr-00235,jrn-00471,evt-0001737,2025-01-13 18:00:00+00:00,display,display-retargeting,impression,0.036,0.0,True
usr-00365,jrn-00731,evt-0002713,2025-01-13 18:00:00+00:00,organic,seo-content,impression,0.0096,0.0,True
usr-00217,jrn-00434,evt-0001600,2025-01-13 19:00:00+00:00,affiliate,partner-network,impression,0.108,0.0,True
usr-00109,jrn-00219,evt-0000819,2025-01-13 20:00:00+00:00,display,display-retargeting,click,0.3,0.0,True
usr-00410,jrn-00820,evt-0003049,2025-01-13 20:00:00+00:00,social,social-prospecting,click,0.65,0.0,True
usr-00419,jrn-00839,evt-0003111,2025-01-13 21:00:00+00:00,paid_search,brand-search,click,1.2,0.0,True
usr-00109,jrn-00219,evt-0000818,2025-01-13 21:00:00+00:00,paid_search,brand-search,click,1.2,0.0,True
usr-00423,jrn-00846,evt-0003135,2025-01-13 21:00:00+00:00,display,display-retargeting,click,0.3,0.0,True
usr-00777,jrn-01555,evt-0005652,2025-01-14 00:00:00+00:00,display,display-retargeting,impression,0.036,0.0,True
usr-00451,jrn-00903,evt-0003331,2025-01-14 00:00:00+00:00,organic,seo-content,click,0.08,0.0,True
usr-00238,jrn-00476,evt-0001753,2025-01-14 01:00:00+00:00,affiliate,partner-network,impression,0.108,0.0,True
usr-00419,jrn-00839,evt-0003112,2025-01-14 04:00:00+00:00,organic,seo-content,click,0.08,0.0,True
usr-00461,jrn-00923,evt-0003418,2025-01-14 04:00:00+00:00,paid_search,brand-search,impression,0.144,0.0,True
usr-00600,jrn-01201,evt-0004399,2025-01-14 05:00:00+00:00,organic,seo-content,click,0.08,0.0,True
usr-00419,jrn-00839,evt-0003113,2025-01-14 07:00:00+00:00,organic,seo-content,click,0.08,0.0,True
usr-00180,jrn-00360,evt-0001330,2025-01-14 07:00:00+00:00,social,social-prospecting,click,0.65,0.0,True
usr-00153,jrn-00306,evt-0001114,2025-01-14 07:00:00+00:00,display,display-retargeting,click,0.3,0.0,True
usr-00423,jrn-00846,evt-0003136,2025-01-14 11:00:00+00:00,paid_search,brand-search,click,1.2,0.0,True
usr-00397,jrn-00794,evt-0002947,2025-01-14 12:00:00+00:00,email,lifecycle-email,click,0.04,0.0,True
usr-00307,jrn-00614,evt-0002281,2025-01-14 14:00:00+00:00,paid_search,brand-search,impression,0.144,0.0,True
usr-00153,jrn-00306,evt-0001115,2025-01-14 14:00:00+00:00,social,social-prospecting,click,0.65,0.0,True
usr-00238,jrn-00476,evt-0001754,2025-01-14 14:00:00+00:00,paid_search,brand-search,click,1.2,0.0,True
usr-00238,jrn-00476,evt-0001755,2025-01-14 15:00:00+00:00,affiliate,partner-network,impression,0.108,0.0,True
usr-00238,jrn-00476,evt-0001756,2025-01-14 16:00:00+00:00,display,display-retargeting,impression,0.036,0.0,True
usr-00060,jrn-00120,evt-0000456,2025-01-14 16:00:00+00:00,affiliate,partner-network,click,0.9,0.0,True
usr-00217,jrn-00434,evt-0001601,2025-01-14 17:00:00+00:00,affiliate,partner-network,conversion,0.0,29.1,True
usr-00167,jrn-00335,evt-0001240,2025-01-14 17:00:00+00:00,organic,seo-content,click,0.08,0.0,True
usr-00109,jrn-00219,evt-0000820,2025-01-14 18:00:00+00:00,social,social-prospecting,impression,0.078,0.0,True
usr-00397,jrn-00794,evt-0002948,2025-01-14 19:00:00+00:00,email,lifecycle-email,impression,0.0048,0.0,True
usr-00003,jrn-00007,evt-0000030,2025-01-14 20:00:00+00:00,affiliate,partner-network,click,0.9,0.0,True
usr-00167,jrn-00335,evt-0001238,2025-01-14 20:00:00+00:00,paid_search,brand-search,click,1.2,0.0,True
usr-00180,jrn-00360,evt-0001331,2025-01-14 21:00:00+00:00,email,lifecycle-email,impression,0.0048,0.0,True
usr-00461,jrn-00923,evt-0003419,2025-01-14 21:00:00+00:00,organic,seo-content,impression,0.0096,0.0,True
usr-00423,jrn-00846,evt-0003140,2025-01-14 22:00:00+00:00,affiliate,partner-network,impression,0.108,0.0,True
usr-00361,jrn-00722,evt-0002669,2025-01-14 23:00:00+00:00,organic,seo-content,click,0.08,0.0,True
usr-00284,jrn-00568,evt-0002103,2025-01-14 23:00:00+00:00,social,social-prospecting,click,0.65,0.0,True
usr-00060,jrn-00120,evt-0000457,2025-01-15 00:00:00+00:00,display,display-retargeting,impression,0.036,0.0,True
usr-00167,jrn-00335,evt-0001239,2025-01-15 00:00:00+00:00,organic,seo-content,impression,0.0096,0.0,True
usr-00600,jrn-01201,evt-0004400,2025-01-15 00:00:00+00:00,affiliate,partner-network,impression,0.108,0.0,True
usr-00162,jrn-00325,evt-0001193,2025-01-15 01:00:00+00:00,display,display-retargeting,conversion,0.0,72.41,True
usr-00484,jrn-00968,evt-0003570,2025-01-15 04:00:00+00:00,affiliate,partner-network,click,0.9,0.0,True
usr-00423,jrn-00846,evt-0003137,2025-01-15 05:00:00+00:00,paid_search,brand-search,impression,0.144,0.0,True
usr-00204,jrn-00408,evt-0001493,2025-01-15 05:00:00+00:00,affiliate,partner-network,click,0.9,0.0,True
usr-00397,jrn-00794,evt-0002949,2025-01-15 06:00:00+00:00,email,lifecycle-email,impression,0.0048,0.0,True
usr-00060,jrn-00120,evt-0000458,2025-01-15 06:00:00+00:00,organic,seo-content,click,0.08,0.0,True
usr-00028,jrn-00056,evt-0000215,2025-01-15 07:00:00+00:00,display,display-retargeting,click,0.3,0.0,True
usr-00801,jrn-01603,evt-0005836,2025-01-15 08:00:00+00:00,email,lifecycle-email,click,0.04,0.0,True
usr-00226,jrn-00452,evt-0001666,2025-01-15 08:00:00+00:00,social,social-prospecting,impression,0.078,0.0,True
usr-00410,jrn-00820,evt-0003048,2025-01-15 08:00:00+00:00,social,social-prospecting,impression,0.078,0.0,True
usr-00204,jrn-00408,evt-0001494,2025-01-15 08:00:00+00:00,organic,seo-content,impression,0.0096,0.0,True
usr-00423,jrn-00846,evt-0003138,2025-01-15 12:00:00+00:00,paid_search,brand-search,click,1.2,0.0,True
usr-00484,jrn-00968,evt-0003572,2025-01-15 12:00:00+00:00,paid_search,brand-search,click,1.2,0.0,True
usr-00484,jrn-00968,evt-0003571,2025-01-15 12:00:00+00:00,social,social-prospecting,click,0.65,0.0,True
usr-00003,jrn-00007,evt-0000031,2025-01-15 12:00:00+00:00,paid_search,brand-search,click,1.2,0.0,True
usr-00025,jrn-00050,evt-0000193,2025-01-15 13:00:00+00:00,social,social-prospecting,click,0.65,0.0,True
usr-00291,jrn-00582,evt-0002145,2025-01-15 13:00:00+00:00,affiliate,partner-network,impression,0.108,0.0,True
usr-00397,jrn-00794,evt-0002952,2025-01-15 13:00:00+00:00,display,display-retargeting,impression,0.036,0.0,True
usr-00109,jrn-00219,evt-0000821,2025-01-15 14:00:00+00:00,social,social-prospecting,click,0.65,0.0,True
usr-00003,jrn-00007,evt-0000032,2025-01-15 14:00:00+00:00,display,display-retargeting,impression,0.036,0.0,True
usr-00284,jrn-00568,evt-0002104,2025-01-15 14:00:00+00:00,display,display-retargeting,impression,0.036,0.0,True
usr-00419,jrn-00839,evt-0003114,2025-01-15 15:00:00+00:00,display,display-retargeting,click,0.3,0.0,True
usr-00003,jrn-00007,evt-0000033,2025-01-15 17:00:00+00:00,paid_search,brand-search,click,1.2,0.0,True
usr-00072,jrn-00144,evt-0000545,2025-01-15 18:00:00+00:00,display,display-retargeting,click,0.3,0.0,True
usr-00025,jrn-00050,evt-0000194,2025-01-15 18:00:00+00:00,email,lifecycle-email,impression,0.0048,0.0,True
usr-00204,jrn-00408,evt-0001495,2025-01-15 19:00:00+00:00,organic,seo-content,click,0.08,0.0,True
usr-00397,jrn-00794,evt-0002951,2025-01-15 20:00:00+00:00,affiliate,partner-network,impression,0.108,0.0,True
usr-00801,jrn-01603,evt-0005837,2025-01-15 21:00:00+00:00,display,display-retargeting,click,0.3,0.0,True
usr-00072,jrn-00144,evt-0000546,2025-01-15 22:00:00+00:00,organic,seo-content,impression,0.0096,0.0,True
usr-00025,jrn-00050,evt-0000195,2025-01-15 23:00:00+00:00,display,display-retargeting,impression,0.036,0.0,True
usr-00801,jrn-01603,evt-0005839,2025-01-15 23:00:00+00:00,affiliate,partner-network,click,0.9,0.0,True
usr-00226,jrn-00452,evt-0001667,2025-01-16 00:00:00+00:00,affiliate,partner-network,click,0.9,0.0,True
usr-00619,jrn-01238,evt-0004530,2025-01-16 01:00:00+00:00,affiliate,partner-network,click,0.9,0.0,True
usr-00060,jrn-00120,evt-0000459,2025-01-16 01:00:00+00:00,display,display-retargeting,click,0.3,0.0,True
usr-00218,jrn-00436,evt-0001607,2025-01-16 02:00:00+00:00,display,display-retargeting,impression,0.036,0.0,True
usr-00226,jrn-00452,evt-0001669,2025-01-16 02:00:00+00:00,affiliate,partner-network,click,0.9,0.0,True
usr-00801,jrn-01603,evt-0005838,2025-01-16 02:00:00+00:00,email,lifecycle-email,impression,0.0048,0.0,True
usr-00284,jrn-00568,evt-0002105,2025-01-16 03:00:00+00:00,organic,seo-content,click,0.08,0.0,True
usr-00590,jrn-01181,evt-0004320,2025-01-16 04:00:00+00:00,affiliate,partner-network,click,0.9,0.0,True
usr-00284,jrn-00568,evt-0002106,2025-01-16 05:00:00+00:00,paid_search,brand-search,click,1.2,0.0,True
usr-00781,jrn-01562,evt-0005676,2025-01-16 06:00:00+00:00,paid_search,brand-search,click,1.2,0.0,True
usr-00291,jrn-00582,evt-0002146,2025-01-16 06:00:00+00:00,affiliate,partner-network,impression,0.108,0.0,True
usr-00218,jrn-00436,evt-0001608,2025-01-16 07:00:00+00:00,display,display-retargeting,click,0.3,0.0,True
usr-00619,jrn-01238,evt-0004531,2025-01-16 08:00:00+00:00,social,social-prospecting,click,0.65,0.0,True
usr-00781,jrn-01562,evt-0005677,2025-01-16 08:00:00+00:00,affiliate,partner-network,click,0.9,0.0,True
usr-00423,jrn-00846,evt-0003139,2025-01-16 09:00:00+00:00,paid_search,brand-search,impression,0.144,0.0,True
usr-00606,jrn-01212,evt-0004433,2025-01-16 09:00:00+00:00,social,social-prospecting,impression,0.078,0.0,True
usr-00003,jrn-00007,evt-0000034,2025-01-16 12:00:00+00:00,display,display-retargeting,click,0.3,0.0,True
usr-00397,jrn-00794,evt-0002950,2025-01-16 12:00:00+00:00,organic,seo-content,impression,0.0096,0.0,True
usr-00354,jrn-00709,evt-0002628,2025-01-16 12:00:00+00:00,organic,seo-content,impression,0.0096,0.0,True
usr-00226,jrn-00452,evt-0001668,2025-01-16 12:00:00+00:00,paid_search,brand-search,impression,0.144,0.0,True
usr-00025,jrn-00050,evt-0000196,2025-01-16 13:00:00+00:00,social,social-prospecting,click,0.65,0.0,True
usr-00280,jrn-00561,evt-0002078,2025-01-16 13:00:00+00:00,organic,seo-content,click,0.08,0.0,True
usr-00474,jrn-00949,evt-0003509,2025-01-16 14:00:00+00:00,social,social-prospecting,impression,0.078,0.0,True
usr-00072,jrn-00144,evt-0000547,2025-01-16 14:00:00+00:00,organic,seo-content,impression,0.0096,0.0,True
usr-00781,jrn-01562,evt-0005679,2025-01-16 15:00:00+00:00,paid_search,brand-search,click,1.2,0.0,True
usr-00484,jrn-00968,evt-0003573,2025-01-16 16:00:00+00:00,organic,seo-content,impression,0.0096,0.0,True
usr-00354,jrn-00709,evt-0002629,2025-01-16 17:00:00+00:00,social,social-prospecting,impression,0.078,0.0,True
usr-00166,jrn-00333,evt-0001226,2025-01-16 18:00:00+00:00,email,lifecycle-email,click,0.04,0.0,True
usr-00644,jrn-01289,evt-0004722,2025-01-16 20:00:00+00:00,social,social-prospecting,impression,0.078,0.0,True
usr-00354,jrn-00709,evt-0002632,2025-01-16 20:00:00+00:00,display,display-retargeting,click,0.3,0.0,True
usr-00218,jrn-00436,evt-0001609,2025-01-16 20:00:00+00:00,affiliate,partner-network,impression,0.108,0.0,True
usr-00619,jrn-01238,evt-0004532,2025-01-16 21:00:00+00:00,affiliate,partner-network,click,0.9,0.0,True
usr-00354,jrn-00709,evt-0002630,2025-01-16 22:00:00+00:00,organic,seo-content,impression,0.0096,0.0,True
usr-00072,jrn-00144,evt-0000548,2025-01-17 00:00:00+00:00,paid_search,brand-search,impression,0.144,0.0,True
usr-00280,jrn-00561,evt-0002079,2025-01-17 01:00:00+00:00,paid_search,brand-search,impression,0.144,0.0,True
usr-00218,jrn-00436,evt-0001611,2025-01-17 02:00:00+00:00,display,display-retargeting,impression,0.036,0.0,True
usr-00166,jrn-00333,evt-0001228,2025-01-17 02:00:00+00:00,organic,seo-content,click,0.08,0.0,True
usr-00845,jrn-01690,evt-0006143,2025-01-17 03:00:00+00:00,email,lifecycle-email,click,0.04,0.0,True
usr-00354,jrn-00709,evt-0002631,2025-01-17 03:00:00+00:00,email,lifecycle-email,impression,0.0048,0.0,True
usr-00474,jrn-00949,evt-0003510,2025-01-17 04:00:00+00:00,affiliate,partner-network,impression,0.108,0.0,True
usr-00158,jrn-00316,evt-0001156,2025-01-17 04:00:00+00:00,social,social-prospecting,impression,0.078,0.0,True
usr-00495,jrn-00991,evt-0003646,2025-01-17 09:00:00+00:00,paid_search,brand-search,impression,0.144,0.0,True
usr-00421,jrn-00843,evt-0003125,2025-01-17 10:00:00+00:00,affiliate,partner-network,click,0.9,0.0,True
usr-00107,jrn-00215,evt-0000806,2025-01-17 10:00:00+00:00,organic,seo-content,click,0.08,0.0,True
usr-00120,jrn-00241,evt-0000896,2025-01-17 11:00:00+00:00,social,social-prospecting,click,0.65,0.0,True
usr-00166,jrn-00333,evt-0001227,2025-01-17 11:00:00+00:00,paid_search,brand-search,click,1.2,0.0,True
usr-00495,jrn-00991,evt-0003647,2025-01-17 12:00:00+00:00,email,lifecycle-email,impression,0.0048,0.0,True
usr-00022,jrn-00044,evt-0000169,2025-01-17 12:00:00+00:00,affiliate,partner-network,impression,0.108,0.0,True
usr-00644,jrn-01289,evt-0004723,2025-01-17 12:00:00+00:00,paid_search,brand-search,click,1.2,0.0,True
usr-00158,jrn-00316,evt-0001157,2025-01-17 12:00:00+00:00,organic,seo-content,click,0.08,0.0,True
usr-00421,jrn-00843,evt-0003126,2025-01-17 13:00:00+00:00,social,social-prospecting,click,0.65,0.0,True
usr-00323,jrn-00646,evt-0002400,2025-01-17 14:00:00+00:00,paid_search,brand-search,click,1.2,0.0,True
usr-00781,jrn-01562,evt-0005678,2025-01-17 14:00:00+00:00,display,display-retargeting,click,0.3,0.0,True
usr-00204,jrn-00409,evt-0001496,2025-01-17 15:00:00+00:00,affiliate,partner-network,click,0.9,0.0,True
usr-00323,jrn-00646,evt-0002401,2025-01-17 16:00:00+00:00,email,lifecycle-email,impression,0.0048,0.0,True
usr-00845,jrn-01690,evt-0006144,2025-01-17 16:00:00+00:00,affiliate,partner-network,click,0.9,0.0,True
usr-00718,jrn-01437,evt-0005228,2025-01-17 16:00:00+00:00,paid_search,brand-search,click,1.2,0.0,True
usr-00280,jrn-00561,evt-0002080,2025-01-17 17:00:00+00:00,social,social-prospecting,impression,0.078,0.0,True
usr-00495,jrn-00991,evt-0003648,2025-01-17 17:00:00+00:00,affiliate,partner-network,click,0.9,0.0,True
usr-00693,jrn-01387,evt-0005060,2025-01-17 18:00:00+00:00,email,lifecycle-email,click,0.04,0.0,True
usr-00648,jrn-01297,evt-0004742,2025-01-17 20:00:00+00:00,email,lifecycle-email,impression,0.0048,0.0,True
usr-00204,jrn-00409,evt-0001499,2025-01-17 21:00:00+00:00,paid_search,brand-search,impression,0.144,0.0,True
usr-00107,jrn-00215,evt-0000807,2025-01-17 21:00:00+00:00,social,social-prospecting,click,0.65,0.0,True
usr-00877,jrn-01755,evt-0006384,2025-01-17 21:00:00+00:00,social,social-prospecting,click,0.65,0.0,True
usr-00022,jrn-00044,evt-0000170,2025-01-17 21:00:00+00:00,social,social-prospecting,click,0.65,0.0,True
usr-00474,jrn-00949,evt-0003511,2025-01-17 22:00:00+00:00,paid_search,brand-search,click,1.2,0.0,True
usr-00693,jrn-01387,evt-0005061,2025-01-17 23:00:00+00:00,social,social-prospecting,click,0.65,0.0,True
usr-00218,jrn-00436,evt-0001610,2025-01-17 23:00:00+00:00,paid_search,brand-search,impression,0.144,0.0,True
usr-00158,jrn-00316,evt-0001158,2025-01-18 00:00:00+00:00,affiliate,partner-network,click,0.9,0.0,True
usr-00204,jrn-00409,evt-0001497,2025-01-18 00:00:00+00:00,social,social-prospecting,click,0.65,0.0,True
usr-00280,jrn-00561,evt-0002081,2025-01-18 01:00:00+00:00,display,display-retargeting,impression,0.036,0.0,True
usr-00495,jrn-00991,evt-0003650,2025-01-18 01:00:00+00:00,display,display-retargeting,click,0.3,0.0,True
usr-00718,jrn-01437,evt-0005229,2025-01-18 02:00:00+00:00,email,lifecycle-email,click,0.04,0.0,True
usr-00120,jrn-00241,evt-0000897,2025-01-18 02:00:00+00:00,social,social-prospecting,impression,0.078,0.0,True
usr-00644,jrn-01289,evt-0004724,2025-01-18 02:00:00+00:00,display,display-retargeting,click,0.3,0.0,True
usr-00323,jrn-00646,evt-0002402,2025-01-18 02:00:00+00:00,email,lifecycle-email,impression,0.0048,0.0,True
usr-00072,jrn-00144,evt-0000549,2025-01-18 02:00:00+00:00,affiliate,partner-network,impression,0.108,0.0,True
usr-00510,jrn-01020,evt-0003742,2025-01-18 03:00:00+00:00,paid_search,brand-search,impression,0.144,0.0,True
usr-00226,jrn-00452,evt-0001670,2025-01-18 04:00:00+00:00,organic,seo-content,impression,0.0096,0.0,True
usr-00280,jrn-00561,evt-0002082,2025-01-18 05:00:00+00:00,email,lifecycle-email,click,0.04,0.0,True
usr-00120,jrn-00241,evt-0000898,2025-01-18 07:00:00+00:00,organic,seo-content,click,0.08,0.0,False
usr-00158,jrn-00316,evt-0001159,2025-01-18 07:00:00+00:00,display,display-retargeting,click,0.3,0.0,True
usr-00484,jrn-00968,evt-0003574,2025-01-18 07:00:00+00:00,organic,seo-content,conversion,0.0,182.84,True
usr-00877,jrn-01755,evt-0006385,2025-01-18 08:00:00+00:00,email,lifecycle-email,click,0.04,0.0,True
usr-00648,jrn-01297,evt-0004743,2025-01-18 08:00:00+00:00,paid_search,brand-search,click,1.2,0.0,True
usr-00845,jrn-01690,evt-0006145,2025-01-18 09:00:00+00:00,display,display-retargeting,click,0.3,0.0,True
usr-00495,jrn-00991,evt-0003649,2025-01-18 09:00:00+00:00,display,display-retargeting,click,0.3,0.0,True
usr-00421,jrn-00843,evt-0003127,2025-01-18 10:00:00+00:00,email,lifecycle-email,click,0.04,0.0,True
usr-00718,jrn-01437,evt-0005231,2025-01-18 10:00:00+00:00,social,social-prospecting,impression,0.078,0.0,True
usr-00022,jrn-00044,evt-0000172,2025-01-18 12:00:00+00:00,affiliate,partner-network,impression,0.108,0.0,True
usr-00022,jrn-00044,evt-0000173,2025-01-18 12:00:00+00:00,social,social-prospecting,impression,0.078,0.0,True
usr-00166,jrn-00333,evt-0001229,2025-01-18 15:00:00+00:00,display,display-retargeting,impression,0.036,0.0,True
usr-00204,jrn-00409,evt-0001498,2025-01-18 17:00:00+00:00,affiliate,partner-network,click,0.9,0.0,True
usr-00488,jrn-00976,evt-0003597,2025-01-18 17:00:00+00:00,paid_search,brand-search,impression,0.144,0.0,True
usr-00007,jrn-00014,evt-0000057,2025-01-18 18:00:00+00:00,social,social-prospecting,click,0.65,0.0,True
usr-00022,jrn-00044,evt-0000171,2025-01-18 18:00:00+00:00,paid_search,brand-search,impression,0.144,0.0,True
usr-00877,jrn-01755,evt-0006387,2025-01-18 18:00:00+00:00,organic,seo-content,click,0.08,0.0,True
usr-00022,jrn-00045,evt-0000174,2025-01-18 19:00:00+00:00,social,social-prospecting,click,0.65,0.0,True
usr-00598,jrn-01197,evt-0004383,2025-01-18 19:00:00+00:00,display,display-retargeting,impression,0.036,0.0,True
usr-00718,jrn-01437,evt-0005230,2025-01-18 20:00:00+00:00,email,lifecycle-email,click,0.04,0.0,True
usr-00871,jrn-01743,evt-0006338,2025-01-18 21:00:00+00:00,paid_search,brand-search,impression,0.144,0.0,True
usr-00022,jrn-00045,evt-0000175,2025-01-18 21:00:00+00:00,affiliate,partner-network,click,0.9,0.0,True
usr-00781,jrn-01562,evt-0005680,2025-01-18 22:00:00+00:00,display,display-retargeting,click,0.3,0.0,True
usr-00598,jrn-01197,evt-0004384,2025-01-18 22:00:00+00:00,organic,seo-content,click,0.08,0.0,True
usr-00872,jrn-01744,evt-0006343,2025-01-18 22:00:00+00:00,display,display-retargeting,click,0.3,0.0,True
usr-00204,jrn-00409,evt-0001500,2025-01-18 23:00:00+00:00,paid_search,brand-search,impression,0.144,0.0,True
usr-00488,jrn-00976,evt-0003598,2025-01-19 00:00:00+00:00,email,lifecycle-email,click,0.04,0.0,True
usr-00014,jrn-00028,evt-0000112,2025-01-19 01:00:00+00:00,paid_search,brand-search,impression,0.144,0.0,True
usr-00685,jrn-01370,evt-0004996,2025-01-19 02:00:00+00:00,display,display-retargeting,click,0.3,0.0,True
usr-00845,jrn-01690,evt-0006146,2025-01-19 03:00:00+00:00,social,social-prospecting,impression,0.078,0.0,True
usr-00107,jrn-00215,evt-0000808,2025-01-19 03:00:00+00:00,social,social-prospecting,conversion,0.0,116.3,True
usr-00530,jrn-01061,evt-0003902,2025-01-19 03:00:00+00:00,display,display-retargeting,click,0.3,0.0,True
usr-00068,jrn-00136,evt-0000519,2025-01-19 04:00:00+00:00,email,lifecycle-email,click,0.04,0.0,True
usr-00872,jrn-01744,evt-0006346,2025-01-19 04:00:00+00:00,paid_search,brand-search,click,1.2,0.0,True
usr-00871,jrn-01743,evt-0006342,2025-01-19 05:00:00+00:00,paid_search,brand-search,click,1.2,0.0,True
usr-00872,jrn-01744,evt-0006344,2025-01-19 05:00:00+00:00,email,lifecycle-email,click,0.04,0.0,True
usr-00871,jrn-01743,evt-0006339,2025-01-19 06:00:00+00:00,organic,seo-content,click,0.08,0.0,True
usr-00038,jrn-00077,evt-0000295,2025-01-19 06:00:00+00:00,social,social-prospecting,click,0.65,0.0,True
usr-00877,jrn-01755,evt-0006386,2025-01-19 07:00:00+00:00,affiliate,partner-network,click,0.9,0.0,True
usr-00072,jrn-00144,evt-0000550,2025-01-19 07:00:00+00:00,organic,seo-content,click,0.08,0.0,True
usr-00158,jrn-00316,evt-0001160,2025-01-19 08:00:00+00:00,organic,seo-content,click,0.08,0.0,True
usr-00484,jrn-00969,evt-0003575,2025-01-19 09:00:00+00:00,paid_search,brand-search,click,1.2,0.0,True
usr-00014,jrn-00028,evt-0000113,2025-01-19 09:00:00+00:00,affiliate,partner-network,impression,0.108,0.0,True
usr-00007,jrn-00014,evt-0000058,2025-01-19 09:00:00+00:00,social,social-prospecting,click,0.65,0.0,True
usr-00598,jrn-01197,evt-0004386,2025-01-19 10:00:00+00:00,paid_search,brand-search,impression,0.144,0.0,True
usr-00685,jrn-01370,evt-0004997,2025-01-19 10:00:00+00:00,organic,seo-content,click,0.08,0.0,True
usr-00022,jrn-00045,evt-0000177,2025-01-19 10:00:00+00:00,paid_search,brand-search,click,1.2,0.0,True
usr-00685,jrn-01370,evt-0004999,2025-01-19 11:00:00+00:00,paid_search,brand-search,click,1.2,0.0,True
usr-00484,jrn-00969,evt-0003576,2025-01-19 11:00:00+00:00,display,display-retargeting,impression,0.036,0.0,True
usr-00022,jrn-00045,evt-0000176,2025-01-19 11:00:00+00:00,organic,seo-content,click,0.08,0.0,True
usr-00598,jrn-01197,evt-0004385,2025-01-19 11:00:00+00:00,display,display-retargeting,click,0.3,0.0,True
usr-00877,jrn-01755,evt-0006388,2025-01-19 13:00:00+00:00,email,lifecycle-email,impression,0.0048,0.0,True
usr-00685,jrn-01370,evt-0004998,2025-01-19 14:00:00+00:00,email,lifecycle-email,click,0.04,0.0,True
usr-00639,jrn-01278,evt-0004686,2025-01-19 17:00:00+00:00,organic,seo-content,impression,0.0096,0.0,True
usr-00871,jrn-01743,evt-0006340,2025-01-19 19:00:00+00:00,email,lifecycle-email,click,0.04,0.0,True
usr-00068,jrn-00136,evt-0000521,2025-01-19 20:00:00+00:00,social,social-prospecting,click,0.65,0.0,True
usr-00068,jrn-00136,evt-0000520,2025-01-19 20:00:00+00:00,organic,seo-content,impression,0.0096,0.0,True
usr-00014,jrn-00028,evt-0000116,2025-01-19 21:00:00+00:00,paid_search,brand-search,click,1.2,0.0,True
usr-00384,jrn-00769,evt-0002847,2025-01-19 22:00:00+00:00,social,social-prospecting,click,0.65,0.0,True
usr-00038,jrn-00077,evt-0000296,2025-01-19 22:00:00+00:00,display,display-retargeting,click,0.3,0.0,True
usr-00177,jrn-00355,evt-0001314,2025-01-19 22:00:00+00:00,organic,seo-content,click,0.08,0.0,True
usr-00371,jrn-00743,evt-0002755,2025-01-19 22:00:00+00:00,paid_search,brand-search,click,1.2,0.0,True
usr-00014,jrn-00028,evt-0000114,2025-01-19 23:00:00+00:00,email,lifecycle-email,click,0.04,0.0,True
usr-00091,jrn-00182,evt-0000685,2025-01-20 01:00:00+00:00,social,social-prospecting,impression,0.078,0.0,True
usr-00639,jrn-01278,evt-0004687,2025-01-20 01:00:00+00:00,affiliate,partner-network,impression,0.108,0.0,True
usr-00872,jrn-01744,evt-0006345,2025-01-20 02:00:00+00:00,email,lifecycle-email,click,0.04,0.0,True
usr-00488,jrn-00976,evt-0003599,2025-01-20 03:00:00+00:00,email,lifecycle-email,impression,0.0048,0.0,True
usr-00371,jrn-00743,evt-0002756,2025-01-20 03:00:00+00:00,social,social-prospecting,impression,0.078,0.0,True
usr-00007,jrn-00014,evt-0000059,2025-01-20 04:00:00+00:00,paid_search,brand-search,impression,0.144,0.0,True
usr-00091,jrn-00182,evt-0000687,2025-01-20 05:00:00+00:00,paid_search,brand-search,click,1.2,0.0,True
usr-00038,jrn-00077,evt-0000298,2025-01-20 06:00:00+00:00,social,social-prospecting,impression,0.078,0.0,True
usr-00068,jrn-00136,evt-0000522,2025-01-20 07:00:00+00:00,email,lifecycle-email,click,0.04,0.0,True
usr-00091,jrn-00182,evt-0000688,2025-01-20 07:00:00+00:00,affiliate,partner-network,impression,0.108,0.0,True
usr-00091,jrn-00182,evt-0000686,2025-01-20 08:00:00+00:00,email,lifecycle-email,click,0.04,0.0,True
usr-00177,jrn-00355,evt-0001316,2025-01-20 08:00:00+00:00,paid_search,brand-search,impression,0.144,0.0,True
usr-00038,jrn-00077,evt-0000297,2025-01-20 08:00:00+00:00,paid_search,brand-search,impression,0.144,0.0,True
usr-00251,jrn-00503,evt-0001865,2025-01-20 08:00:00+00:00,social,social-prospecting,click,0.65,0.0,True
usr-00346,jrn-00693,evt-0002567,2025-01-20 09:00:00+00:00,paid_search,brand-search,impression,0.144,0.0,True
usr-00371,jrn-00743,evt-0002757,2025-01-20 10:00:00+00:00,email,lifecycle-email,impression,0.0048,0.0,True
usr-00685,jrn-01370,evt-0005000,2025-01-20 10:00:00+00:00,email,lifecycle-email,impression,0.0048,0.0,True
usr-00182,jrn-00365,evt-0001348,2025-01-20 12:00:00+00:00,display,display-retargeting,impression,0.036,0.0,True
usr-00158,jrn-00316,evt-0001161,2025-01-20 12:00:00+00:00,paid_search,brand-search,click,1.2,0.0,True
usr-00063,jrn-00127,evt-0000477,2025-01-20 12:00:00+00:00,affiliate,partner-network,click,0.9,0.0,True
usr-00346,jrn-00693,evt-0002568,2025-01-20 13:00:00+00:00,display,display-retargeting,impression,0.036,0.0,True
usr-00251,jrn-00503,evt-0001867,2025-01-20 14:00:00+00:00,paid_search,brand-search,impression,0.144,0.0,True
usr-00177,jrn-00355,evt-0001315,2025-01-20 14:00:00+00:00,display,display-retargeting,click,0.3,0.0,True
usr-00068,jrn-00136,evt-0000523,2025-01-20 16:00:00+00:00,social,social-prospecting,impression,0.078,0.0,True
usr-00871,jrn-01743,evt-0006341,2025-01-20 18:00:00+00:00,display,display-retargeting,impression,0.036,0.0,True
usr-00063,jrn-00127,evt-0000478,2025-01-20 18:00:00+00:00,email,lifecycle-email,click,0.04,0.0,True
usr-00346,jrn-00693,evt-0002572,2025-01-20 19:00:00+00:00,affiliate,partner-network,impression,0.108,0.0,True
usr-00186,jrn-00373,evt-0001377,2025-01-20 20:00:00+00:00,paid_search,brand-search,click,1.2,0.0,True
usr-00063,jrn-00127,evt-0000481,2025-01-20 20:00:00+00:00,email,lifecycle-email,click,0.04,0.0,True
usr-00362,jrn-00725,evt-0002681,2025-01-20 21:00:00+00:00,affiliate,partner-network,impression,0.108,0.0,True
usr-00014,jrn-00028,evt-0000115,2025-01-20 22:00:00+00:00,email,lifecycle-email,click,0.04,0.0,True
usr-00251,jrn-00503,evt-0001866,2025-01-20 23:00:00+00:00,social,social-prospecting,click,0.65,0.0,True
usr-00502,jrn-01005,evt-0003698,2025-01-20 23:00:00+00:00,display,display-retargeting,click,0.3,0.0,True
usr-00192,jrn-00385,evt-0001426,2025-01-21 01:00:00+00:00,email,lifecycle-email,click,0.04,0.0,True
usr-00186,jrn-00373,evt-0001378,2025-01-21 02:00:00+00:00,paid_search,brand-search,click,1.2,0.0,True
usr-00022,jrn-00045,evt-0000179,2025-01-21 02:00:00+00:00,social,social-prospecting,click,0.65,0.0,True
usr-00703,jrn-01406,evt-0005114,2025-01-21 03:00:00+00:00,affiliate,partner-network,click,0.9,0.0,True
usr-00578,jrn-01157,evt-0004237,2025-01-21 03:00:00+00:00,paid_search,brand-search,impression,0.144,0.0,True
usr-00362,jrn-00725,evt-0002683,2025-01-21 03:00:00+00:00,organic,seo-content,click,0.08,0.0,True
usr-00456,jrn-00913,evt-0003368,2025-01-21 04:00:00+00:00,display,display-retargeting,impression,0.036,0.0,True
usr-00601,jrn-01203,evt-0004403,2025-01-21 04:00:00+00:00,organic,seo-content,click,0.08,0.0,True
usr-00192,jrn-00385,evt-0001427,2025-01-21 04:00:00+00:00,organic,seo-content,impression,0.0096,0.0,True
usr-00371,jrn-00743,evt-0002758,2025-01-21 04:00:00+00:00,affiliate,partner-network,impression,0.108,0.0,True
usr-00117,jrn-00235,evt-0000874,2025-01-21 04:00:00+00:00,social,social-prospecting,click,0.65,0.0,True
usr-00362,jrn-00725,evt-0002682,2025-01-21 06:00:00+00:00,organic,seo-content,click,0.08,0.0,True
usr-00850,jrn-01701,evt-0006181,2025-01-21 07:00:00+00:00,affiliate,partner-network,impression,0.108,0.0,True
usr-00692,jrn-01384,evt-0005051,2025-01-21 09:00:00+00:00,social,social-prospecting,impression,0.078,0.0,True
usr-00346,jrn-00693,evt-0002569,2025-01-21 09:00:00+00:00,social,social-prospecting,click,0.65,0.0,True
usr-00346,jrn-00693,evt-0002570,2025-01-21 09:00:00+00:00,affiliate,partner-network,impression,0.108,0.0,True
usr-00063,jrn-00127,evt-0000480,2025-01-21 09:00:00+00:00,social,social-prospecting,impression,0.078,0.0,True
usr-00063,jrn-00127,evt-0000479,2025-01-21 10:00:00+00:00,social,social-prospecting,click,0.65,0.0,True
usr-00578,jrn-01157,evt-0004241,2025-01-21 11:00:00+00:00,paid_search,brand-search,click,1.2,0.0,True
usr-00022,jrn-00045,evt-0000178,2025-01-21 11:00:00+00:00,affiliate,partner-network,click,0.9,0.0,True
usr-00011,jrn-00022,evt-0000091,2025-01-21 11:00:00+00:00,social,social-prospecting,click,0.65,0.0,True
usr-00117,jrn-00235,evt-0000875,2025-01-21 12:00:00+00:00,display,display-retargeting,impression,0.036,0.0,True
usr-00011,jrn-00022,evt-0000092,2025-01-21 13:00:00+00:00,email,lifecycle-email,click,0.04,0.0,True
usr-00186,jrn-00373,evt-0001379,2025-01-21 14:00:00+00:00,affiliate,partner-network,click,0.9,0.0,True
usr-00850,jrn-01701,evt-0006182,2025-01-21 14:00:00+00:00,affiliate,partner-network,impression,0.108,0.0,True
usr-00456,jrn-00913,evt-0003369,2025-01-21 15:00:00+00:00,email,lifecycle-email,impression,0.0048,0.0,True
usr-00578,jrn-01157,evt-0004239,2025-01-21 15:00:00+00:00,paid_search,brand-search,impression,0.144,0.0,True
usr-00601,jrn-01203,evt-0004404,2025-01-21 15:00:00+00:00,email,lifecycle-email,impression,0.0048,0.0,True
usr-00456,jrn-00913,evt-0003370,2025-01-21 16:00:00+00:00,organic,seo-content,impression,0.0096,0.0,True
usr-00877,jrn-01755,evt-0006389,2025-01-21 16:00:00+00:00,email,lifecycle-email,conversion,0.0,37.21,True
usr-00578,jrn-01157,evt-0004238,2025-01-21 16:00:00+00:00,paid_search,brand-search,click,1.2,0.0,True
usr-00542,jrn-01085,evt-0003991,2025-01-21 17:00:00+00:00,display,display-retargeting,impression,0.036,0.0,True
usr-00703,jrn-01406,evt-0005115,2025-01-21 18:00:00+00:00,email,lifecycle-email,impression,0.0048,0.0,True
usr-00601,jrn-01203,evt-0004405,2025-01-21 18:00:00+00:00,paid_search,brand-search,impression,0.144,0.0,True
usr-00872,jrn-01744,evt-0006347,2025-01-21 18:00:00+00:00,social,social-prospecting,click,0.65,0.0,True
usr-00251,jrn-00503,evt-0001870,2025-01-21 19:00:00+00:00,organic,seo-content,click,0.08,0.0,True
usr-00409,jrn-00819,evt-0003040,2025-01-21 19:00:00+00:00,paid_search,brand-search,click,1.2,0.0,True
usr-00578,jrn-01157,evt-0004240,2025-01-21 21:00:00+00:00,social,social-prospecting,click,0.65,0.0,True
usr-00354,jrn-00708,evt-0002623,2025-01-21 21:00:00+00:00,affiliate,partner-network,click,0.9,0.0,True
usr-00251,jrn-00503,evt-0001868,2025-01-21 23:00:00+00:00,paid_search,brand-search,impression,0.144,0.0,True
usr-00692,jrn-01384,evt-0005052,2025-01-21 23:00:00+00:00,email,lifecycle-email,impression,0.0048,0.0,True
usr-00616,jrn-01232,evt-0004509,2025-01-22 01:00:00+00:00,affiliate,partner-network,click,0.9,0.0,True
usr-00703,jrn-01406,evt-0005116,2025-01-22 01:00:00+00:00,email,lifecycle-email,click,0.04,0.0,True
usr-00409,jrn-00819,evt-0003044,2025-01-22 03:00:00+00:00,social,social-prospecting,click,0.65,0.0,True
usr-00542,jrn-01085,evt-0003992,2025-01-22 03:00:00+00:00,paid_search,brand-search,click,1.2,0.0,True
usr-00533,jrn-01066,evt-0003914,2025-01-22 03:00:00+00:00,organic,seo-content,impression,0.0096,0.0,True
usr-00251,jrn-00503,evt-0001869,2025-01-22 04:00:00+00:00,affiliate,partner-network,impression,0.108,0.0,True
usr-00409,jrn-00819,evt-0003041,2025-01-22 04:00:00+00:00,social,social-prospecting,click,0.65,0.0,True
usr-00149,jrn-00299,evt-0001088,2025-01-22 05:00:00+00:00,social,social-prospecting,click,0.65,0.0,True
usr-00888,jrn-01777,evt-0006466,2025-01-22 05:00:00+00:00,organic,seo-content,impression,0.0096,0.0,True
usr-00354,jrn-00708,evt-0002627,2025-01-22 05:00:00+00:00,affiliate,partner-network,click,0.9,0.0,True
usr-00533,jrn-01066,evt-0003915,2025-01-22 06:00:00+00:00,social,social-prospecting,click,0.65,0.0,True
usr-00354,jrn-00708,evt-0002624,2025-01-22 06:00:00+00:00,paid_search,brand-search,impression,0.144,0.0,True
usr-00888,jrn-01777,evt-0006467,2025-01-22 08:00:00+00:00,paid_search,brand-search,click,1.2,0.0,True
usr-00533,jrn-01066,evt-0003917,2025-01-22 09:00:00+00:00,affiliate,partner-network,impression,0.108,0.0,True
usr-00870,jrn-01741,evt-0006333,2025-01-22 13:00:00+00:00,paid_search,brand-search,click,1.2,0.0,True
usr-00492,jrn-00985,evt-0003629,2025-01-22 13:00:00+00:00,display,display-retargeting,click,0.3,0.0,True
usr-00529,jrn-01058,evt-0003888,2025-01-22 14:00:00+00:00,email,lifecycle-email,click,0.04,0.0,True
usr-00371,jrn-00743,evt-0002759,2025-01-22 14:00:00+00:00,social,social-prospecting,click,0.65,0.0,True
usr-00011,jrn-00022,evt-0000093,2025-01-22 15:00:00+00:00,affiliate,partner-network,click,0.9,0.0,True
usr-00542,jrn-01085,evt-0003993,2025-01-22 15:00:00+00:00,display,display-retargeting,impression,0.036,0.0,True
usr-00585,jrn-01170,evt-0004275,2025-01-22 16:00:00+00:00,social,social-prospecting,impression,0.078,0.0,True
usr-00354,jrn-00708,evt-0002625,2025-01-22 17:00:00+00:00,organic,seo-content,impression,0.0096,0.0,True
usr-00287,jrn-00574,evt-0002120,2025-01-22 17:00:00+00:00,social,social-prospecting,impression,0.078,0.0,True
usr-00346,jrn-00693,evt-0002571,2025-01-22 17:00:00+00:00,organic,seo-content,click,0.08,0.0,True
usr-00403,jrn-00806,evt-0002991,2025-01-22 17:00:00+00:00,social,social-prospecting,click,0.65,0.0,True
usr-00870,jrn-01741,evt-0006335,2025-01-22 17:00:00+00:00,display,display-retargeting,click,0.3,0.0,True
usr-00354,jrn-00708,evt-0002626,2025-01-22 18:00:00+00:00,display,display-retargeting,click,0.3,0.0,False
usr-00044,jrn-00089,evt-0000335,2025-01-22 18:00:00+00:00,paid_search,brand-search,impression,0.144,0.0,True
usr-00616,jrn-01232,evt-0004510,2025-01-22 18:00:00+00:00,email,lifecycle-email,click,0.04,0.0,True
usr-00409,jrn-00819,evt-0003042,2025-01-22 19:00:00+00:00,email,lifecycle-email,impression,0.0048,0.0,True
usr-00529,jrn-01058,evt-0003891,2025-01-22 20:00:00+00:00,affiliate,partner-network,click,0.9,0.0,True
usr-00529,jrn-01058,evt-0003889,2025-01-22 20:00:00+00:00,paid_search,brand-search,click,1.2,0.0,True
usr-00149,jrn-00299,evt-0001093,2025-01-22 20:00:00+00:00,email,lifecycle-email,impression,0.0048,0.0,True
usr-00870,jrn-01741,evt-0006334,2025-01-22 21:00:00+00:00,organic,seo-content,impression,0.0096,0.0,True
usr-00492,jrn-00985,evt-0003630,2025-01-22 21:00:00+00:00,social,social-prospecting,click,0.65,0.0,True
usr-00690,jrn-01380,evt-0005039,2025-01-22 21:00:00+00:00,social,social-prospecting,impression,0.078,0.0,True
usr-00287,jrn-00574,evt-0002121,2025-01-22 21:00:00+00:00,display,display-retargeting,click,0.3,0.0,True
usr-00149,jrn-00299,evt-0001089,2025-01-22 21:00:00+00:00,affiliate,partner-network,impression,0.108,0.0,True
usr-00090,jrn-00180,evt-0000679,2025-01-22 22:00:00+00:00,paid_search,brand-search,impression,0.144,0.0,True
usr-00044,jrn-00089,evt-0000336,2025-01-22 22:00:00+00:00,social,social-prospecting,impression,0.078,0.0,True
usr-00403,jrn-00806,evt-0002994,2025-01-22 23:00:00+00:00,organic,seo-content,click,0.08,0.0,True
usr-00362,jrn-00725,evt-0002684,2025-01-23 00:00:00+00:00,display,display-retargeting,impression,0.036,0.0,True
usr-00287,jrn-00574,evt-0002122,2025-01-23 01:00:00+00:00,paid_search,brand-search,impression,0.144,0.0,True
usr-00585,jrn-01170,evt-0004276,2025-01-23 01:00:00+00:00,organic,seo-content,click,0.08,0.0,True
usr-00044,jrn-00089,evt-0000339,2025-01-23 02:00:00+00:00,affiliate,partner-network,click,0.9,0.0,True
usr-00090,jrn-00180,evt-0000680,2025-01-23 03:00:00+00:00,organic,seo-content,click,0.08,0.0,True
usr-00884,jrn-01768,evt-0006430,2025-01-23 03:00:00+00:00,affiliate,partner-network,impression,0.108,0.0,True
usr-00028,jrn-00057,evt-0000216,2025-01-23 03:00:00+00:00,social,social-prospecting,impression,0.078,0.0,False
usr-00129,jrn-00259,evt-0000955,2025-01-23 04:00:00+00:00,paid_search,brand-search,click,1.2,0.0,True
usr-00533,jrn-01066,evt-0003916,2025-01-23 05:00:00+00:00,email,lifecycle-email,impression,0.0048,0.0,True
usr-00616,jrn-01232,evt-0004511,2025-01-23 05:00:00+00:00,organic,seo-content,impression,0.0096,0.0,True
usr-00403,jrn-00806,evt-0002992,2025-01-23 05:00:00+00:00,social,social-prospecting,click,0.65,0.0,True
usr-00703,jrn-01406,evt-0005117,2025-01-23 06:00:00+00:00,social,social-prospecting,impression,0.078,0.0,True
usr-00601,jrn-01203,evt-0004406,2025-01-23 07:00:00+00:00,paid_search,brand-search,impression,0.144,0.0,True
usr-00464,jrn-00928,evt-0003433,2025-01-23 07:00:00+00:00,social,social-prospecting,click,0.65,0.0,True
usr-00403,jrn-00806,evt-0002993,2025-01-23 07:00:00+00:00,organic,seo-content,impression,0.0096,0.0,True
usr-00585,jrn-01170,evt-0004277,2025-01-23 08:00:00+00:00,affiliate,partner-network,click,0.9,0.0,False
usr-00403,jrn-00806,evt-0002995,2025-01-23 09:00:00+00:00,affiliate,partner-network,impression,0.108,0.0,True
usr-00492,jrn-00985,evt-0003631,2025-01-23 09:00:00+00:00,social,social-prospecting,click,0.65,0.0,True
usr-00063,jrn-00127,evt-0000482,2025-01-23 10:00:00+00:00,email,lifecycle-email,click,0.04,0.0,True
usr-00529,jrn-01058,evt-0003892,2025-01-23 10:00:00+00:00,organic,seo-content,click,0.08,0.0,True
usr-00884,jrn-01768,evt-0006432,2025-01-23 11:00:00+00:00,organic,seo-content,impression,0.0096,0.0,True
usr-00690,jrn-01380,evt-0005041,2025-01-23 11:00:00+00:00,paid_search,brand-search,impression,0.144,0.0,True
usr-00793,jrn-01587,evt-0005772,2025-01-23 12:00:00+00:00,social,social-prospecting,click,0.65,0.0,True
usr-00690,jrn-01380,evt-0005040,2025-01-23 12:00:00+00:00,display,display-retargeting,click,0.3,0.0,True
usr-00149,jrn-00299,evt-0001090,2025-01-23 13:00:00+00:00,organic,seo-content,impression,0.0096,0.0,True
usr-00884,jrn-01768,evt-0006431,2025-01-23 13:00:00+00:00,social,social-prospecting,impression,0.078,0.0,True
usr-00129,jrn-00259,evt-0000956,2025-01-23 13:00:00+00:00,display,display-retargeting,click,0.3,0.0,True
usr-00296,jrn-00593,evt-0002187,2025-01-23 13:00:00+00:00,organic,seo-content,click,0.08,0.0,True
usr-00149,jrn-00299,evt-0001091,2025-01-23 14:00:00+00:00,display,display-retargeting,click,0.3,0.0,True
usr-00044,jrn-00089,evt-0000338,2025-01-23 15:00:00+00:00,email,lifecycle-email,impression,0.0048,0.0,True
usr-00028,jrn-00057,evt-0000219,2025-01-23 15:00:00+00:00,paid_search,brand-search,click,1.2,0.0,True
usr-00742,jrn-01484,evt-0005400,2025-01-23 15:00:00+00:00,display,display-retargeting,impression,0.036,0.0,True
usr-00028,jrn-00057,evt-0000217,2025-01-23 15:00:00+00:00,affiliate,partner-network,click,0.9,0.0,True
usr-00044,jrn-00089,evt-0000337,2025-01-23 16:00:00+00:00,affiliate,partner-network,click,0.9,0.0,True
usr-00036,jrn-00072,evt-0000278,2025-01-23 16:00:00+00:00,display,display-retargeting,click,0.3,0.0,True
usr-00090,jrn-00180,evt-0000681,2025-01-23 16:00:00+00:00,affiliate,partner-network,click,0.9,0.0,True
usr-00529,jrn-01058,evt-0003890,2025-01-23 16:00:00+00:00,email,lifecycle-email,impression,0.0048,0.0,True
usr-00296,jrn-00593,evt-0002188,2025-01-23 18:00:00+00:00,display,display-retargeting,click,0.3,0.0,True
usr-00643,jrn-01287,evt-0004715,2025-01-23 19:00:00+00:00,email,lifecycle-email,impression,0.0048,0.0,True
usr-00534,jrn-01069,evt-0003927,2025-01-23 20:00:00+00:00,display,display-retargeting,click,0.3,0.0,True
usr-00601,jrn-01203,evt-0004407,2025-01-23 20:00:00+00:00,display,display-retargeting,impression,0.036,0.0,True
usr-00058,jrn-00117,evt-0000444,2025-01-23 20:00:00+00:00,affiliate,partner-network,click,0.9,0.0,True
usr-00296,jrn-00593,evt-0002191,2025-01-23 21:00:00+00:00,social,social-prospecting,impression,0.078,0.0,True
usr-00129,jrn-00259,evt-0000957,2025-01-23 22:00:00+00:00,paid_search,brand-search,click,1.2,0.0,True
usr-00409,jrn-00819,evt-0003043,2025-01-23 22:00:00+00:00,social,social-prospecting,click,0.65,0.0,True
usr-00533,jrn-01066,evt-0003918,2025-01-23 23:00:00+00:00,email,lifecycle-email,impression,0.0048,0.0,True
usr-00464,jrn-00928,evt-0003435,2025-01-23 23:00:00+00:00,email,lifecycle-email,impression,0.0048,0.0,True
usr-00643,jrn-01287,evt-0004717,2025-01-23 23:00:00+00:00,affiliate,partner-network,impression,0.108,0.0,True
usr-00464,jrn-00928,evt-0003434,2025-01-23 23:00:00+00:00,email,lifecycle-email,click,0.04,0.0,False
usr-00036,jrn-00072,evt-0000279,2025-01-23 23:00:00+00:00,social,social-prospecting,click,0.65,0.0,True
usr-00534,jrn-01069,evt-0003928,2025-01-24 00:00:00+00:00,affiliate,partner-network,click,0.9,0.0,True
usr-00036,jrn-00072,evt-0000280,2025-01-24 02:00:00+00:00,display,display-retargeting,click,0.3,0.0,True
usr-00742,jrn-01484,evt-0005403,2025-01-24 03:00:00+00:00,organic,seo-content,impression,0.0096,0.0,True
usr-00028,jrn-00057,evt-0000218,2025-01-24 03:00:00+00:00,organic,seo-content,click,0.08,0.0,True
usr-00742,jrn-01484,evt-0005401,2025-01-24 04:00:00+00:00,paid_search,brand-search,click,1.2,0.0,True
usr-00643,jrn-01287,evt-0004716,2025-01-24 04:00:00+00:00,display,display-retargeting,click,0.3,0.0,True
usr-00742,jrn-01484,evt-0005405,2025-01-24 06:00:00+00:00,social,social-prospecting,impression,0.078,0.0,True
usr-00058,jrn-00117,evt-0000449,2025-01-24 06:00:00+00:00,social,social-prospecting,impression,0.078,0.0,True
usr-00703,jrn-01406,evt-0005118,2025-01-24 06:00:00+00:00,social,social-prospecting,conversion,0.0,105.66,True
usr-00643,jrn-01287,evt-0004718,2025-01-24 07:00:00+00:00,social,social-prospecting,click,0.65,0.0,True
usr-00542,jrn-01085,evt-0003994,2025-01-24 07:00:00+00:00,display,display-retargeting,conversion,0.0,74.7,True
usr-00048,jrn-00096,evt-0000369,2025-01-24 08:00:00+00:00,organic,seo-content,impression,0.0096,0.0,True
usr-00359,jrn-00719,evt-0002661,2025-01-24 08:00:00+00:00,affiliate,partner-network,click,0.9,0.0,True
usr-00296,jrn-00593,evt-0002189,2025-01-24 09:00:00+00:00,email,lifecycle-email,click,0.04,0.0,True
usr-00149,jrn-00299,evt-0001092,2025-01-24 09:00:00+00:00,organic,seo-content,impression,0.0096,0.0,True
usr-00690,jrn-01380,evt-0005042,2025-01-24 09:00:00+00:00,affiliate,partner-network,impression,0.108,0.0,True
usr-00359,jrn-00719,evt-0002662,2025-01-24 10:00:00+00:00,display,display-retargeting,impression,0.036,0.0,True
usr-00028,jrn-00057,evt-0000220,2025-01-24 11:00:00+00:00,email,lifecycle-email,impression,0.0048,0.0,True
usr-00287,jrn-00574,evt-0002123,2025-01-24 11:00:00+00:00,email,lifecycle-email,impression,0.0048,0.0,True
usr-00058,jrn-00117,evt-0000445,2025-01-24 12:00:00+00:00,social,social-prospecting,click,0.65,0.0,True
usr-00742,jrn-01484,evt-0005402,2025-01-24 15:00:00+00:00,affiliate,partner-network,click,0.9,0.0,True
usr-00058,jrn-00117,evt-0000446,2025-01-24 16:00:00+00:00,paid_search,brand-search,impression,0.144,0.0,True
usr-00534,jrn-01069,evt-0003929,2025-01-24 16:00:00+00:00,organic,seo-content,click,0.08,0.0,True
usr-00690,jrn-01380,evt-0005043,2025-01-24 17:00:00+00:00,affiliate,partner-network,impression,0.108,0.0,True
usr-00585,jrn-01170,evt-0004278,2025-01-24 19:00:00+00:00,paid_search,brand-search,impression,0.144,0.0,True
usr-00296,jrn-00593,evt-0002190,2025-01-24 19:00:00+00:00,organic,seo-content,click,0.08,0.0,True
usr-00359,jrn-00719,evt-0002663,2025-01-24 20:00:00+00:00,social,social-prospecting,impression,0.078,0.0,True
usr-00797,jrn-01595,evt-0005806,2025-01-24 22:00:00+00:00,display,display-retargeting,click,0.3,0.0,True
usr-00048,jrn-00096,evt-0000370,2025-01-24 23:00:00+00:00,email,lifecycle-email,click,0.04,0.0,False
usr-00048,jrn-00096,evt-0000374,2025-01-24 23:00:00+00:00,affiliate,partner-network,click,0.9,0.0,True
usr-00048,jrn-00096,evt-0000373,2025-01-25 00:00:00+00:00,affiliate,partner-network,click,0.9,0.0,True
usr-00375,jrn-00751,evt-0002783,2025-01-25 03:00:00+00:00,display,display-retargeting,impression,0.036,0.0,True
usr-00264,jrn-00528,evt-0001969,2025-01-25 03:00:00+00:00,display,display-retargeting,click,0.3,0.0,True
usr-00048,jrn-00096,evt-0000371,2025-01-25 04:00:00+00:00,affiliate,partner-network,click,0.9,0.0,True
usr-00642,jrn-01284,evt-0004704,2025-01-25 06:00:00+00:00,social,social-prospecting,impression,0.078,0.0,True
usr-00096,jrn-00193,evt-0000718,2025-01-25 06:00:00+00:00,organic,seo-content,click,0.08,0.0,True
usr-00464,jrn-00928,evt-0003436,2025-01-25 07:00:00+00:00,email,lifecycle-email,click,0.04,0.0,True
usr-00264,jrn-00528,evt-0001970,2025-01-25 07:00:00+00:00,social,social-prospecting,impression,0.078,0.0,True
usr-00797,jrn-01595,evt-0005808,2025-01-25 08:00:00+00:00,affiliate,partner-network,impression,0.108,0.0,True
usr-00534,jrn-01069,evt-0003930,2025-01-25 11:00:00+00:00,organic,seo-content,impression,0.0096,0.0,True
usr-00797,jrn-01595,evt-0005807,2025-01-25 11:00:00+00:00,email,lifecycle-email,impression,0.0048,0.0,True
usr-00096,jrn-00193,evt-0000719,2025-01-25 14:00:00+00:00,display,display-retargeting,click,0.3,0.0,True
usr-00058,jrn-00117,evt-0000447,2025-01-25 14:00:00+00:00,social,social-prospecting,impression,0.078,0.0,True
usr-00642,jrn-01284,evt-0004706,2025-01-25 14:00:00+00:00,display,display-retargeting,click,0.3,0.0,True
usr-00742,jrn-01484,evt-0005404,2025-01-25 15:00:00+00:00,paid_search,brand-search,click,1.2,0.0,True
usr-00419,jrn-00838,evt-0003107,2025-01-25 16:00:00+00:00,social,social-prospecting,click,0.65,0.0,True
usr-00558,jrn-01117,evt-0004103,2025-01-25 18:00:00+00:00,organic,seo-content,click,0.08,0.0,True
usr-00096,jrn-00193,evt-0000720,2025-01-25 18:00:00+00:00,affiliate,partner-network,click,0.9,0.0,True
usr-00797,jrn-01595,evt-0005811,2025-01-25 18:00:00+00:00,email,lifecycle-email,click,0.04,0.0,True
usr-00797,jrn-01595,evt-0005809,2025-01-25 19:00:00+00:00,social,social-prospecting,impression,0.078,0.0,True
usr-00019,jrn-00038,evt-0000153,2025-01-25 20:00:00+00:00,email,lifecycle-email,click,0.04,0.0,True
usr-00542,jrn-01084,evt-0003990,2025-01-25 22:00:00+00:00,display,display-retargeting,impression,0.036,0.0,True
usr-00642,jrn-01284,evt-0004705,2025-01-25 23:00:00+00:00,display,display-retargeting,impression,0.036,0.0,True
usr-00879,jrn-01758,evt-0006393,2025-01-25 23:00:00+00:00,paid_search,brand-search,click,1.2,0.0,True
usr-00674,jrn-01349,evt-0004916,2025-01-25 23:00:00+00:00,display,display-retargeting,impression,0.036,0.0,True
usr-00768,jrn-01536,evt-0005583,2025-01-26 00:00:00+00:00,social,social-prospecting,click,0.65,0.0,True
usr-00398,jrn-00796,evt-0002954,2025-01-26 01:00:00+00:00,paid_search,brand-search,click,1.2,0.0,True
usr-00019,jrn-00038,evt-0000155,2025-01-26 02:00:00+00:00,organic,seo-content,click,0.08,0.0,True
usr-00096,jrn-00193,evt-0000721,2025-01-26 03:00:00+00:00,organic,seo-content,impression,0.0096,0.0,True
usr-00637,jrn-01275,evt-0004677,2025-01-26 04:00:00+00:00,organic,seo-content,impression,0.0096,0.0,True
usr-00725,jrn-01450,evt-0005265,2025-01-26 05:00:00+00:00,organic,seo-content,impression,0.0096,0.0,True
usr-00419,jrn-00838,evt-0003108,2025-01-26 06:00:00+00:00,paid_search,brand-search,click,1.2,0.0,True
usr-00264,jrn-00528,evt-0001971,2025-01-26 07:00:00+00:00,display,display-retargeting,click,0.3,0.0,True
usr-00048,jrn-00096,evt-0000372,2025-01-26 08:00:00+00:00,social,social-prospecting,impression,0.078,0.0,True
usr-00019,jrn-00038,evt-0000157,2025-01-26 08:00:00+00:00,affiliate,partner-network,click,0.9,0.0,True
usr-00058,jrn-00117,evt-0000448,2025-01-26 08:00:00+00:00,organic,seo-content,click,0.08,0.0,True
usr-00398,jrn-00796,evt-0002958,2025-01-26 09:00:00+00:00,paid_search,brand-search,impression,0.144,0.0,True
usr-00398,jrn-00796,evt-0002957,2025-01-26 10:00:00+00:00,display,display-retargeting,click,0.3,0.0,True
usr-00019,jrn-00038,evt-0000154,2025-01-26 10:00:00+00:00,social,social-prospecting,click,0.65,0.0,True
usr-00637,jrn-01275,evt-0004681,2025-01-26 12:00:00+00:00,affiliate,partner-network,click,0.9,0.0,True
usr-00398,jrn-00796,evt-0002955,2025-01-26 14:00:00+00:00,email,lifecycle-email,click,0.04,0.0,True
usr-00764,jrn-01529,evt-0005555,2025-01-26 15:00:00+00:00,affiliate,partner-network,click,0.9,0.0,True
usr-00637,jrn-01275,evt-0004678,2025-01-26 15:00:00+00:00,paid_search,brand-search,click,1.2,0.0,True
usr-00838,jrn-01677,evt-0006106,2025-01-26 17:00:00+00:00,social,social-prospecting,click,0.65,0.0,True
usr-00594,jrn-01188,evt-0004347,2025-01-26 18:00:00+00:00,social,social-prospecting,click,0.65,0.0,True
usr-00625,jrn-01251,evt-0004577,2025-01-26 19:00:00+00:00,paid_search,brand-search,impression,0.144,0.0,True
usr-00419,jrn-00838,evt-0003109,2025-01-26 20:00:00+00:00,social,social-prospecting,impression,0.078,0.0,True
usr-00838,jrn-01677,evt-0006108,2025-01-26 21:00:00+00:00,organic,seo-content,impression,0.0096,0.0,True
usr-00626,jrn-01252,evt-0004580,2025-01-26 21:00:00+00:00,email,lifecycle-email,click,0.04,0.0,True
usr-00764,jrn-01529,evt-0005556,2025-01-26 22:00:00+00:00,social,social-prospecting,click,0.65,0.0,True
usr-00684,jrn-01369,evt-0004995,2025-01-26 23:00:00+00:00,affiliate,partner-network,click,0.9,0.0,True
usr-00764,jrn-01529,evt-0005557,2025-01-26 23:00:00+00:00,paid_search,brand-search,impression,0.144,0.0,True
usr-00637,jrn-01275,evt-0004679,2025-01-27 00:00:00+00:00,organic,seo-content,click,0.08,0.0,True
usr-00398,jrn-00796,evt-0002956,2025-01-27 01:00:00+00:00,organic,seo-content,impression,0.0096,0.0,True
usr-00625,jrn-01251,evt-0004578,2025-01-27 01:00:00+00:00,organic,seo-content,click,0.08,0.0,True
usr-00797,jrn-01595,evt-0005810,2025-01-27 02:00:00+00:00,paid_search,brand-search,impression,0.144,0.0,True
usr-00686,jrn-01373,evt-0005013,2025-01-27 02:00:00+00:00,paid_search,brand-search,impression,0.144,0.0,True
usr-00471,jrn-00943,evt-0003483,2025-01-27 02:00:00+00:00,social,social-prospecting,click,0.65,0.0,False
usr-00534,jrn-01069,evt-0003931,2025-01-27 04:00:00+00:00,organic,seo-content,conversion,0.0,53.4,True
usr-00359,jrn-00718,evt-0002660,2025-01-27 04:00:00+00:00,paid_search,brand-search,click,1.2,0.0,True
usr-00322,jrn-00645,evt-0002399,2025-01-27 04:00:00+00:00,affiliate,partner-network,click,0.9,0.0,True
usr-00626,jrn-01252,evt-0004581,2025-01-27 04:00:00+00:00,social,social-prospecting,click,0.65,0.0,True
usr-00838,jrn-01677,evt-0006107,2025-01-27 04:00:00+00:00,affiliate,partner-network,click,0.9,0.0,True
usr-00838,jrn-01677,evt-0006109,2025-01-27 05:00:00+00:00,social,social-prospecting,click,0.65,0.0,True
usr-00428,jrn-00856,evt-0003173,2025-01-27 05:00:00+00:00,affiliate,partner-network,impression,0.108,0.0,True
usr-00061,jrn-00122,evt-0000466,2025-01-27 06:00:00+00:00,display,display-retargeting,impression,0.036,0.0,True
usr-00594,jrn-01188,evt-0004348,2025-01-27 07:00:00+00:00,email,lifecycle-email,impression,0.0048,0.0,True
usr-00127,jrn-00255,evt-0000943,2025-01-27 09:00:00+00:00,paid_search,brand-search,impression,0.144,0.0,True
usr-00428,jrn-00856,evt-0003174,2025-01-27 10:00:00+00:00,social,social-prospecting,impression,0.078,0.0,True
usr-00134,jrn-00269,evt-0000981,2025-01-27 11:00:00+00:00,display,display-retargeting,click,0.3,0.0,True
usr-00528,jrn-01057,evt-0003887,2025-01-27 13:00:00+00:00,social,social-prospecting,click,0.65,0.0,True
usr-00686,jrn-01373,evt-0005014,2025-01-27 14:00:00+00:00,email,lifecycle-email,click,0.04,0.0,True
usr-00625,jrn-01251,evt-0004579,2025-01-27 15:00:00+00:00,affiliate,partner-network,click,0.9,0.0,True
usr-00471,jrn-00943,evt-0003484,2025-01-27 15:00:00+00:00,organic,seo-content,impression,0.0096,0.0,True
usr-00448,jrn-00897,evt-0003311,2025-01-27 16:00:00+00:00,email,lifecycle-email,impression,0.0048,0.0,True
usr-00019,jrn-00038,evt-0000156,2025-01-27 17:00:00+00:00,organic,seo-content,impression,0.0096,0.0,True
usr-00873,jrn-01746,evt-0006351,2025-01-27 18:00:00+00:00,social,social-prospecting,impression,0.078,0.0,True
usr-00594,jrn-01188,evt-0004349,2025-01-27 18:00:00+00:00,social,social-prospecting,click,0.65,0.0,True
usr-00127,jrn-00255,evt-0000946,2025-01-27 18:00:00+00:00,email,lifecycle-email,click,0.04,0.0,True
usr-00419,jrn-00838,evt-0003110,2025-01-27 19:00:00+00:00,social,social-prospecting,click,0.65,0.0,True
usr-00428,jrn-00856,evt-0003175,2025-01-27 21:00:00+00:00,affiliate,partner-network,click,0.9,0.0,True
usr-00127,jrn-00255,evt-0000945,2025-01-27 21:00:00+00:00,email,lifecycle-email,click,0.04,0.0,True
usr-00317,jrn-00635,evt-0002361,2025-01-28 01:00:00+00:00,paid_search,brand-search,impression,0.144,0.0,True
usr-00127,jrn-00255,evt-0000944,2025-01-28 02:00:00+00:00,display,display-retargeting,click,0.3,0.0,True
usr-00637,jrn-01275,evt-0004680,2025-01-28 04:00:00+00:00,social,social-prospecting,click,0.65,0.0,True
usr-00194,jrn-00389,evt-0001435,2025-01-28 04:00:00+00:00,paid_search,brand-search,impression,0.144,0.0,True
usr-00498,jrn-00997,evt-0003665,2025-01-28 04:00:00+00:00,social,social-prospecting,impression,0.078,0.0,True
usr-00838,jrn-01677,evt-0006110,2025-01-28 05:00:00+00:00,social,social-prospecting,click,0.65,0.0,True
usr-00389,jrn-00778,evt-0002871,2025-01-28 05:00:00+00:00,social,social-prospecting,impression,0.078,0.0,True
usr-00448,jrn-00897,evt-0003313,2025-01-28 06:00:00+00:00,social,social-prospecting,impression,0.078,0.0,True
usr-00201,jrn-00402,evt-0001473,2025-01-28 06:00:00+00:00,social,social-prospecting,click,0.65,0.0,True
usr-00448,jrn-00897,evt-0003312,2025-01-28 06:00:00+00:00,organic,seo-content,impression,0.0096,0.0,False
usr-00317,jrn-00635,evt-0002364,2025-01-28 07:00:00+00:00,email,lifecycle-email,impression,0.0048,0.0,True
usr-00317,jrn-00635,evt-0002362,2025-01-28 07:00:00+00:00,affiliate,partner-network,impression,0.108,0.0,True
usr-00552,jrn-01104,evt-0004067,2025-01-28 08:00:00+00:00,paid_search,brand-search,impression,0.144,0.0,True
usr-00594,jrn-01188,evt-0004350,2025-01-28 12:00:00+00:00,email,lifecycle-email,impression,0.0048,0.0,True
usr-00498,jrn-00997,evt-0003668,2025-01-28 13:00:00+00:00,email,lifecycle-email,click,0.04,0.0,True
usr-00317,jrn-00635,evt-0002363,2025-01-28 13:00:00+00:00,affiliate,partner-network,click,0.9,0.0,True
usr-00725,jrn-01451,evt-0005266,2025-01-28 13:00:00+00:00,affiliate,partner-network,impression,0.108,0.0,True
usr-00498,jrn-00997,evt-0003666,2025-01-28 14:00:00+00:00,paid_search,brand-search,impression,0.144,0.0,True
usr-00498,jrn-00997,evt-0003667,2025-01-28 14:00:00+00:00,affiliate,partner-network,click,0.9,0.0,True
usr-00725,jrn-01451,evt-0005267,2025-01-28 15:00:00+00:00,email,lifecycle-email,click,0.04,0.0,False
usr-00121,jrn-00243,evt-0000900,2025-01-28 17:00:00+00:00,organic,seo-content,click,0.08,0.0,True
usr-00427,jrn-00854,evt-0003166,2025-01-28 18:00:00+00:00,display,display-retargeting,impression,0.036,0.0,True
usr-00764,jrn-01529,evt-0005558,2025-01-28 18:00:00+00:00,display,display-retargeting,click,0.3,0.0,True
usr-00389,jrn-00778,evt-0002872,2025-01-28 19:00:00+00:00,social,social-prospecting,impression,0.078,0.0,True
usr-00427,jrn-00854,evt-0003167,2025-01-28 21:00:00+00:00,display,display-retargeting,impression,0.036,0.0,True
usr-00043,jrn-00087,evt-0000325,2025-01-28 21:00:00+00:00,display,display-retargeting,click,0.3,0.0,True
usr-00048,jrn-00096,evt-0000375,2025-01-28 22:00:00+00:00,affiliate,partner-network,conversion,0.0,69.37,True
usr-00201,jrn-00402,evt-0001474,2025-01-28 23:00:00+00:00,social,social-prospecting,click,0.65,0.0,True
usr-00317,jrn-00635,evt-0002365,2025-01-29 01:00:00+00:00,social,social-prospecting,click,0.65,0.0,True
usr-00344,jrn-00688,evt-0002544,2025-01-29 01:00:00+00:00,email,lifecycle-email,click,0.04,0.0,True
usr-00043,jrn-00087,evt-0000326,2025-01-29 01:00:00+00:00,social,social-prospecting,click,0.65,0.0,True
usr-00835,jrn-01671,evt-0006084,2025-01-29 01:00:00+00:00,display,display-retargeting,impression,0.036,0.0,True
usr-00427,jrn-00854,evt-0003170,2025-01-29 02:00:00+00:00,email,lifecycle-email,click,0.04,0.0,True
usr-00201,jrn-00402,evt-0001475,2025-01-29 04:00:00+00:00,organic,seo-content,impression,0.0096,0.0,True
usr-00398,jrn-00796,evt-0002959,2025-01-29 04:00:00+00:00,paid_search,brand-search,impression,0.144,0.0,True
usr-00835,jrn-01670,evt-0006080,2025-01-29 04:00:00+00:00,display,display-retargeting,click,0.3,0.0,True
usr-00127,jrn-00255,evt-0000947,2025-01-29 05:00:00+00:00,paid_search,brand-search,click,1.2,0.0,True
usr-00743,jrn-01487,evt-0005414,2025-01-29 06:00:00+00:00,social,social-prospecting,impression,0.078,0.0,True
usr-00427,jrn-00854,evt-0003169,2025-01-29 06:00:00+00:00,organic,seo-content,click,0.08,0.0,True
usr-00389,jrn-00778,evt-0002875,2025-01-29 09:00:00+00:00,email,lifecycle-email,click,0.04,0.0,True
usr-00121,jrn-00243,evt-0000901,2025-01-29 09:00:00+00:00,paid_search,brand-search,impression,0.144,0.0,True
usr-00436,jrn-00872,evt-0003230,2025-01-29 10:00:00+00:00,affiliate,partner-network,click,0.9,0.0,True
usr-00835,jrn-01670,evt-0006083,2025-01-29 10:00:00+00:00,affiliate,partner-network,click,0.9,0.0,True
usr-00835,jrn-01671,evt-0006087,2025-01-29 10:00:00+00:00,paid_search,brand-search,impression,0.144,0.0,True
usr-00389,jrn-00778,evt-0002873,2025-01-29 11:00:00+00:00,social,social-prospecting,impression,0.078,0.0,True
usr-00835,jrn-01670,evt-0006082,2025-01-29 12:00:00+00:00,affiliate,partner-network,impression,0.108,0.0,True
usr-00448,jrn-00897,evt-0003314,2025-01-29 13:00:00+00:00,affiliate,partner-network,impression,0.108,0.0,True
usr-00046,jrn-00092,evt-0000349,2025-01-29 13:00:00+00:00,email,lifecycle-email,impression,0.0048,0.0,True
usr-00860,jrn-01720,evt-0006260,2025-01-29 14:00:00+00:00,social,social-prospecting,impression,0.078,0.0,True
usr-00835,jrn-01670,evt-0006081,2025-01-29 14:00:00+00:00,paid_search,brand-search,click,1.2,0.0,True
usr-00389,jrn-00778,evt-0002874,2025-01-29 14:00:00+00:00,email,lifecycle-email,click,0.04,0.0,True
usr-00344,jrn-00688,evt-0002545,2025-01-29 16:00:00+00:00,paid_search,brand-search,click,1.2,0.0,True
usr-00528,jrn-01056,evt-0003885,2025-01-29 16:00:00+00:00,affiliate,partner-network,impression,0.108,0.0,True
usr-00835,jrn-01671,evt-0006085,2025-01-29 16:00:00+00:00,email,lifecycle-email,click,0.04,0.0,True
usr-00389,jrn-00778,evt-0002876,2025-01-29 16:00:00+00:00,email,lifecycle-email,click,0.04,0.0,True
usr-00121,jrn-00243,evt-0000903,2025-01-29 17:00:00+00:00,social,social-prospecting,click,0.65,0.0,True
usr-00019,jrn-00038,evt-0000158,2025-01-29 17:00:00+00:00,affiliate,partner-network,conversion,0.0,123.49,True
usr-00710,jrn-01420,evt-0005162,2025-01-29 17:00:00+00:00,organic,seo-content,click,0.08,0.0,True
usr-00637,jrn-01275,evt-0004682,2025-01-29 17:00:00+00:00,organic,seo-content,impression,0.0096,0.0,True
usr-00121,jrn-00243,evt-0000904,2025-01-29 17:00:00+00:00,email,lifecycle-email,impression,0.0048,0.0,True
usr-00743,jrn-01487,evt-0005415,2025-01-29 19:00:00+00:00,email,lifecycle-email,click,0.04,0.0,True
usr-00835,jrn-01671,evt-0006086,2025-01-29 19:00:00+00:00,display,display-retargeting,click,0.3,0.0,True
usr-00046,jrn-00092,evt-0000350,2025-01-29 20:00:00+00:00,social,social-prospecting,click,0.65,0.0,True
usr-00725,jrn-01451,evt-0005268,2025-01-29 21:00:00+00:00,affiliate,partner-network,impression,0.108,0.0,True
usr-00127,jrn-00255,evt-0000948,2025-01-29 21:00:00+00:00,paid_search,brand-search,impression,0.144,0.0,True
usr-00043,jrn-00087,evt-0000329,2025-01-29 21:00:00+00:00,organic,seo-content,impression,0.0096,0.0,False
usr-00860,jrn-01720,evt-0006261,2025-01-29 22:00:00+00:00,email,lifecycle-email,click,0.04,0.0,True
usr-00743,jrn-01487,evt-0005416,2025-01-29 22:00:00+00:00,social,social-prospecting,click,0.65,0.0,True
usr-00185,jrn-00370,evt-0001365,2025-01-29 23:00:00+00:00,display,display-retargeting,click,0.3,0.0,True
usr-00121,jrn-00243,evt-0000902,2025-01-29 23:00:00+00:00,email,lifecycle-email,impression,0.0048,0.0,True
usr-00046,jrn-00092,evt-0000351,2025-01-30 01:00:00+00:00,paid_search,brand-search,click,1.2,0.0,True
usr-00488,jrn-00977,evt-0003600,2025-01-30 01:00:00+00:00,paid_search,brand-search,impression,0.144,0.0,True
usr-00043,jrn-00087,evt-0000327,2025-01-30 01:00:00+00:00,email,lifecycle-email,click,0.04,0.0,True
usr-00193,jrn-00387,evt-0001429,2025-01-30 02:00:00+00:00,paid_search,brand-search,click,1.2,0.0,True
usr-00590,jrn-01180,evt-0004316,2025-01-30 02:00:00+00:00,display,display-retargeting,impression,0.036,0.0,True
usr-00427,jrn-00854,evt-0003168,2025-01-30 04:00:00+00:00,social,social-prospecting,impression,0.078,0.0,True
usr-00710,jrn-01420,evt-0005165,2025-01-30 05:00:00+00:00,affiliate,partner-network,click,0.9,0.0,True
usr-00073,jrn-00147,evt-0000560,2025-01-30 06:00:00+00:00,paid_search,brand-search,click,1.2,0.0,True
usr-00590,jrn-01180,evt-0004317,2025-01-30 06:00:00+00:00,display,display-retargeting,impression,0.036,0.0,True
usr-00710,jrn-01420,evt-0005163,2025-01-30 06:00:00+00:00,organic,seo-content,impression,0.0096,0.0,True
usr-00344,jrn-00688,evt-0002546,2025-01-30 07:00:00+00:00,organic,seo-content,impression,0.0096,0.0,True
usr-00860,jrn-01720,evt-0006263,2025-01-30 08:00:00+00:00,affiliate,partner-network,click,0.9,0.0,True
usr-00528,jrn-01056,evt-0003886,2025-01-30 08:00:00+00:00,social,social-prospecting,click,0.65,0.0,True
usr-00185,jrn-00370,evt-0001366,2025-01-30 09:00:00+00:00,display,display-retargeting,click,0.3,0.0,True
usr-00860,jrn-01720,evt-0006262,2025-01-30 10:00:00+00:00,paid_search,brand-search,click,1.2,0.0,True
usr-00344,jrn-00688,evt-0002547,2025-01-30 10:00:00+00:00,email,lifecycle-email,click,0.04,0.0,True
usr-00193,jrn-00387,evt-0001433,2025-01-30 10:00:00+00:00,affiliate,partner-network,impression,0.108,0.0,True
usr-00185,jrn-00370,evt-0001367,2025-01-30 11:00:00+00:00,email,lifecycle-email,click,0.04,0.0,True
usr-00054,jrn-00109,evt-0000414,2025-01-30 13:00:00+00:00,social,social-prospecting,click,0.65,0.0,True
usr-00508,jrn-01016,evt-0003733,2025-01-30 13:00:00+00:00,email,lifecycle-email,click,0.04,0.0,True
usr-00422,jrn-00845,evt-0003129,2025-01-30 15:00:00+00:00,affiliate,partner-network,impression,0.108,0.0,True
usr-00498,jrn-00997,evt-0003669,2025-01-30 16:00:00+00:00,display,display-retargeting,impression,0.036,0.0,False
usr-00726,jrn-01452,evt-0005269,2025-01-30 17:00:00+00:00,organic,seo-content,click,0.08,0.0,True
usr-00033,jrn-00067,evt-0000261,2025-01-30 17:00:00+00:00,email,lifecycle-email,click,0.04,0.0,True
usr-00193,jrn-00387,evt-0001430,2025-01-30 17:00:00+00:00,paid_search,brand-search,impression,0.144,0.0,True
usr-00488,jrn-00977,evt-0003601,2025-01-30 18:00:00+00:00,social,social-prospecting,impression,0.078,0.0,True
usr-00043,jrn-00087,evt-0000328,2025-01-30 18:00:00+00:00,email,lifecycle-email,click,0.04,0.0,True
usr-00422,jrn-00845,evt-0003130,2025-01-30 19:00:00+00:00,organic,seo-content,click,0.08,0.0,True
usr-00054,jrn-00109,evt-0000415,2025-01-30 20:00:00+00:00,email,lifecycle-email,click,0.04,0.0,True
usr-00649,jrn-01299,evt-0004745,2025-01-30 21:00:00+00:00,affiliate,partner-network,click,0.9,0.0,True
usr-00508,jrn-01016,evt-0003735,2025-01-30 21:00:00+00:00,organic,seo-content,click,0.08,0.0,True
usr-00073,jrn-00147,evt-0000561,2025-01-30 21:00:00+00:00,organic,seo-content,click,0.08,0.0,True
usr-00787,jrn-01574,evt-0005722,2025-01-30 22:00:00+00:00,affiliate,partner-network,click,0.9,0.0,True
usr-00590,jrn-01180,evt-0004318,2025-01-30 22:00:00+00:00,paid_search,brand-search,impression,0.144,0.0,True
usr-00726,jrn-01452,evt-0005271,2025-01-30 23:00:00+00:00,social,social-prospecting,click,0.65,0.0,True
usr-00422,jrn-00845,evt-0003133,2025-01-30 23:00:00+00:00,email,lifecycle-email,click,0.04,0.0,True
usr-00710,jrn-01420,evt-0005164,2025-01-30 23:00:00+00:00,organic,seo-content,click,0.08,0.0,True
usr-00414,jrn-00828,evt-0003072,2025-01-30 23:00:00+00:00,paid_search,brand-search,click,1.2,0.0,True
usr-00422,jrn-00845,evt-0003132,2025-01-31 00:00:00+00:00,organic,seo-content,click,0.08,0.0,True
usr-00726,jrn-01452,evt-0005270,2025-01-31 00:00:00+00:00,display,display-retargeting,click,0.3,0.0,True
usr-00488,jrn-00977,evt-0003602,2025-01-31 01:00:00+00:00,organic,seo-content,click,0.08,0.0,True
usr-00033,jrn-00067,evt-0000264,2025-01-31 02:00:00+00:00,organic,seo-content,impression,0.0096,0.0,True
usr-00195,jrn-00390,evt-0001436,2025-01-31 03:00:00+00:00,organic,seo-content,click,0.08,0.0,True
usr-00833,jrn-01667,evt-0006073,2025-01-31 05:00:00+00:00,email,lifecycle-email,click,0.04,0.0,True
usr-00508,jrn-01016,evt-0003734,2025-01-31 05:00:00+00:00,social,social-prospecting,click,0.65,0.0,True
usr-00506,jrn-01013,evt-0003724,2025-01-31 06:00:00+00:00,organic,seo-content,impression,0.0096,0.0,True
usr-00033,jrn-00067,evt-0000262,2025-01-31 06:00:00+00:00,affiliate,partner-network,impression,0.108,0.0,True
usr-00488,jrn-00977,evt-0003603,2025-01-31 07:00:00+00:00,organic,seo-content,click,0.08,0.0,True
usr-00193,jrn-00387,evt-0001431,2025-01-31 08:00:00+00:00,affiliate,partner-network,impression,0.108,0.0,True
usr-00195,jrn-00390,evt-0001437,2025-01-31 08:00:00+00:00,display,display-retargeting,impression,0.036,0.0,True
usr-00787,jrn-01574,evt-0005724,2025-01-31 08:00:00+00:00,organic,seo-content,click,0.08,0.0,True
usr-00833,jrn-01667,evt-0006074,2025-01-31 10:00:00+00:00,paid_search,brand-search,click,1.2,0.0,True
usr-00086,jrn-00172,evt-0000649,2025-01-31 10:00:00+00:00,email,lifecycle-email,impression,0.0048,0.0,True
usr-00046,jrn-00092,evt-0000352,2025-01-31 10:00:00+00:00,display,display-retargeting,impression,0.036,0.0,True
usr-00838,jrn-01676,evt-0006102,2025-01-31 11:00:00+00:00,paid_search,brand-search,click,1.2,0.0,True
usr-00649,jrn-01299,evt-0004746,2025-01-31 11:00:00+00:00,organic,seo-content,click,0.08,0.0,True
usr-00744,jrn-01489,evt-0005420,2025-01-31 13:00:00+00:00,email,lifecycle-email,click,0.04,0.0,True
usr-00193,jrn-00387,evt-0001432,2025-01-31 14:00:00+00:00,organic,seo-content,click,0.08,0.0,True
usr-00086,jrn-00172,evt-0000650,2025-01-31 14:00:00+00:00,email,lifecycle-email,click,0.04,0.0,True
usr-00414,jrn-00828,evt-0003073,2025-01-31 14:00:00+00:00,display,display-retargeting,click,0.3,0.0,True
usr-00787,jrn-01574,evt-0005723,2025-01-31 14:00:00+00:00,display,display-retargeting,impression,0.036,0.0,True
usr-00040,jrn-00080,evt-0000305,2025-01-31 15:00:00+00:00,email,lifecycle-email,impression,0.0048,0.0,True
usr-00033,jrn-00067,evt-0000263,2025-01-31 15:00:00+00:00,display,display-retargeting,impression,0.036,0.0,True
usr-00422,jrn-00845,evt-0003131,2025-01-31 15:00:00+00:00,social,social-prospecting,click,0.65,0.0,True
usr-00073,jrn-00147,evt-0000562,2025-01-31 16:00:00+00:00,affiliate,partner-network,click,0.9,0.0,True
usr-00759,jrn-01518,evt-0005523,2025-01-31 17:00:00+00:00,social,social-prospecting,impression,0.078,0.0,True
usr-00833,jrn-01667,evt-0006076,2025-01-31 17:00:00+00:00,display,display-retargeting,impression,0.036,0.0,True
usr-00488,jrn-00977,evt-0003604,2025-01-31 17:00:00+00:00,affiliate,partner-network,impression,0.108,0.0,True
usr-00185,jrn-00370,evt-0001368,2025-01-31 17:00:00+00:00,social,social-prospecting,impression,0.078,0.0,True
usr-00073,jrn-00147,evt-0000564,2025-01-31 18:00:00+00:00,email,lifecycle-email,impression,0.0048,0.0,True
usr-00506,jrn-01013,evt-0003725,2025-01-31 18:00:00+00:00,email,lifecycle-email,click,0.04,0.0,True
usr-00590,jrn-01180,evt-0004319,2025-01-31 20:00:00+00:00,affiliate,partner-network,impression,0.108,0.0,True
usr-00710,jrn-01420,evt-0005166,2025-01-31 21:00:00+00:00,email,lifecycle-email,click,0.04,0.0,True
usr-00086,jrn-00172,evt-0000651,2025-01-31 22:00:00+00:00,paid_search,brand-search,click,1.2,0.0,True
usr-00250,jrn-00501,evt-0001855,2025-01-31 23:00:00+00:00,social,social-prospecting,click,0.65,0.0,True
usr-00195,jrn-00390,evt-0001438,2025-01-31 23:00:00+00:00,organic,seo-content,click,0.08,0.0,True
usr-00744,jrn-01489,evt-0005421,2025-02-01 00:00:00+00:00,email,lifecycle-email,impression,0.0048,0.0,True
usr-00190,jrn-00380,evt-0001406,2025-02-01 00:00:00+00:00,organic,seo-content,click,0.08,0.0,True
usr-00073,jrn-00147,evt-0000563,2025-02-01 00:00:00+00:00,organic,seo-content,impression,0.0096,0.0,True
usr-00506,jrn-01013,evt-0003727,2025-02-01 00:00:00+00:00,organic,seo-content,click,0.08,0.0,True
usr-00838,jrn-01676,evt-0006103,2025-02-01 01:00:00+00:00,organic,seo-content,impression,0.0096,0.0,True
usr-00506,jrn-01013,evt-0003729,2025-02-01 02:00:00+00:00,organic,seo-content,click,0.08,0.0,True
usr-00073,jrn-00147,evt-0000565,2025-02-01 03:00:00+00:00,affiliate,partner-network,impression,0.108,0.0,True
usr-00046,jrn-00092,evt-0000353,2025-02-01 05:00:00+00:00,paid_search,brand-search,impression,0.144,0.0,True
usr-00759,jrn-01518,evt-0005524,2025-02-01 05:00:00+00:00,organic,seo-content,impression,0.0096,0.0,True
usr-00089,jrn-00179,evt-0000675,2025-02-01 06:00:00+00:00,affiliate,partner-network,impression,0.108,0.0,True
usr-00046,jrn-00092,evt-0000354,2025-02-01 06:00:00+00:00,social,social-prospecting,click,0.65,0.0,True
usr-00086,jrn-00172,evt-0000654,2025-02-01 06:00:00+00:00,organic,seo-content,impression,0.0096,0.0,True
usr-00422,jrn-00845,evt-0003134,2025-02-01 07:00:00+00:00,display,display-retargeting,click,0.3,0.0,True
usr-00220,jrn-00441,evt-0001634,2025-02-01 08:00:00+00:00,email,lifecycle-email,impression,0.0048,0.0,False
usr-00726,jrn-01452,evt-0005272,2025-02-01 08:00:00+00:00,paid_search,brand-search,click,1.2,0.0,True
usr-00744,jrn-01489,evt-0005424,2025-02-01 09:00:00+00:00,organic,seo-content,click,0.08,0.0,True
usr-00744,jrn-01489,evt-0005422,2025-02-01 09:00:00+00:00,social,social-prospecting,click,0.65,0.0,True
usr-00089,jrn-00179,evt-0000676,2025-02-01 11:00:00+00:00,display,display-retargeting,click,0.3,0.0,True
usr-00833,jrn-01667,evt-0006075,2025-02-01 11:00:00+00:00,affiliate,partner-network,click,0.9,0.0,True
usr-00086,jrn-00172,evt-0000652,2025-02-01 13:00:00+00:00,paid_search,brand-search,impression,0.144,0.0,True
usr-00507,jrn-01014,evt-0003730,2025-02-01 14:00:00+00:00,affiliate,partner-network,click,0.9,0.0,True
usr-00506,jrn-01013,evt-0003728,2025-02-01 14:00:00+00:00,paid_search,brand-search,click,1.2,0.0,True
usr-00506,jrn-01013,evt-0003726,2025-02-01 14:00:00+00:00,social,social-prospecting,impression,0.078,0.0,True
usr-00710,jrn-01420,evt-0005167,2025-02-01 15:00:00+00:00,affiliate,partner-network,impression,0.108,0.0,True
usr-00250,jrn-00501,evt-0001856,2025-02-01 16:00:00+00:00,display,display-retargeting,impression,0.036,0.0,True
usr-00649,jrn-01299,evt-0004747,2025-02-01 19:00:00+00:00,organic,seo-content,conversion,0.0,66.79,True
usr-00511,jrn-01022,evt-0003749,2025-02-01 19:00:00+00:00,paid_search,brand-search,click,1.2,0.0,True
usr-00838,jrn-01676,evt-0006104,2025-02-01 21:00:00+00:00,display,display-retargeting,impression,0.036,0.0,False
usr-00507,jrn-01014,evt-0003731,2025-02-01 21:00:00+00:00,email,lifecycle-email,impression,0.0048,0.0,True
usr-00726,jrn-01452,evt-0005273,2025-02-01 21:00:00+00:00,affiliate,partner-network,impression,0.108,0.0,True
usr-00026,jrn-00053,evt-0000207,2025-02-01 22:00:00+00:00,affiliate,partner-network,click,0.9,0.0,True
usr-00250,jrn-00501,evt-0001858,2025-02-01 23:00:00+00:00,organic,seo-content,impression,0.0096,0.0,True
usr-00342,jrn-00684,evt-0002531,2025-02-01 23:00:00+00:00,social,social-prospecting,click,0.65,0.0,True
usr-00459,jrn-00919,evt-0003398,2025-02-01 23:00:00+00:00,social,social-prospecting,click,0.65,0.0,True
usr-00271,jrn-00542,evt-0002018,2025-02-02 00:00:00+00:00,email,lifecycle-email,click,0.04,0.0,True
usr-00185,jrn-00370,evt-0001369,2025-02-02 02:00:00+00:00,social,social-prospecting,conversion,0.0,166.69,True
usr-00086,jrn-00172,evt-0000653,2025-02-02 02:00:00+00:00,display,display-retargeting,impression,0.036,0.0,True
usr-00250,jrn-00501,evt-0001857,2025-02-02 03:00:00+00:00,email,lifecycle-email,click,0.04,0.0,True
usr-00459,jrn-00919,evt-0003400,2025-02-02 03:00:00+00:00,social,social-prospecting,click,0.65,0.0,True
usr-00744,jrn-01489,evt-0005423,2025-02-02 04:00:00+00:00,email,lifecycle-email,impression,0.0048,0.0,True
usr-00271,jrn-00542,evt-0002019,2025-02-02 04:00:00+00:00,display,display-retargeting,click,0.3,0.0,True
usr-00250,jrn-00501,evt-0001860,2025-02-02 05:00:00+00:00,social,social-prospecting,click,0.65,0.0,True
usr-00026,jrn-00053,evt-0000208,2025-02-02 05:00:00+00:00,affiliate,partner-network,click,0.9,0.0,True
usr-00009,jrn-00018,evt-0000071,2025-02-02 05:00:00+00:00,organic,seo-content,impression,0.0096,0.0,True
usr-00511,jrn-01022,evt-0003754,2025-02-02 05:00:00+00:00,social,social-prospecting,click,0.65,0.0,True
usr-00195,jrn-00390,evt-0001439,2025-02-02 06:00:00+00:00,social,social-prospecting,click,0.65,0.0,True
usr-00511,jrn-01022,evt-0003750,2025-02-02 06:00:00+00:00,organic,seo-content,click,0.08,0.0,True
usr-00342,jrn-00684,evt-0002532,2025-02-02 07:00:00+00:00,organic,seo-content,click,0.08,0.0,True
usr-00250,jrn-00501,evt-0001859,2025-02-02 07:00:00+00:00,email,lifecycle-email,click,0.04,0.0,True
usr-00459,jrn-00919,evt-0003399,2025-02-02 08:00:00+00:00,affiliate,partner-network,click,0.9,0.0,True
usr-00547,jrn-01095,evt-0004029,2025-02-02 08:00:00+00:00,social,social-prospecting,impression,0.078,0.0,True
usr-00838,jrn-01676,evt-0006105,2025-02-02 11:00:00+00:00,organic,seo-content,click,0.08,0.0,True
usr-00789,jrn-01578,evt-0005738,2025-02-02 11:00:00+00:00,email,lifecycle-email,click,0.04,0.0,True
usr-00089,jrn-00179,evt-0000677,2025-02-02 12:00:00+00:00,paid_search,brand-search,click,1.2,0.0,True
usr-00050,jrn-00100,evt-0000382,2025-02-02 15:00:00+00:00,social,social-prospecting,click,0.65,0.0,True
usr-00547,jrn-01095,evt-0004030,2025-02-02 16:00:00+00:00,display,display-retargeting,click,0.3,0.0,True
usr-00255,jrn-00511,evt-0001896,2025-02-02 17:00:00+00:00,email,lifecycle-email,impression,0.0048,0.0,True
usr-00511,jrn-01022,evt-0003751,2025-02-02 17:00:00+00:00,affiliate,partner-network,click,0.9,0.0,True
usr-00009,jrn-00018,evt-0000075,2025-02-02 17:00:00+00:00,display,display-retargeting,click,0.3,0.0,True
usr-00547,jrn-01095,evt-0004032,2025-02-02 17:00:00+00:00,affiliate,partner-network,click,0.9,0.0,True
usr-00789,jrn-01578,evt-0005739,2025-02-02 19:00:00+00:00,display,display-retargeting,impression,0.036,0.0,True
usr-00009,jrn-00018,evt-0000072,2025-02-02 19:00:00+00:00,display,display-retargeting,click,0.3,0.0,True
usr-00050,jrn-00100,evt-0000384,2025-02-02 19:00:00+00:00,affiliate,partner-network,click,0.9,0.0,True
usr-00547,jrn-01095,evt-0004031,2025-02-02 20:00:00+00:00,paid_search,brand-search,impression,0.144,0.0,True
usr-00656,jrn-01313,evt-0004798,2025-02-02 21:00:00+00:00,organic,seo-content,click,0.08,0.0,True
usr-00089,jrn-00179,evt-0000678,2025-02-02 21:00:00+00:00,social,social-prospecting,impression,0.078,0.0,True
usr-00511,jrn-01022,evt-0003752,2025-02-02 22:00:00+00:00,display,display-retargeting,click,0.3,0.0,True
usr-00680,jrn-01360,evt-0004961,2025-02-03 01:00:00+00:00,affiliate,partner-network,click,0.9,0.0,True
usr-00050,jrn-00100,evt-0000383,2025-02-03 02:00:00+00:00,social,social-prospecting,impression,0.078,0.0,True
usr-00255,jrn-00511,evt-0001897,2025-02-03 02:00:00+00:00,social,social-prospecting,impression,0.078,0.0,True
usr-00255,jrn-00511,evt-0001901,2025-02-03 03:00:00+00:00,display,display-retargeting,impression,0.036,0.0,True
usr-00496,jrn-00993,evt-0003653,2025-02-03 03:00:00+00:00,email,lifecycle-email,impression,0.0048,0.0,True
usr-00342,jrn-00684,evt-0002533,2025-02-03 03:00:00+00:00,affiliate,partner-network,click,0.9,0.0,True
usr-00026,jrn-00053,evt-0000210,2025-02-03 04:00:00+00:00,paid_search,brand-search,impression,0.144,0.0,True
usr-00369,jrn-00738,evt-0002734,2025-02-03 04:00:00+00:00,email,lifecycle-email,click,0.04,0.0,True
usr-00112,jrn-00225,evt-0000839,2025-02-03 04:00:00+00:00,social,social-prospecting,impression,0.078,0.0,True
usr-00206,jrn-00413,evt-0001517,2025-02-03 05:00:00+00:00,email,lifecycle-email,click,0.04,0.0,True
usr-00026,jrn-00053,evt-0000209,2025-02-03 06:00:00+00:00,email,lifecycle-email,click,0.04,0.0,True
usr-00766,jrn-01532,evt-0005570,2025-02-03 07:00:00+00:00,social,social-prospecting,click,0.65,0.0,True
usr-00009,jrn-00018,evt-0000073,2025-02-03 07:00:00+00:00,paid_search,brand-search,click,1.2,0.0,True
usr-00656,jrn-01313,evt-0004799,2025-02-03 07:00:00+00:00,email,lifecycle-email,click,0.04,0.0,True
usr-00318,jrn-00637,evt-0002372,2025-02-03 07:00:00+00:00,display,display-retargeting,impression,0.036,0.0,True
usr-00498,jrn-00996,evt-0003663,2025-02-03 08:00:00+00:00,paid_search,brand-search,click,1.2,0.0,True
usr-00369,jrn-00738,evt-0002736,2025-02-03 08:00:00+00:00,paid_search,brand-search,impression,0.144,0.0,True
usr-00766,jrn-01532,evt-0005571,2025-02-03 11:00:00+00:00,organic,seo-content,impression,0.0096,0.0,True
usr-00255,jrn-00511,evt-0001898,2025-02-03 11:00:00+00:00,social,social-prospecting,impression,0.078,0.0,True
usr-00473,jrn-00947,evt-0003499,2025-02-03 11:00:00+00:00,organic,seo-content,click,0.08,0.0,True
usr-00255,jrn-00511,evt-0001899,2025-02-03 11:00:00+00:00,affiliate,partner-network,click,0.9,0.0,True
usr-00342,jrn-00684,evt-0002535,2025-02-03 11:00:00+00:00,display,display-retargeting,impression,0.036,0.0,True
usr-00680,jrn-01360,evt-0004962,2025-02-03 13:00:00+00:00,affiliate,partner-network,click,0.9,0.0,True
usr-00520,jrn-01040,evt-0003822,2025-02-03 13:00:00+00:00,affiliate,partner-network,click,0.9,0.0,True
usr-00009,jrn-00018,evt-0000074,2025-02-03 14:00:00+00:00,paid_search,brand-search,click,1.2,0.0,True
usr-00369,jrn-00738,evt-0002735,2025-02-03 16:00:00+00:00,paid_search,brand-search,click,1.2,0.0,True
usr-00520,jrn-01041,evt-0003824,2025-02-03 16:00:00+00:00,social,social-prospecting,impression,0.078,0.0,True
usr-00473,jrn-00947,evt-0003500,2025-02-03 16:00:00+00:00,organic,seo-content,impression,0.0096,0.0,True
usr-00459,jrn-00919,evt-0003401,2025-02-03 17:00:00+00:00,email,lifecycle-email,click,0.04,0.0,True
usr-00473,jrn-00947,evt-0003501,2025-02-03 17:00:00+00:00,social,social-prospecting,impression,0.078,0.0,True
usr-00520,jrn-01040,evt-0003823,2025-02-03 18:00:00+00:00,organic,seo-content,click,0.08,0.0,False
usr-00496,jrn-00993,evt-0003654,2025-02-03 18:00:00+00:00,social,social-prospecting,impression,0.078,0.0,True
usr-00031,jrn-00062,evt-0000237,2025-02-03 19:00:00+00:00,email,lifecycle-email,impression,0.0048,0.0,True
usr-00511,jrn-01022,evt-0003753,2025-02-03 19:00:00+00:00,paid_search,brand-search,click,1.2,0.0,True
usr-00473,jrn-00947,evt-0003503,2025-02-03 19:00:00+00:00,affiliate,partner-network,click,0.9,0.0,True
usr-00318,jrn-00637,evt-0002374,2025-02-03 19:00:00+00:00,social,social-prospecting,click,0.65,0.0,True
usr-00318,jrn-00637,evt-0002373,2025-02-03 19:00:00+00:00,organic,seo-content,click,0.08,0.0,True
usr-00789,jrn-01578,evt-0005740,2025-02-03 19:00:00+00:00,organic,seo-content,click,0.08,0.0,True
usr-00206,jrn-00413,evt-0001518,2025-02-03 20:00:00+00:00,display,display-retargeting,impression,0.036,0.0,True
usr-00342,jrn-00684,evt-0002534,2025-02-03 20:00:00+00:00,display,display-retargeting,click,0.3,0.0,True
usr-00547,jrn-01095,evt-0004033,2025-02-03 20:00:00+00:00,affiliate,partner-network,click,0.9,0.0,True
usr-00206,jrn-00413,evt-0001519,2025-02-03 21:00:00+00:00,paid_search,brand-search,impression,0.144,0.0,True
usr-00777,jrn-01554,evt-0005646,2025-02-03 22:00:00+00:00,paid_search,brand-search,click,1.2,0.0,True
usr-00424,jrn-00848,evt-0003145,2025-02-04 00:00:00+00:00,social,social-prospecting,impression,0.078,0.0,True
usr-00651,jrn-01302,evt-0004754,2025-02-04 00:00:00+00:00,display,display-retargeting,impression,0.036,0.0,True
usr-00498,jrn-00996,evt-0003664,2025-02-04 01:00:00+00:00,social,social-prospecting,impression,0.078,0.0,True
usr-00680,jrn-01360,evt-0004965,2025-02-04 01:00:00+00:00,social,social-prospecting,click,0.65,0.0,True
usr-00009,jrn-00018,evt-0000076,2025-02-04 02:00:00+00:00,display,display-retargeting,click,0.3,0.0,True
usr-00050,jrn-00100,evt-0000385,2025-02-04 03:00:00+00:00,email,lifecycle-email,impression,0.0048,0.0,True
usr-00050,jrn-00100,evt-0000386,2025-02-04 03:00:00+00:00,social,social-prospecting,click,0.65,0.0,True
usr-00296,jrn-00592,evt-0002184,2025-02-04 03:00:00+00:00,social,social-prospecting,click,0.65,0.0,True
usr-00424,jrn-00848,evt-0003147,2025-02-04 06:00:00+00:00,organic,seo-content,click,0.08,0.0,True
usr-00520,jrn-01041,evt-0003825,2025-02-04 07:00:00+00:00,paid_search,brand-search,impression,0.144,0.0,True
usr-00369,jrn-00738,evt-0002737,2025-02-04 07:00:00+00:00,organic,seo-content,impression,0.0096,0.0,True
usr-00767,jrn-01534,evt-0005573,2025-02-04 08:00:00+00:00,email,lifecycle-email,impression,0.0048,0.0,True
usr-00680,jrn-01360,evt-0004964,2025-02-04 10:00:00+00:00,email,lifecycle-email,click,0.04,0.0,True
usr-00651,jrn-01302,evt-0004759,2025-02-04 10:00:00+00:00,affiliate,partner-network,click,0.9,0.0,True
usr-00789,jrn-01578,evt-0005741,2025-02-04 11:00:00+00:00,paid_search,brand-search,impression,0.144,0.0,True
usr-00680,jrn-01360,evt-0004963,2025-02-04 11:00:00+00:00,affiliate,partner-network,click,0.9,0.0,True
usr-00031,jrn-00062,evt-0000238,2025-02-04 11:00:00+00:00,organic,seo-content,impression,0.0096,0.0,True
usr-00288,jrn-00576,evt-0002125,2025-02-04 11:00:00+00:00,display,display-retargeting,click,0.3,0.0,True
usr-00651,jrn-01302,evt-0004756,2025-02-04 12:00:00+00:00,organic,seo-content,click,0.08,0.0,True
usr-00424,jrn-00848,evt-0003148,2025-02-04 12:00:00+00:00,email,lifecycle-email,impression,0.0048,0.0,True
usr-00777,jrn-01554,evt-0005647,2025-02-04 15:00:00+00:00,paid_search,brand-search,impression,0.144,0.0,True
usr-00181,jrn-00363,evt-0001339,2025-02-04 15:00:00+00:00,social,social-prospecting,click,0.65,0.0,True
usr-00138,jrn-00277,evt-0001010,2025-02-04 16:00:00+00:00,email,lifecycle-email,impression,0.0048,0.0,True
usr-00424,jrn-00848,evt-0003146,2025-02-04 16:00:00+00:00,paid_search,brand-search,click,1.2,0.0,True
usr-00424,jrn-00848,evt-0003149,2025-02-04 16:00:00+00:00,display,display-retargeting,click,0.3,0.0,True
usr-00651,jrn-01302,evt-0004755,2025-02-04 17:00:00+00:00,email,lifecycle-email,click,0.04,0.0,True
usr-00288,jrn-00576,evt-0002127,2025-02-04 17:00:00+00:00,affiliate,partner-network,click,0.9,0.0,True
usr-00296,jrn-00592,evt-0002185,2025-02-04 18:00:00+00:00,organic,seo-content,click,0.08,0.0,True
usr-00550,jrn-01100,evt-0004050,2025-02-04 18:00:00+00:00,organic,seo-content,impression,0.0096,0.0,True
usr-00767,jrn-01534,evt-0005575,2025-02-04 18:00:00+00:00,affiliate,partner-network,impression,0.108,0.0,True
usr-00296,jrn-00592,evt-0002186,2025-02-04 19:00:00+00:00,email,lifecycle-email,click,0.04,0.0,True
usr-00138,jrn-00277,evt-0001011,2025-02-04 19:00:00+00:00,affiliate,partner-network,click,0.9,0.0,False
usr-00181,jrn-00363,evt-0001340,2025-02-04 19:00:00+00:00,social,social-prospecting,click,0.65,0.0,True
usr-00432,jrn-00865,evt-0003204,2025-02-04 21:00:00+00:00,paid_search,brand-search,click,1.2,0.0,True
usr-00050,jrn-00100,evt-0000387,2025-02-04 22:00:00+00:00,display,display-retargeting,impression,0.036,0.0,True
usr-00550,jrn-01100,evt-0004051,2025-02-04 22:00:00+00:00,affiliate,partner-network,click,0.9,0.0,True
usr-00767,jrn-01534,evt-0005574,2025-02-04 22:00:00+00:00,email,lifecycle-email,impression,0.0048,0.0,True
usr-00031,jrn-00062,evt-0000239,2025-02-04 23:00:00+00:00,email,lifecycle-email,click,0.04,0.0,True
usr-00255,jrn-00511,evt-0001900,2025-02-05 01:00:00+00:00,social,social-prospecting,impression,0.078,0.0,True
usr-00181,jrn-00363,evt-0001341,2025-02-05 01:00:00+00:00,paid_search,brand-search,impression,0.144,0.0,True
usr-00491,jrn-00982,evt-0003617,2025-02-05 02:00:00+00:00,social,social-prospecting,click,0.65,0.0,True
usr-00288,jrn-00576,evt-0002126,2025-02-05 04:00:00+00:00,social,social-prospecting,click,0.65,0.0,True
usr-00432,jrn-00865,evt-0003205,2025-02-05 04:00:00+00:00,paid_search,brand-search,click,1.2,0.0,True
usr-00369,jrn-00738,evt-0002738,2025-02-05 04:00:00+00:00,email,lifecycle-email,impression,0.0048,0.0,True
usr-00318,jrn-00637,evt-0002375,2025-02-05 04:00:00+00:00,social,social-prospecting,click,0.65,0.0,True
usr-00031,jrn-00062,evt-0000241,2025-02-05 07:00:00+00:00,organic,seo-content,click,0.08,0.0,True
usr-00550,jrn-01100,evt-0004052,2025-02-05 10:00:00+00:00,paid_search,brand-search,impression,0.144,0.0,True
usr-00491,jrn-00982,evt-0003619,2025-02-05 10:00:00+00:00,email,lifecycle-email,click,0.04,0.0,True
usr-00473,jrn-00947,evt-0003502,2025-02-05 11:00:00+00:00,social,social-prospecting,impression,0.078,0.0,True
usr-00031,jrn-00062,evt-0000240,2025-02-05 13:00:00+00:00,display,display-retargeting,impression,0.036,0.0,True
usr-00720,jrn-01441,evt-0005243,2025-02-05 14:00:00+00:00,display,display-retargeting,impression,0.036,0.0,True
usr-00173,jrn-00347,evt-0001284,2025-02-05 15:00:00+00:00,display,display-retargeting,impression,0.036,0.0,True
usr-00491,jrn-00982,evt-0003618,2025-02-05 19:00:00+00:00,display,display-retargeting,click,0.3,0.0,True
usr-00339,jrn-00678,evt-0002513,2025-02-05 19:00:00+00:00,email,lifecycle-email,impression,0.0048,0.0,True
usr-00138,jrn-00277,evt-0001012,2025-02-05 22:00:00+00:00,display,display-retargeting,click,0.3,0.0,True
usr-00188,jrn-00377,evt-0001392,2025-02-05 22:00:00+00:00,organic,seo-content,click,0.08,0.0,True
usr-00624,jrn-01248,evt-0004565,2025-02-05 22:00:00+00:00,social,social-prospecting,impression,0.078,0.0,True
usr-00173,jrn-00347,evt-0001285,2025-02-05 23:00:00+00:00,email,lifecycle-email,impression,0.0048,0.0,True
usr-00432,jrn-00865,evt-0003206,2025-02-05 23:00:00+00:00,affiliate,partner-network,impression,0.108,0.0,True
usr-00339,jrn-00678,evt-0002514,2025-02-05 23:00:00+00:00,paid_search,brand-search,click,1.2,0.0,True
usr-00651,jrn-01302,evt-0004758,2025-02-06 00:00:00+00:00,paid_search,brand-search,impression,0.144,0.0,True
usr-00181,jrn-00363,evt-0001342,2025-02-06 00:00:00+00:00,social,social-prospecting,click,0.65,0.0,True
usr-00624,jrn-01248,evt-0004566,2025-02-06 02:00:00+00:00,paid_search,brand-search,impression,0.144,0.0,True
usr-00288,jrn-00576,evt-0002128,2025-02-06 02:00:00+00:00,display,display-retargeting,impression,0.036,0.0,True
usr-00720,jrn-01441,evt-0005245,2025-02-06 02:00:00+00:00,display,display-retargeting,impression,0.036,0.0,True
usr-00720,jrn-01441,evt-0005246,2025-02-06 02:00:00+00:00,affiliate,partner-network,click,0.9,0.0,True
usr-00457,jrn-00914,evt-0003371,2025-02-06 03:00:00+00:00,organic,seo-content,click,0.08,0.0,True
usr-00288,jrn-00576,evt-0002129,2025-02-06 03:00:00+00:00,display,display-retargeting,click,0.3,0.0,True
usr-00737,jrn-01475,evt-0005368,2025-02-06 03:00:00+00:00,email,lifecycle-email,impression,0.0048,0.0,True
usr-00651,jrn-01302,evt-0004757,2025-02-06 03:00:00+00:00,paid_search,brand-search,click,1.2,0.0,True
usr-00720,jrn-01441,evt-0005244,2025-02-06 03:00:00+00:00,affiliate,partner-network,click,0.9,0.0,True
usr-00383,jrn-00766,evt-0002834,2025-02-06 04:00:00+00:00,email,lifecycle-email,impression,0.0048,0.0,True
usr-00173,jrn-00347,evt-0001286,2025-02-06 05:00:00+00:00,email,lifecycle-email,click,0.04,0.0,True
usr-00624,jrn-01248,evt-0004569,2025-02-06 06:00:00+00:00,social,social-prospecting,click,0.65,0.0,True
usr-00652,jrn-01304,evt-0004766,2025-02-06 06:00:00+00:00,email,lifecycle-email,impression,0.0048,0.0,True
usr-00737,jrn-01475,evt-0005369,2025-02-06 07:00:00+00:00,affiliate,partner-network,click,0.9,0.0,True
usr-00181,jrn-00363,evt-0001343,2025-02-06 07:00:00+00:00,display,display-retargeting,click,0.3,0.0,True
usr-00457,jrn-00914,evt-0003372,2025-02-06 08:00:00+00:00,paid_search,brand-search,impression,0.144,0.0,True
usr-00767,jrn-01534,evt-0005576,2025-02-06 08:00:00+00:00,paid_search,brand-search,impression,0.144,0.0,True
usr-00422,jrn-00844,evt-0003128,2025-02-06 08:00:00+00:00,affiliate,partner-network,impression,0.108,0.0,True
usr-00339,jrn-00678,evt-0002515,2025-02-06 09:00:00+00:00,social,social-prospecting,impression,0.078,0.0,True
usr-00491,jrn-00982,evt-0003620,2025-02-06 11:00:00+00:00,organic,seo-content,click,0.08,0.0,True
usr-00188,jrn-00377,evt-0001393,2025-02-06 11:00:00+00:00,organic,seo-content,impression,0.0096,0.0,True
usr-00383,jrn-00766,evt-0002835,2025-02-06 12:00:00+00:00,social,social-prospecting,click,0.65,0.0,True
usr-00767,jrn-01534,evt-0005577,2025-02-06 12:00:00+00:00,affiliate,partner-network,impression,0.108,0.0,True
usr-00720,jrn-01441,evt-0005248,2025-02-06 15:00:00+00:00,email,lifecycle-email,impression,0.0048,0.0,True
usr-00737,jrn-01475,evt-0005371,2025-02-06 15:00:00+00:00,display,display-retargeting,impression,0.036,0.0,True
usr-00833,jrn-01666,evt-0006071,2025-02-06 15:00:00+00:00,paid_search,brand-search,click,1.2,0.0,True
usr-00550,jrn-01100,evt-0004053,2025-02-06 18:00:00+00:00,paid_search,brand-search,impression,0.144,0.0,True
usr-00720,jrn-01441,evt-0005247,2025-02-06 18:00:00+00:00,display,display-retargeting,impression,0.036,0.0,True
usr-00624,jrn-01248,evt-0004568,2025-02-06 19:00:00+00:00,display,display-retargeting,click,0.3,0.0,True
usr-00652,jrn-01304,evt-0004767,2025-02-06 20:00:00+00:00,social,social-prospecting,impression,0.078,0.0,True
usr-00288,jrn-00576,evt-0002130,2025-02-06 23:00:00+00:00,display,display-retargeting,impression,0.036,0.0,True
usr-00173,jrn-00346,evt-0001279,2025-02-06 23:00:00+00:00,email,lifecycle-email,click,0.04,0.0,True
usr-00624,jrn-01248,evt-0004567,2025-02-07 00:00:00+00:00,affiliate,partner-network,click,0.9,0.0,True
usr-00173,jrn-00347,evt-0001287,2025-02-07 00:00:00+00:00,email,lifecycle-email,click,0.04,0.0,True
usr-00833,jrn-01666,evt-0006072,2025-02-07 01:00:00+00:00,social,social-prospecting,impression,0.078,0.0,True
usr-00188,jrn-00377,evt-0001396,2025-02-07 02:00:00+00:00,email,lifecycle-email,click,0.04,0.0,True
usr-00181,jrn-00363,evt-0001344,2025-02-07 03:00:00+00:00,organic,seo-content,impression,0.0096,0.0,True
usr-00383,jrn-00766,evt-0002836,2025-02-07 04:00:00+00:00,paid_search,brand-search,click,1.2,0.0,True
usr-00173,jrn-00346,evt-0001280,2025-02-07 04:00:00+00:00,paid_search,brand-search,click,1.2,0.0,True
usr-00173,jrn-00346,evt-0001281,2025-02-07 05:00:00+00:00,paid_search,brand-search,impression,0.144,0.0,True
usr-00335,jrn-00671,evt-0002481,2025-02-07 08:00:00+00:00,paid_search,brand-search,click,1.2,0.0,True
usr-00424,jrn-00848,evt-0003150,2025-02-07 08:00:00+00:00,email,lifecycle-email,impression,0.0048,0.0,True
usr-00188,jrn-00377,evt-0001394,2025-02-07 08:00:00+00:00,display,display-retargeting,click,0.3,0.0,True
usr-00737,jrn-01475,evt-0005370,2025-02-07 09:00:00+00:00,paid_search,brand-search,click,1.2,0.0,True
usr-00457,jrn-00914,evt-0003373,2025-02-07 09:00:00+00:00,email,lifecycle-email,impression,0.0048,0.0,True
usr-00336,jrn-00673,evt-0002493,2025-02-07 11:00:00+00:00,organic,seo-content,click,0.08,0.0,True
usr-00335,jrn-00671,evt-0002482,2025-02-07 14:00:00+00:00,email,lifecycle-email,impression,0.0048,0.0,True
usr-00188,jrn-00377,evt-0001395,2025-02-07 16:00:00+00:00,email,lifecycle-email,impression,0.0048,0.0,True
usr-00670,jrn-01341,evt-0004885,2025-02-07 18:00:00+00:00,paid_search,brand-search,click,1.2,0.0,True
usr-00585,jrn-01171,evt-0004279,2025-02-07 22:00:00+00:00,paid_search,brand-search,click,1.2,0.0,True
usr-00044,jrn-00088,evt-0000330,2025-02-07 23:00:00+00:00,paid_search,brand-search,impression,0.144,0.0,True
usr-00336,jrn-00673,evt-0002495,2025-02-07 23:00:00+00:00,paid_search,brand-search,click,1.2,0.0,True
usr-00670,jrn-01341,evt-0004887,2025-02-08 00:00:00+00:00,organic,seo-content,click,0.08,0.0,True
usr-00457,jrn-00914,evt-0003374,2025-02-08 00:00:00+00:00,affiliate,partner-network,impression,0.108,0.0,True
usr-00335,jrn-00671,evt-0002483,2025-02-08 00:00:00+00:00,display,display-retargeting,click,0.3,0.0,True
usr-00336,jrn-00673,evt-0002494,2025-02-08 04:00:00+00:00,organic,seo-content,impression,0.0096,0.0,True
usr-00457,jrn-00914,evt-0003375,2025-02-08 07:00:00+00:00,organic,seo-content,impression,0.0096,0.0,True
usr-00560,jrn-01120,evt-0004107,2025-02-08 07:00:00+00:00,email,lifecycle-email,click,0.04,0.0,True
usr-00275,jrn-00551,evt-0002048,2025-02-08 08:00:00+00:00,affiliate,partner-network,click,0.9,0.0,True
usr-00670,jrn-01341,evt-0004886,2025-02-08 08:00:00+00:00,display,display-retargeting,impression,0.036,0.0,True
usr-00571,jrn-01143,evt-0004198,2025-02-08 09:00:00+00:00,affiliate,partner-network,click,0.9,0.0,True
usr-00173,jrn-00346,evt-0001282,2025-02-08 11:00:00+00:00,social,social-prospecting,click,0.65,0.0,True
usr-00560,jrn-01120,evt-0004109,2025-02-08 11:00:00+00:00,organic,seo-content,impression,0.0096,0.0,True
usr-00275,jrn-00551,evt-0002049,2025-02-08 11:00:00+00:00,social,social-prospecting,click,0.65,0.0,True
usr-00335,jrn-00671,evt-0002485,2025-02-08 12:00:00+00:00,affiliate,partner-network,impression,0.108,0.0,True
usr-00560,jrn-01120,evt-0004108,2025-02-08 13:00:00+00:00,paid_search,brand-search,impression,0.144,0.0,True
usr-00044,jrn-00088,evt-0000331,2025-02-08 14:00:00+00:00,email,lifecycle-email,click,0.04,0.0,True
usr-00624,jrn-01248,evt-0004570,2025-02-08 15:00:00+00:00,affiliate,partner-network,click,0.9,0.0,False
usr-00097,jrn-00195,evt-0000728,2025-02-08 15:00:00+00:00,organic,seo-content,impression,0.0096,0.0,True
usr-00457,jrn-00914,evt-0003376,2025-02-08 15:00:00+00:00,display,display-retargeting,impression,0.036,0.0,True
usr-00229,jrn-00459,evt-0001686,2025-02-08 15:00:00+00:00,display,display-retargeting,impression,0.036,0.0,True
usr-00229,jrn-00459,evt-0001687,2025-02-08 17:00:00+00:00,affiliate,partner-network,impression,0.108,0.0,True
usr-00670,jrn-01341,evt-0004888,2025-02-08 18:00:00+00:00,email,lifecycle-email,impression,0.0048,0.0,True
usr-00365,jrn-00730,evt-0002707,2025-02-08 18:00:00+00:00,organic,seo-content,click,0.08,0.0,True
usr-00173,jrn-00346,evt-0001283,2025-02-08 19:00:00+00:00,display,display-retargeting,click,0.3,0.0,True
usr-00336,jrn-00673,evt-0002496,2025-02-08 20:00:00+00:00,display,display-retargeting,impression,0.036,0.0,True
usr-00356,jrn-00712,evt-0002640,2025-02-08 20:00:00+00:00,affiliate,partner-network,impression,0.108,0.0,True
usr-00365,jrn-00730,evt-0002708,2025-02-08 21:00:00+00:00,social,social-prospecting,click,0.65,0.0,True
usr-00044,jrn-00088,evt-0000332,2025-02-08 21:00:00+00:00,email,lifecycle-email,click,0.04,0.0,True
usr-00356,jrn-00713,evt-0002646,2025-02-08 23:00:00+00:00,social,social-prospecting,click,0.65,0.0,True
usr-00229,jrn-00459,evt-0001688,2025-02-08 23:00:00+00:00,affiliate,partner-network,click,0.9,0.0,True
usr-00348,jrn-00697,evt-0002587,2025-02-08 23:00:00+00:00,organic,seo-content,click,0.08,0.0,True
usr-00335,jrn-00671,evt-0002484,2025-02-09 02:00:00+00:00,affiliate,partner-network,click,0.9,0.0,True
usr-00675,jrn-01351,evt-0004918,2025-02-09 03:00:00+00:00,affiliate,partner-network,impression,0.108,0.0,True
usr-00097,jrn-00195,evt-0000732,2025-02-09 03:00:00+00:00,organic,seo-content,click,0.08,0.0,True
usr-00168,jrn-00337,evt-0001246,2025-02-09 04:00:00+00:00,email,lifecycle-email,impression,0.0048,0.0,True
usr-00517,jrn-01035,evt-0003800,2025-02-09 05:00:00+00:00,paid_search,brand-search,click,1.2,0.0,True
usr-00097,jrn-00195,evt-0000731,2025-02-09 06:00:00+00:00,affiliate,partner-network,click,0.9,0.0,True
usr-00097,jrn-00195,evt-0000729,2025-02-09 08:00:00+00:00,email,lifecycle-email,click,0.04,0.0,False
usr-00279,jrn-00558,evt-0002071,2025-02-09 08:00:00+00:00,social,social-prospecting,click,0.65,0.0,True
usr-00560,jrn-01120,evt-0004112,2025-02-09 08:00:00+00:00,display,display-retargeting,click,0.3,0.0,True
usr-00675,jrn-01351,evt-0004919,2025-02-09 08:00:00+00:00,paid_search,brand-search,impression,0.144,0.0,True
usr-00805,jrn-01611,evt-0005868,2025-02-09 11:00:00+00:00,email,lifecycle-email,impression,0.0048,0.0,True
usr-00356,jrn-00713,evt-0002648,2025-02-09 11:00:00+00:00,affiliate,partner-network,impression,0.108,0.0,True
usr-00348,jrn-00697,evt-0002588,2025-02-09 11:00:00+00:00,organic,seo-content,click,0.08,0.0,True
usr-00511,jrn-01023,evt-0003755,2025-02-09 11:00:00+00:00,affiliate,partner-network,impression,0.108,0.0,True
usr-00044,jrn-00088,evt-0000334,2025-02-09 11:00:00+00:00,affiliate,partner-network,click,0.9,0.0,True
usr-00356,jrn-00712,evt-0002642,2025-02-09 12:00:00+00:00,paid_search,brand-search,click,1.2,0.0,True
usr-00279,jrn-00558,evt-0002073,2025-02-09 12:00:00+00:00,social,social-prospecting,impression,0.078,0.0,True
usr-00511,jrn-01023,evt-0003756,2025-02-09 13:00:00+00:00,social,social-prospecting,click,0.65,0.0,True
usr-00517,jrn-01035,evt-0003802,2025-02-09 13:00:00+00:00,organic,seo-content,impression,0.0096,0.0,True
usr-00356,jrn-00712,evt-0002641,2025-02-09 13:00:00+00:00,organic,seo-content,click,0.08,0.0,True
usr-00356,jrn-00713,evt-0002647,2025-02-09 14:00:00+00:00,display,display-retargeting,impression,0.036,0.0,True
usr-00754,jrn-01509,evt-0005492,2025-02-09 15:00:00+00:00,social,social-prospecting,click,0.65,0.0,True
usr-00517,jrn-01035,evt-0003805,2025-02-09 15:00:00+00:00,email,lifecycle-email,impression,0.0048,0.0,True
usr-00356,jrn-00712,evt-0002644,2025-02-09 16:00:00+00:00,display,display-retargeting,impression,0.036,0.0,True
usr-00365,jrn-00730,evt-0002709,2025-02-09 16:00:00+00:00,social,social-prospecting,impression,0.078,0.0,True
usr-00196,jrn-00392,evt-0001442,2025-02-09 16:00:00+00:00,affiliate,partner-network,impression,0.108,0.0,True
usr-00805,jrn-01611,evt-0005870,2025-02-09 17:00:00+00:00,social,social-prospecting,click,0.65,0.0,True
usr-00805,jrn-01611,evt-0005871,2025-02-09 17:00:00+00:00,paid_search,brand-search,click,1.2,0.0,True
usr-00097,jrn-00195,evt-0000730,2025-02-09 19:00:00+00:00,social,social-prospecting,click,0.65,0.0,True
usr-00868,jrn-01736,evt-0006317,2025-02-09 19:00:00+00:00,paid_search,brand-search,click,1.2,0.0,True
usr-00415,jrn-00830,evt-0003078,2025-02-09 19:00:00+00:00,display,display-retargeting,click,0.3,0.0,True
usr-00754,jrn-01509,evt-0005493,2025-02-09 19:00:00+00:00,affiliate,partner-network,impression,0.108,0.0,True
usr-00228,jrn-00456,evt-0001681,2025-02-09 20:00:00+00:00,email,lifecycle-email,impression,0.0048,0.0,True
usr-00168,jrn-00337,evt-0001247,2025-02-09 20:00:00+00:00,email,lifecycle-email,click,0.04,0.0,True
usr-00517,jrn-01035,evt-0003801,2025-02-09 20:00:00+00:00,email,lifecycle-email,impression,0.0048,0.0,True
usr-00168,jrn-00337,evt-0001248,2025-02-09 20:00:00+00:00,affiliate,partner-network,click,0.9,0.0,True
usr-00348,jrn-00697,evt-0002590,2025-02-09 20:00:00+00:00,social,social-prospecting,impression,0.078,0.0,True
usr-00279,jrn-00558,evt-0002074,2025-02-09 20:00:00+00:00,display,display-retargeting,click,0.3,0.0,True
usr-00511,jrn-01023,evt-0003758,2025-02-09 20:00:00+00:00,display,display-retargeting,click,0.3,0.0,True
usr-00290,jrn-00581,evt-0002144,2025-02-09 20:00:00+00:00,paid_search,brand-search,click,1.2,0.0,True
usr-00279,jrn-00558,evt-0002072,2025-02-09 21:00:00+00:00,organic,seo-content,impression,0.0096,0.0,True
usr-00041,jrn-00082,evt-0000310,2025-02-09 21:00:00+00:00,display,display-retargeting,click,0.3,0.0,True
usr-00202,jrn-00405,evt-0001483,2025-02-09 21:00:00+00:00,affiliate,partner-network,click,0.9,0.0,True
usr-00675,jrn-01351,evt-0004921,2025-02-09 21:00:00+00:00,affiliate,partner-network,impression,0.108,0.0,True
usr-00365,jrn-00730,evt-0002710,2025-02-09 21:00:00+00:00,email,lifecycle-email,click,0.04,0.0,True
usr-00044,jrn-00088,evt-0000333,2025-02-09 23:00:00+00:00,email,lifecycle-email,impression,0.0048,0.0,True
usr-00627,jrn-01255,evt-0004592,2025-02-09 23:00:00+00:00,affiliate,partner-network,impression,0.108,0.0,True
usr-00202,jrn-00405,evt-0001484,2025-02-10 00:00:00+00:00,paid_search,brand-search,click,1.2,0.0,True
usr-00415,jrn-00830,evt-0003079,2025-02-10 01:00:00+00:00,organic,seo-content,click,0.08,0.0,True
usr-00517,jrn-01035,evt-0003803,2025-02-10 02:00:00+00:00,organic,seo-content,click,0.08,0.0,True
usr-00188,jrn-00377,evt-0001397,2025-02-10 03:00:00+00:00,email,lifecycle-email,conversion,0.0,63.46,True
usr-00336,jrn-00673,evt-0002497,2025-02-10 03:00:00+00:00,email,lifecycle-email,click,0.04,0.0,True
usr-00348,jrn-00697,evt-0002589,2025-02-10 03:00:00+00:00,affiliate,partner-network,impression,0.108,0.0,True
usr-00071,jrn-00142,evt-0000542,2025-02-10 04:00:00+00:00,paid_search,brand-search,click,1.2,0.0,True
usr-00805,jrn-01611,evt-0005869,2025-02-10 04:00:00+00:00,display,display-retargeting,impression,0.036,0.0,True
usr-00560,jrn-01120,evt-0004110,2025-02-10 04:00:00+00:00,social,social-prospecting,impression,0.078,0.0,True
usr-00511,jrn-01023,evt-0003757,2025-02-10 07:00:00+00:00,paid_search,brand-search,impression,0.144,0.0,True
usr-00627,jrn-01255,evt-0004593,2025-02-10 07:00:00+00:00,email,lifecycle-email,click,0.04,0.0,True
usr-00071,jrn-00142,evt-0000543,2025-02-10 07:00:00+00:00,paid_search,brand-search,click,1.2,0.0,True
usr-00196,jrn-00392,evt-0001444,2025-02-10 08:00:00+00:00,affiliate,partner-network,click,0.9,0.0,True
usr-00351,jrn-00703,evt-0002611,2025-02-10 08:00:00+00:00,social,social-prospecting,impression,0.078,0.0,True
usr-00627,jrn-01255,evt-0004595,2025-02-10 08:00:00+00:00,organic,seo-content,click,0.08,0.0,True
usr-00196,jrn-00392,evt-0001443,2025-02-10 08:00:00+00:00,paid_search,brand-search,click,1.2,0.0,True
usr-00041,jrn-00082,evt-0000311,2025-02-10 09:00:00+00:00,organic,seo-content,click,0.08,0.0,True
usr-00675,jrn-01351,evt-0004920,2025-02-10 09:00:00+00:00,display,display-retargeting,impression,0.036,0.0,True
usr-00754,jrn-01509,evt-0005494,2025-02-10 09:00:00+00:00,paid_search,brand-search,impression,0.144,0.0,True
usr-00228,jrn-00456,evt-0001682,2025-02-10 11:00:00+00:00,affiliate,partner-network,click,0.9,0.0,True
usr-00868,jrn-01736,evt-0006318,2025-02-10 12:00:00+00:00,organic,seo-content,click,0.08,0.0,True
usr-00197,jrn-00395,evt-0001456,2025-02-10 15:00:00+00:00,affiliate,partner-network,impression,0.108,0.0,True
usr-00335,jrn-00671,evt-0002486,2025-02-10 16:00:00+00:00,organic,seo-content,impression,0.0096,0.0,True
usr-00168,jrn-00337,evt-0001249,2025-02-10 16:00:00+00:00,affiliate,partner-network,click,0.9,0.0,True
usr-00543,jrn-01087,evt-0004001,2025-02-10 18:00:00+00:00,organic,seo-content,impression,0.0096,0.0,True
usr-00229,jrn-00459,evt-0001689,2025-02-10 18:00:00+00:00,affiliate,partner-network,impression,0.108,0.0,True
usr-00508,jrn-01017,evt-0003736,2025-02-10 18:00:00+00:00,display,display-retargeting,click,0.3,0.0,True
usr-00560,jrn-01120,evt-0004111,2025-02-10 19:00:00+00:00,organic,seo-content,impression,0.0096,0.0,True
usr-00635,jrn-01270,evt-0004656,2025-02-10 19:00:00+00:00,social,social-prospecting,click,0.65,0.0,True
usr-00635,jrn-01270,evt-0004657,2025-02-10 21:00:00+00:00,affiliate,partner-network,impression,0.108,0.0,True
usr-00041,jrn-00082,evt-0000313,2025-02-10 21:00:00+00:00,display,display-retargeting,click,0.3,0.0,True
usr-00351,jrn-00703,evt-0002612,2025-02-10 21:00:00+00:00,affiliate,partner-network,impression,0.108,0.0,True
usr-00612,jrn-01225,evt-0004475,2025-02-10 22:00:00+00:00,display,display-retargeting,impression,0.036,0.0,True
usr-00713,jrn-01427,evt-0005188,2025-02-10 23:00:00+00:00,social,social-prospecting,impression,0.078,0.0,True
usr-00356,jrn-00712,evt-0002643,2025-02-10 23:00:00+00:00,affiliate,partner-network,click,0.9,0.0,True
usr-00236,jrn-00472,evt-0001739,2025-02-11 00:00:00+00:00,email,lifecycle-email,click,0.04,0.0,True
usr-00543,jrn-01087,evt-0004004,2025-02-11 00:00:00+00:00,email,lifecycle-email,click,0.04,0.0,True
usr-00041,jrn-00082,evt-0000312,2025-02-11 01:00:00+00:00,social,social-prospecting,click,0.65,0.0,True
usr-00881,jrn-01762,evt-0006407,2025-02-11 02:00:00+00:00,organic,seo-content,click,0.08,0.0,True
usr-00020,jrn-00040,evt-0000162,2025-02-11 03:00:00+00:00,display,display-retargeting,click,0.3,0.0,True
usr-00635,jrn-01270,evt-0004660,2025-02-11 03:00:00+00:00,social,social-prospecting,click,0.65,0.0,True
usr-00380,jrn-00760,evt-0002812,2025-02-11 03:00:00+00:00,display,display-retargeting,impression,0.036,0.0,True
usr-00202,jrn-00405,evt-0001485,2025-02-11 05:00:00+00:00,display,display-retargeting,impression,0.036,0.0,True
usr-00517,jrn-01035,evt-0003804,2025-02-11 05:00:00+00:00,affiliate,partner-network,impression,0.108,0.0,True
usr-00612,jrn-01225,evt-0004476,2025-02-11 07:00:00+00:00,email,lifecycle-email,click,0.04,0.0,True
usr-00443,jrn-00886,evt-0003279,2025-02-11 07:00:00+00:00,affiliate,partner-network,click,0.9,0.0,True
usr-00627,jrn-01255,evt-0004594,2025-02-11 07:00:00+00:00,social,social-prospecting,click,0.65,0.0,True
usr-00635,jrn-01270,evt-0004659,2025-02-11 07:00:00+00:00,affiliate,partner-network,click,0.9,0.0,True
usr-00351,jrn-00703,evt-0002613,2025-02-11 08:00:00+00:00,email,lifecycle-email,impression,0.0048,0.0,True
usr-00336,jrn-00673,evt-0002498,2025-02-11 08:00:00+00:00,email,lifecycle-email,conversion,0.0,29.43,True
usr-00886,jrn-01772,evt-0006443,2025-02-11 08:00:00+00:00,affiliate,partner-network,click,0.9,0.0,True
usr-00508,jrn-01017,evt-0003737,2025-02-11 09:00:00+00:00,email,lifecycle-email,impression,0.0048,0.0,True
usr-00308,jrn-00616,evt-0002285,2025-02-11 09:00:00+00:00,email,lifecycle-email,click,0.04,0.0,True
usr-00612,jrn-01225,evt-0004478,2025-02-11 10:00:00+00:00,affiliate,partner-network,click,0.9,0.0,True
usr-00543,jrn-01087,evt-0004002,2025-02-11 10:00:00+00:00,paid_search,brand-search,click,1.2,0.0,True
usr-00308,jrn-00616,evt-0002286,2025-02-11 14:00:00+00:00,affiliate,partner-network,impression,0.108,0.0,True
usr-00365,jrn-00730,evt-0002711,2025-02-11 14:00:00+00:00,social,social-prospecting,impression,0.078,0.0,True
usr-00132,jrn-00264,evt-0000966,2025-02-11 15:00:00+00:00,email,lifecycle-email,impression,0.0048,0.0,True
usr-00881,jrn-01762,evt-0006408,2025-02-11 15:00:00+00:00,display,display-retargeting,impression,0.036,0.0,True
usr-00202,jrn-00405,evt-0001486,2025-02-11 15:00:00+00:00,social,social-prospecting,impression,0.078,0.0,True
usr-00886,jrn-01772,evt-0006444,2025-02-11 16:00:00+00:00,email,lifecycle-email,click,0.04,0.0,True
usr-00380,jrn-00760,evt-0002813,2025-02-11 18:00:00+00:00,display,display-retargeting,impression,0.036,0.0,True
usr-00678,jrn-01357,evt-0004949,2025-02-11 18:00:00+00:00,social,social-prospecting,click,0.65,0.0,True
usr-00753,jrn-01506,evt-0005481,2025-02-11 20:00:00+00:00,display,display-retargeting,impression,0.036,0.0,True
usr-00678,jrn-01357,evt-0004950,2025-02-11 21:00:00+00:00,affiliate,partner-network,click,0.9,0.0,True
usr-00132,jrn-00264,evt-0000967,2025-02-11 23:00:00+00:00,organic,seo-content,click,0.08,0.0,True
usr-00380,jrn-00760,evt-0002816,2025-02-11 23:00:00+00:00,social,social-prospecting,impression,0.078,0.0,True
usr-00675,jrn-01351,evt-0004922,2025-02-11 23:00:00+00:00,social,social-prospecting,impression,0.078,0.0,True
usr-00370,jrn-00741,evt-0002748,2025-02-12 01:00:00+00:00,social,social-prospecting,impression,0.078,0.0,True
usr-00380,jrn-00760,evt-0002814,2025-02-12 01:00:00+00:00,display,display-retargeting,impression,0.036,0.0,True
usr-00206,jrn-00412,evt-0001512,2025-02-12 01:00:00+00:00,paid_search,brand-search,impression,0.144,0.0,True
usr-00543,jrn-01087,evt-0004003,2025-02-12 02:00:00+00:00,affiliate,partner-network,impression,0.108,0.0,True
usr-00886,jrn-01772,evt-0006446,2025-02-12 02:00:00+00:00,email,lifecycle-email,impression,0.0048,0.0,True
usr-00380,jrn-00760,evt-0002815,2025-02-12 03:00:00+00:00,organic,seo-content,impression,0.0096,0.0,True
usr-00206,jrn-00412,evt-0001513,2025-02-12 04:00:00+00:00,display,display-retargeting,impression,0.036,0.0,True
usr-00508,jrn-01017,evt-0003738,2025-02-12 04:00:00+00:00,paid_search,brand-search,click,1.2,0.0,True
usr-00678,jrn-01357,evt-0004951,2025-02-12 04:00:00+00:00,display,display-retargeting,impression,0.036,0.0,True
usr-00279,jrn-00558,evt-0002075,2025-02-12 04:00:00+00:00,email,lifecycle-email,click,0.04,0.0,True
usr-00356,jrn-00712,evt-0002645,2025-02-12 04:00:00+00:00,affiliate,partner-network,click,0.9,0.0,True
usr-00755,jrn-01510,evt-0005495,2025-02-12 05:00:00+00:00,affiliate,partner-network,click,0.9,0.0,True
usr-00635,jrn-01270,evt-0004658,2025-02-12 05:00:00+00:00,social,social-prospecting,impression,0.078,0.0,True
usr-00753,jrn-01506,evt-0005482,2025-02-12 05:00:00+00:00,social,social-prospecting,impression,0.078,0.0,True
usr-00612,jrn-01225,evt-0004477,2025-02-12 06:00:00+00:00,social,social-prospecting,click,0.65,0.0,True
usr-00388,jrn-00777,evt-0002870,2025-02-12 07:00:00+00:00,affiliate,partner-network,impression,0.108,0.0,True
usr-00822,jrn-01644,evt-0005994,2025-02-12 07:00:00+00:00,email,lifecycle-email,click,0.04,0.0,True
usr-00682,jrn-01365,evt-0004982,2025-02-12 09:00:00+00:00,email,lifecycle-email,click,0.04,0.0,True
usr-00097,jrn-00195,evt-0000733,2025-02-12 10:00:00+00:00,organic,seo-content,conversion,0.0,55.9,True
usr-00153,jrn-00307,evt-0001117,2025-02-12 11:00:00+00:00,organic,seo-content,impression,0.0096,0.0,True
usr-00753,jrn-01506,evt-0005485,2025-02-12 12:00:00+00:00,social,social-prospecting,click,0.65,0.0,True
usr-00132,jrn-00264,evt-0000968,2025-02-12 13:00:00+00:00,affiliate,partner-network,impression,0.108,0.0,True
usr-00206,jrn-00412,evt-0001515,2025-02-12 13:00:00+00:00,social,social-prospecting,impression,0.078,0.0,True
usr-00822,jrn-01644,evt-0005996,2025-02-12 15:00:00+00:00,display,display-retargeting,click,0.3,0.0,True
usr-00153,jrn-00307,evt-0001118,2025-02-12 15:00:00+00:00,organic,seo-content,click,0.08,0.0,True
usr-00012,jrn-00024,evt-0000098,2025-02-12 15:00:00+00:00,social,social-prospecting,click,0.65,0.0,True
usr-00822,jrn-01644,evt-0005997,2025-02-12 16:00:00+00:00,affiliate,partner-network,click,0.9,0.0,True
usr-00886,jrn-01772,evt-0006447,2025-02-12 16:00:00+00:00,affiliate,partner-network,impression,0.108,0.0,True
usr-00206,jrn-00412,evt-0001514,2025-02-12 17:00:00+00:00,email,lifecycle-email,click,0.04,0.0,True
usr-00370,jrn-00741,evt-0002749,2025-02-12 17:00:00+00:00,display,display-retargeting,click,0.3,0.0,True
usr-00206,jrn-00412,evt-0001516,2025-02-12 17:00:00+00:00,display,display-retargeting,click,0.3,0.0,True
usr-00370,jrn-00741,evt-0002750,2025-02-12 17:00:00+00:00,display,display-retargeting,impression,0.036,0.0,True
usr-00612,jrn-01225,evt-0004479,2025-02-12 18:00:00+00:00,paid_search,brand-search,click,1.2,0.0,True
usr-00886,jrn-01772,evt-0006445,2025-02-12 18:00:00+00:00,display,display-retargeting,click,0.3,0.0,True
usr-00153,jrn-00307,evt-0001119,2025-02-12 19:00:00+00:00,social,social-prospecting,impression,0.078,0.0,True
usr-00818,jrn-01636,evt-0005961,2025-02-12 19:00:00+00:00,display,display-retargeting,click,0.3,0.0,True
usr-00380,jrn-00760,evt-0002817,2025-02-12 19:00:00+00:00,affiliate,partner-network,click,0.9,0.0,True
usr-00753,jrn-01506,evt-0005483,2025-02-12 22:00:00+00:00,organic,seo-content,impression,0.0096,0.0,True
usr-00822,jrn-01644,evt-0005995,2025-02-12 22:00:00+00:00,organic,seo-content,click,0.08,0.0,True
usr-00675,jrn-01351,evt-0004923,2025-02-12 23:00:00+00:00,social,social-prospecting,conversion,0.0,124.57,True
usr-00818,jrn-01636,evt-0005962,2025-02-12 23:00:00+00:00,affiliate,partner-network,impression,0.108,0.0,True
usr-00682,jrn-01365,evt-0004983,2025-02-13 00:00:00+00:00,social,social-prospecting,impression,0.078,0.0,True
usr-00370,jrn-00741,evt-0002751,2025-02-13 01:00:00+00:00,social,social-prospecting,click,0.65,0.0,True
usr-00308,jrn-00616,evt-0002287,2025-02-13 01:00:00+00:00,affiliate,partner-network,conversion,0.0,59.03,True
usr-00753,jrn-01506,evt-0005484,2025-02-13 05:00:00+00:00,organic,seo-content,impression,0.0096,0.0,True
usr-00012,jrn-00024,evt-0000101,2025-02-13 06:00:00+00:00,affiliate,partner-network,impression,0.108,0.0,True
usr-00012,jrn-00024,evt-0000099,2025-02-13 08:00:00+00:00,email,lifecycle-email,click,0.04,0.0,True
usr-00370,jrn-00741,evt-0002752,2025-02-13 09:00:00+00:00,display,display-retargeting,click,0.3,0.0,True
usr-00310,jrn-00621,evt-0002308,2025-02-13 11:00:00+00:00,email,lifecycle-email,impression,0.0048,0.0,True
usr-00635,jrn-01270,evt-0004661,2025-02-13 12:00:00+00:00,organic,seo-content,click,0.08,0.0,True
usr-00678,jrn-01357,evt-0004952,2025-02-13 12:00:00+00:00,display,display-retargeting,impression,0.036,0.0,True
usr-00678,jrn-01357,evt-0004953,2025-02-13 14:00:00+00:00,email,lifecycle-email,impression,0.0048,0.0,True
usr-00712,jrn-01424,evt-0005178,2025-02-13 14:00:00+00:00,paid_search,brand-search,impression,0.144,0.0,True
usr-00012,jrn-00024,evt-0000102,2025-02-13 19:00:00+00:00,email,lifecycle-email,click,0.04,0.0,True
usr-00782,jrn-01565,evt-0005690,2025-02-13 20:00:00+00:00,email,lifecycle-email,click,0.04,0.0,True
usr-00535,jrn-01071,evt-0003937,2025-02-13 21:00:00+00:00,organic,seo-content,click,0.08,0.0,True
usr-00012,jrn-00024,evt-0000100,2025-02-13 23:00:00+00:00,display,display-retargeting,click,0.3,0.0,True
usr-00634,jrn-01269,evt-0004653,2025-02-14 00:00:00+00:00,paid_search,brand-search,click,1.2,0.0,True
usr-00712,jrn-01424,evt-0005179,2025-02-14 01:00:00+00:00,organic,seo-content,impression,0.0096,0.0,True
usr-00886,jrn-01772,evt-0006448,2025-02-14 01:00:00+00:00,display,display-retargeting,click,0.3,0.0,True
usr-00822,jrn-01644,evt-0005998,2025-02-14 03:00:00+00:00,affiliate,partner-network,impression,0.108,0.0,True
usr-00535,jrn-01071,evt-0003939,2025-02-14 03:00:00+00:00,organic,seo-content,click,0.08,0.0,True
usr-00634,jrn-01269,evt-0004654,2025-02-14 06:00:00+00:00,display,display-retargeting,click,0.3,0.0,True
usr-00634,jrn-01269,evt-0004655,2025-02-14 08:00:00+00:00,organic,seo-content,click,0.08,0.0,True
usr-00333,jrn-00666,evt-0002465,2025-02-14 08:00:00+00:00,organic,seo-content,impression,0.0096,0.0,True
usr-00219,jrn-00438,evt-0001618,2025-02-14 10:00:00+00:00,social,social-prospecting,impression,0.078,0.0,True
usr-00059,jrn-00118,evt-0000450,2025-02-14 11:00:00+00:00,paid_search,brand-search,impression,0.144,0.0,True
usr-00532,jrn-01065,evt-0003909,2025-02-14 11:00:00+00:00,paid_search,brand-search,click,1.2,0.0,True
usr-00782,jrn-01565,evt-0005691,2025-02-14 12:00:00+00:00,social,social-prospecting,impression,0.078,0.0,True
usr-00712,jrn-01424,evt-0005180,2025-02-14 12:00:00+00:00,paid_search,brand-search,click,1.2,0.0,True
usr-00535,jrn-01071,evt-0003940,2025-02-14 12:00:00+00:00,affiliate,partner-network,impression,0.108,0.0,True
usr-00535,jrn-01071,evt-0003938,2025-02-14 12:00:00+00:00,social,social-prospecting,click,0.65,0.0,True
usr-00281,jrn-00563,evt-0002085,2025-02-14 13:00:00+00:00,affiliate,partner-network,impression,0.108,0.0,True
usr-00153,jrn-00307,evt-0001120,2025-02-14 14:00:00+00:00,organic,seo-content,click,0.08,0.0,True
usr-00393,jrn-00787,evt-0002913,2025-02-14 15:00:00+00:00,display,display-retargeting,click,0.3,0.0,True
usr-00532,jrn-01065,evt-0003911,2025-02-14 15:00:00+00:00,display,display-retargeting,click,0.3,0.0,True
usr-00607,jrn-01214,evt-0004438,2025-02-14 17:00:00+00:00,display,display-retargeting,click,0.3,0.0,True
usr-00535,jrn-01071,evt-0003942,2025-02-14 17:00:00+00:00,paid_search,brand-search,click,1.2,0.0,True
usr-00012,jrn-00024,evt-0000103,2025-02-14 17:00:00+00:00,display,display-retargeting,click,0.3,0.0,True
usr-00753,jrn-01506,evt-0005486,2025-02-14 18:00:00+00:00,email,lifecycle-email,click,0.04,0.0,True
usr-00364,jrn-00729,evt-0002702,2025-02-14 20:00:00+00:00,display,display-retargeting,click,0.3,0.0,True
usr-00333,jrn-00666,evt-0002467,2025-02-15 00:00:00+00:00,display,display-retargeting,impression,0.036,0.0,True
usr-00333,jrn-00666,evt-0002466,2025-02-15 01:00:00+00:00,affiliate,partner-network,impression,0.108,0.0,True
usr-00782,jrn-01565,evt-0005692,2025-02-15 02:00:00+00:00,organic,seo-content,click,0.08,0.0,False
usr-00059,jrn-00118,evt-0000451,2025-02-15 02:00:00+00:00,affiliate,partner-network,impression,0.108,0.0,True
usr-00607,jrn-01214,evt-0004441,2025-02-15 02:00:00+00:00,display,display-retargeting,click,0.3,0.0,True
usr-00842,jrn-01684,evt-0006128,2025-02-15 03:00:00+00:00,affiliate,partner-network,click,0.9,0.0,True
usr-00219,jrn-00438,evt-0001619,2025-02-15 03:00:00+00:00,display,display-retargeting,click,0.3,0.0,True
usr-00315,jrn-00631,evt-0002346,2025-02-15 03:00:00+00:00,paid_search,brand-search,click,1.2,0.0,True
usr-00532,jrn-01065,evt-0003910,2025-02-15 04:00:00+00:00,display,display-retargeting,impression,0.036,0.0,True
usr-00607,jrn-01214,evt-0004439,2025-02-15 04:00:00+00:00,paid_search,brand-search,click,1.2,0.0,True
usr-00607,jrn-01214,evt-0004440,2025-02-15 05:00:00+00:00,social,social-prospecting,click,0.65,0.0,True
usr-00393,jrn-00787,evt-0002914,2025-02-15 06:00:00+00:00,organic,seo-content,impression,0.0096,0.0,True
usr-00842,jrn-01684,evt-0006129,2025-02-15 06:00:00+00:00,organic,seo-content,impression,0.0096,0.0,True
usr-00646,jrn-01292,evt-0004729,2025-02-15 08:00:00+00:00,display,display-retargeting,click,0.3,0.0,True
usr-00390,jrn-00781,evt-0002885,2025-02-15 08:00:00+00:00,affiliate,partner-network,click,0.9,0.0,True
usr-00364,jrn-00729,evt-0002703,2025-02-15 08:00:00+00:00,email,lifecycle-email,click,0.04,0.0,True
usr-00826,jrn-01652,evt-0006025,2025-02-15 10:00:00+00:00,affiliate,partner-network,click,0.9,0.0,True
usr-00655,jrn-01311,evt-0004792,2025-02-15 12:00:00+00:00,display,display-retargeting,click,0.3,0.0,True
usr-00364,jrn-00729,evt-0002704,2025-02-15 12:00:00+00:00,organic,seo-content,click,0.08,0.0,True
usr-00826,jrn-01652,evt-0006026,2025-02-15 12:00:00+00:00,social,social-prospecting,impression,0.078,0.0,True
usr-00535,jrn-01071,evt-0003941,2025-02-15 13:00:00+00:00,affiliate,partner-network,impression,0.108,0.0,True
usr-00678,jrn-01357,evt-0004954,2025-02-15 14:00:00+00:00,email,lifecycle-email,conversion,0.0,68.2,True
usr-00532,jrn-01065,evt-0003912,2025-02-15 14:00:00+00:00,display,display-retargeting,impression,0.036,0.0,True
usr-00532,jrn-01065,evt-0003913,2025-02-15 15:00:00+00:00,display,display-retargeting,click,0.3,0.0,True
usr-00491,jrn-00983,evt-0003621,2025-02-15 15:00:00+00:00,social,social-prospecting,click,0.65,0.0,False
usr-00364,jrn-00729,evt-0002706,2025-02-15 16:00:00+00:00,email,lifecycle-email,click,0.04,0.0,True
usr-00615,jrn-01231,evt-0004507,2025-02-15 16:00:00+00:00,paid_search,brand-search,impression,0.144,0.0,True
usr-00712,jrn-01424,evt-0005183,2025-02-15 16:00:00+00:00,paid_search,brand-search,click,1.2,0.0,True
usr-00712,jrn-01424,evt-0005181,2025-02-15 17:00:00+00:00,display,display-retargeting,click,0.3,0.0,True
usr-00607,jrn-01214,evt-0004442,2025-02-15 17:00:00+00:00,display,display-retargeting,impression,0.036,0.0,True
usr-00636,jrn-01272,evt-0004667,2025-02-15 18:00:00+00:00,social,social-prospecting,click,0.65,0.0,True
usr-00826,jrn-01652,evt-0006027,2025-02-15 18:00:00+00:00,organic,seo-content,impression,0.0096,0.0,True
usr-00393,jrn-00787,evt-0002915,2025-02-15 19:00:00+00:00,display,display-retargeting,impression,0.036,0.0,True
usr-00144,jrn-00289,evt-0001057,2025-02-15 19:00:00+00:00,paid_search,brand-search,impression,0.144,0.0,True
usr-00219,jrn-00438,evt-0001620,2025-02-15 20:00:00+00:00,email,lifecycle-email,click,0.04,0.0,True
usr-00399,jrn-00798,evt-0002962,2025-02-15 21:00:00+00:00,paid_search,brand-search,impression,0.144,0.0,True
usr-00407,jrn-00814,evt-0003024,2025-02-15 22:00:00+00:00,email,lifecycle-email,impression,0.0048,0.0,True
usr-00390,jrn-00781,evt-0002886,2025-02-15 23:00:00+00:00,paid_search,brand-search,click,1.2,0.0,True
usr-00394,jrn-00789,evt-0002924,2025-02-15 23:00:00+00:00,display,display-retargeting,click,0.3,0.0,True
usr-00362,jrn-00724,evt-0002676,2025-02-16 00:00:00+00:00,affiliate,partner-network,click,0.9,0.0,True
usr-00393,jrn-00787,evt-0002916,2025-02-16 00:00:00+00:00,affiliate,partner-network,impression,0.108,0.0,True
usr-00343,jrn-00687,evt-0002543,2025-02-16 01:00:00+00:00,paid_search,brand-search,click,1.2,0.0,True
usr-00362,jrn-00724,evt-0002677,2025-02-16 02:00:00+00:00,paid_search,brand-search,click,1.2,0.0,True
usr-00394,jrn-00789,evt-0002925,2025-02-16 02:00:00+00:00,social,social-prospecting,click,0.65,0.0,True
usr-00655,jrn-01311,evt-0004793,2025-02-16 03:00:00+00:00,email,lifecycle-email,impression,0.0048,0.0,True
usr-00399,jrn-00798,evt-0002963,2025-02-16 03:00:00+00:00,paid_search,brand-search,impression,0.144,0.0,True
usr-00390,jrn-00781,evt-0002890,2025-02-16 04:00:00+00:00,affiliate,partner-network,impression,0.108,0.0,True
usr-00219,jrn-00438,evt-0001621,2025-02-16 04:00:00+00:00,organic,seo-content,click,0.08,0.0,True
usr-00636,jrn-01272,evt-0004672,2025-02-16 04:00:00+00:00,email,lifecycle-email,impression,0.0048,0.0,True
usr-00636,jrn-01272,evt-0004668,2025-02-16 05:00:00+00:00,affiliate,partner-network,click,0.9,0.0,False
usr-00712,jrn-01424,evt-0005182,2025-02-16 06:00:00+00:00,paid_search,brand-search,click,1.2,0.0,True
usr-00258,jrn-00517,evt-0001922,2025-02-16 06:00:00+00:00,affiliate,partner-network,click,0.9,0.0,True
usr-00491,jrn-00983,evt-0003622,2025-02-16 06:00:00+00:00,social,social-prospecting,impression,0.078,0.0,True
usr-00756,jrn-01513,evt-0005505,2025-02-16 06:00:00+00:00,paid_search,brand-search,click,1.2,0.0,True
usr-00407,jrn-00814,evt-0003025,2025-02-16 07:00:00+00:00,display,display-retargeting,impression,0.036,0.0,True
usr-00390,jrn-00781,evt-0002888,2025-02-16 08:00:00+00:00,affiliate,partner-network,click,0.9,0.0,True
usr-00646,jrn-01292,evt-0004730,2025-02-16 08:00:00+00:00,display,display-retargeting,conversion,0.0,97.6,True
usr-00394,jrn-00789,evt-0002929,2025-02-16 09:00:00+00:00,affiliate,partner-network,impression,0.108,0.0,True
usr-00491,jrn-00983,evt-0003624,2025-02-16 09:00:00+00:00,social,social-prospecting,impression,0.078,0.0,True
usr-00258,jrn-00517,evt-0001924,2025-02-16 10:00:00+00:00,paid_search,brand-search,click,1.2,0.0,True
usr-00407,jrn-00814,evt-0003027,2025-02-16 10:00:00+00:00,social,social-prospecting,impression,0.078,0.0,True
usr-00394,jrn-00789,evt-0002928,2025-02-16 11:00:00+00:00,paid_search,brand-search,impression,0.144,0.0,True
usr-00258,jrn-00517,evt-0001923,2025-02-16 11:00:00+00:00,display,display-retargeting,click,0.3,0.0,True
usr-00615,jrn-01231,evt-0004508,2025-02-16 11:00:00+00:00,paid_search,brand-search,conversion,0.0,186.01,True
usr-00756,jrn-01513,evt-0005506,2025-02-16 11:00:00+00:00,paid_search,brand-search,click,1.2,0.0,True
usr-00399,jrn-00798,evt-0002967,2025-02-16 12:00:00+00:00,organic,seo-content,impression,0.0096,0.0,False
usr-00636,jrn-01272,evt-0004669,2025-02-16 14:00:00+00:00,organic,seo-content,impression,0.0096,0.0,True
usr-00364,jrn-00729,evt-0002705,2025-02-16 14:00:00+00:00,display,display-retargeting,impression,0.036,0.0,True
usr-00390,jrn-00781,evt-0002887,2025-02-16 14:00:00+00:00,email,lifecycle-email,click,0.04,0.0,True
usr-00491,jrn-00983,evt-0003623,2025-02-16 17:00:00+00:00,affiliate,partner-network,impression,0.108,0.0,True
usr-00756,jrn-01513,evt-0005507,2025-02-16 20:00:00+00:00,organic,seo-content,click,0.08,0.0,True
usr-00407,jrn-00814,evt-0003026,2025-02-16 20:00:00+00:00,affiliate,partner-network,click,0.9,0.0,True
usr-00655,jrn-01311,evt-0004794,2025-02-16 20:00:00+00:00,affiliate,partner-network,impression,0.108,0.0,True
usr-00394,jrn-00789,evt-0002927,2025-02-16 20:00:00+00:00,organic,seo-content,click,0.08,0.0,True
usr-00219,jrn-00438,evt-0001623,2025-02-16 22:00:00+00:00,affiliate,partner-network,impression,0.108,0.0,True
usr-00219,jrn-00438,evt-0001622,2025-02-16 22:00:00+00:00,social,social-prospecting,impression,0.078,0.0,True
usr-00362,jrn-00724,evt-0002678,2025-02-16 22:00:00+00:00,social,social-prospecting,click,0.65,0.0,True
usr-00592,jrn-01184,evt-0004328,2025-02-17 00:00:00+00:00,email,lifecycle-email,click,0.04,0.0,True
usr-00394,jrn-00789,evt-0002926,2025-02-17 01:00:00+00:00,social,social-prospecting,click,0.65,0.0,True
usr-00713,jrn-01426,evt-0005187,2025-02-17 02:00:00+00:00,email,lifecycle-email,click,0.04,0.0,True
usr-00258,jrn-00517,evt-0001927,2025-02-17 02:00:00+00:00,email,lifecycle-email,impression,0.0048,0.0,True
usr-00393,jrn-00787,evt-0002917,2025-02-17 03:00:00+00:00,affiliate,partner-network,impression,0.108,0.0,True
usr-00362,jrn-00724,evt-0002679,2025-02-17 03:00:00+00:00,organic,seo-content,click,0.08,0.0,True
usr-00390,jrn-00781,evt-0002889,2025-02-17 04:00:00+00:00,organic,seo-content,click,0.08,0.0,True
usr-00636,jrn-01272,evt-0004671,2025-02-17 06:00:00+00:00,organic,seo-content,click,0.08,0.0,True
usr-00636,jrn-01272,evt-0004670,2025-02-17 06:00:00+00:00,organic,seo-content,impression,0.0096,0.0,True
usr-00592,jrn-01184,evt-0004329,2025-02-17 07:00:00+00:00,email,lifecycle-email,click,0.04,0.0,True
usr-00399,jrn-00798,evt-0002964,2025-02-17 07:00:00+00:00,display,display-retargeting,click,0.3,0.0,True
usr-00008,jrn-00017,evt-0000066,2025-02-17 10:00:00+00:00,affiliate,partner-network,impression,0.108,0.0,True
usr-00592,jrn-01184,evt-0004331,2025-02-17 12:00:00+00:00,paid_search,brand-search,impression,0.144,0.0,True
usr-00451,jrn-00902,evt-0003326,2025-02-17 12:00:00+00:00,email,lifecycle-email,click,0.04,0.0,True
usr-00258,jrn-00517,evt-0001925,2025-02-17 12:00:00+00:00,display,display-retargeting,impression,0.036,0.0,True
usr-00655,jrn-01311,evt-0004795,2025-02-17 12:00:00+00:00,affiliate,partner-network,click,0.9,0.0,True
usr-00672,jrn-01344,evt-0004895,2025-02-17 16:00:00+00:00,display,display-retargeting,click,0.3,0.0,True
usr-00284,jrn-00569,evt-0002107,2025-02-17 16:00:00+00:00,paid_search,brand-search,click,1.2,0.0,True
usr-00008,jrn-00017,evt-0000067,2025-02-17 18:00:00+00:00,display,display-retargeting,click,0.3,0.0,True
usr-00399,jrn-00798,evt-0002965,2025-02-17 18:00:00+00:00,affiliate,partner-network,click,0.9,0.0,True
usr-00207,jrn-00414,evt-0001520,2025-02-17 19:00:00+00:00,organic,seo-content,impression,0.0096,0.0,True
usr-00672,jrn-01344,evt-0004897,2025-02-17 20:00:00+00:00,email,lifecycle-email,click,0.04,0.0,True
usr-00451,jrn-00902,evt-0003329,2025-02-17 21:00:00+00:00,organic,seo-content,impression,0.0096,0.0,True
usr-00231,jrn-00462,evt-0001694,2025-02-17 21:00:00+00:00,affiliate,partner-network,click,0.9,0.0,True
usr-00672,jrn-01344,evt-0004898,2025-02-17 22:00:00+00:00,display,display-retargeting,click,0.3,0.0,True
usr-00407,jrn-00814,evt-0003028,2025-02-17 22:00:00+00:00,display,display-retargeting,click,0.3,0.0,True
usr-00258,jrn-00517,evt-0001926,2025-02-17 22:00:00+00:00,email,lifecycle-email,click,0.04,0.0,True
usr-00867,jrn-01735,evt-0006312,2025-02-17 22:00:00+00:00,social,social-prospecting,click,0.65,0.0,True
usr-00207,jrn-00414,evt-0001521,2025-02-18 00:00:00+00:00,organic,seo-content,click,0.08,0.0,True
usr-00362,jrn-00724,evt-0002680,2025-02-18 00:00:00+00:00,organic,seo-content,click,0.08,0.0,True
usr-00207,jrn-00414,evt-0001522,2025-02-18 01:00:00+00:00,social,social-prospecting,click,0.65,0.0,True
usr-00637,jrn-01274,evt-0004676,2025-02-18 02:00:00+00:00,paid_search,brand-search,impression,0.144,0.0,True
usr-00501,jrn-01002,evt-0003688,2025-02-18 02:00:00+00:00,paid_search,brand-search,click,1.2,0.0,True
usr-00231,jrn-00462,evt-0001695,2025-02-18 03:00:00+00:00,paid_search,brand-search,impression,0.144,0.0,True
usr-00672,jrn-01344,evt-0004896,2025-02-18 03:00:00+00:00,email,lifecycle-email,click,0.04,0.0,True
usr-00784,jrn-01568,evt-0005701,2025-02-18 03:00:00+00:00,paid_search,brand-search,impression,0.144,0.0,True
usr-00451,jrn-00902,evt-0003327,2025-02-18 04:00:00+00:00,organic,seo-content,impression,0.0096,0.0,True
usr-00592,jrn-01184,evt-0004330,2025-02-18 04:00:00+00:00,display,display-retargeting,click,0.3,0.0,True
usr-00284,jrn-00569,evt-0002108,2025-02-18 04:00:00+00:00,paid_search,brand-search,click,1.2,0.0,True
usr-00672,jrn-01344,evt-0004900,2025-02-18 07:00:00+00:00,social,social-prospecting,impression,0.078,0.0,True
usr-00008,jrn-00017,evt-0000069,2025-02-18 07:00:00+00:00,social,social-prospecting,click,0.65,0.0,True
usr-00451,jrn-00902,evt-0003330,2025-02-18 08:00:00+00:00,social,social-prospecting,impression,0.078,0.0,True
usr-00008,jrn-00017,evt-0000070,2025-02-18 10:00:00+00:00,social,social-prospecting,impression,0.078,0.0,True
usr-00501,jrn-01002,evt-0003690,2025-02-18 10:00:00+00:00,email,lifecycle-email,impression,0.0048,0.0,True
usr-00784,jrn-01568,evt-0005703,2025-02-18 11:00:00+00:00,email,lifecycle-email,impression,0.0048,0.0,True
usr-00008,jrn-00017,evt-0000068,2025-02-18 12:00:00+00:00,social,social-prospecting,click,0.65,0.0,True
usr-00284,jrn-00569,evt-0002109,2025-02-18 12:00:00+00:00,display,display-retargeting,click,0.3,0.0,True
usr-00231,jrn-00462,evt-0001696,2025-02-18 13:00:00+00:00,organic,seo-content,click,0.08,0.0,True
usr-00784,jrn-01568,evt-0005702,2025-02-18 13:00:00+00:00,social,social-prospecting,impression,0.078,0.0,True
usr-00867,jrn-01735,evt-0006314,2025-02-18 14:00:00+00:00,affiliate,partner-network,impression,0.108,0.0,True
usr-00867,jrn-01735,evt-0006316,2025-02-18 14:00:00+00:00,organic,seo-content,click,0.08,0.0,True
usr-00867,jrn-01735,evt-0006313,2025-02-18 15:00:00+00:00,social,social-prospecting,impression,0.078,0.0,True
usr-00784,jrn-01568,evt-0005704,2025-02-18 15:00:00+00:00,affiliate,partner-network,click,0.9,0.0,True
usr-00074,jrn-00149,evt-0000569,2025-02-18 17:00:00+00:00,paid_search,brand-search,click,1.2,0.0,True
usr-00399,jrn-00798,evt-0002966,2025-02-18 17:00:00+00:00,paid_search,brand-search,click,1.2,0.0,True
usr-00784,jrn-01568,evt-0005705,2025-02-18 19:00:00+00:00,affiliate,partner-network,click,0.9,0.0,True
usr-00501,jrn-01002,evt-0003689,2025-02-18 19:00:00+00:00,organic,seo-content,impression,0.0096,0.0,True
usr-00451,jrn-00902,evt-0003328,2025-02-18 20:00:00+00:00,social,social-prospecting,impression,0.078,0.0,False
usr-00655,jrn-01311,evt-0004796,2025-02-18 21:00:00+00:00,affiliate,partner-network,conversion,0.0,108.91,True
usr-00463,jrn-00927,evt-0003432,2025-02-18 21:00:00+00:00,social,social-prospecting,click,0.65,0.0,True
usr-00074,jrn-00149,evt-0000570,2025-02-19 00:00:00+00:00,paid_search,brand-search,impression,0.144,0.0,True
usr-00041,jrn-00083,evt-0000314,2025-02-19 00:00:00+00:00,email,lifecycle-email,impression,0.0048,0.0,True
usr-00238,jrn-00477,evt-0001757,2025-02-19 02:00:00+00:00,organic,seo-content,click,0.08,0.0,True
usr-00866,jrn-01733,evt-0006308,2025-02-19 03:00:00+00:00,organic,seo-content,click,0.08,0.0,True
usr-00672,jrn-01344,evt-0004899,2025-02-19 04:00:00+00:00,affiliate,partner-network,click,0.9,0.0,True
usr-00553,jrn-01106,evt-0004070,2025-02-19 05:00:00+00:00,email,lifecycle-email,impression,0.0048,0.0,True
usr-00559,jrn-01119,evt-0004105,2025-02-19 06:00:00+00:00,organic,seo-content,click,0.08,0.0,True
usr-00894,jrn-01789,evt-0006512,2025-02-19 06:00:00+00:00,paid_search,brand-search,impression,0.144,0.0,True
usr-00145,jrn-00291,evt-0001064,2025-02-19 06:00:00+00:00,paid_search,brand-search,click,1.2,0.0,True
usr-00866,jrn-01733,evt-0006309,2025-02-19 09:00:00+00:00,organic,seo-content,click,0.08,0.0,True
usr-00348,jrn-00696,evt-0002584,2025-02-19 09:00:00+00:00,paid_search,brand-search,impression,0.144,0.0,True
usr-00050,jrn-00101,evt-0000388,2025-02-19 09:00:00+00:00,paid_search,brand-search,impression,0.144,0.0,True
usr-00843,jrn-01687,evt-0006138,2025-02-19 09:00:00+00:00,paid_search,brand-search,click,1.2,0.0,True
usr-00888,jrn-01776,evt-0006461,2025-02-19 10:00:00+00:00,email,lifecycle-email,click,0.04,0.0,True
usr-00145,jrn-00291,evt-0001065,2025-02-19 12:00:00+00:00,organic,seo-content,click,0.08,0.0,True
usr-00231,jrn-00462,evt-0001697,2025-02-19 12:00:00+00:00,display,display-retargeting,impression,0.036,0.0,True
usr-00559,jrn-01119,evt-0004106,2025-02-19 14:00:00+00:00,paid_search,brand-search,impression,0.144,0.0,True
usr-00348,jrn-00696,evt-0002585,2025-02-19 15:00:00+00:00,paid_search,brand-search,click,1.2,0.0,True
usr-00866,jrn-01733,evt-0006310,2025-02-19 15:00:00+00:00,display,display-retargeting,click,0.3,0.0,True
usr-00531,jrn-01063,evt-0003906,2025-02-19 17:00:00+00:00,affiliate,partner-network,impression,0.108,0.0,True
usr-00074,jrn-00149,evt-0000571,2025-02-19 17:00:00+00:00,affiliate,partner-network,impression,0.108,0.0,True
usr-00128,jrn-00257,evt-0000950,2025-02-19 17:00:00+00:00,affiliate,partner-network,click,0.9,0.0,True
usr-00348,jrn-00696,evt-0002586,2025-02-19 17:00:00+00:00,paid_search,brand-search,click,1.2,0.0,True
usr-00894,jrn-01789,evt-0006513,2025-02-19 18:00:00+00:00,affiliate,partner-network,click,0.9,0.0,True
usr-00050,jrn-00101,evt-0000389,2025-02-19 18:00:00+00:00,display,display-retargeting,click,0.3,0.0,True
usr-00238,jrn-00477,evt-0001761,2025-02-19 18:00:00+00:00,social,social-prospecting,click,0.65,0.0,True
usr-00238,jrn-00477,evt-0001758,2025-02-19 19:00:00+00:00,social,social-prospecting,click,0.65,0.0,True
usr-00867,jrn-01735,evt-0006315,2025-02-19 22:00:00+00:00,organic,seo-content,impression,0.0096,0.0,True
usr-00050,jrn-00101,evt-0000390,2025-02-19 23:00:00+00:00,display,display-retargeting,impression,0.036,0.0,True
usr-00829,jrn-01659,evt-0006047,2025-02-20 00:00:00+00:00,affiliate,partner-network,click,0.9,0.0,True
usr-00888,jrn-01776,evt-0006462,2025-02-20 02:00:00+00:00,social,social-prospecting,click,0.65,0.0,True
usr-00238,jrn-00477,evt-0001759,2025-02-20 04:00:00+00:00,display,display-retargeting,impression,0.036,0.0,True
usr-00888,jrn-01776,evt-0006463,2025-02-20 04:00:00+00:00,social,social-prospecting,click,0.65,0.0,True
usr-00661,jrn-01323,evt-0004829,2025-02-20 06:00:00+00:00,email,lifecycle-email,impression,0.0048,0.0,True
usr-00733,jrn-01467,evt-0005331,2025-02-20 06:00:00+00:00,display,display-retargeting,click,0.3,0.0,True
usr-00252,jrn-00505,evt-0001873,2025-02-20 06:00:00+00:00,organic,seo-content,impression,0.0096,0.0,True
usr-00829,jrn-01659,evt-0006048,2025-02-20 08:00:00+00:00,organic,seo-content,impression,0.0096,0.0,True
usr-00050,jrn-00101,evt-0000391,2025-02-20 09:00:00+00:00,organic,seo-content,impression,0.0096,0.0,True
usr-00888,jrn-01776,evt-0006465,2025-02-20 10:00:00+00:00,email,lifecycle-email,impression,0.0048,0.0,True
usr-00582,jrn-01164,evt-0004261,2025-02-20 10:00:00+00:00,paid_search,brand-search,click,1.2,0.0,True
usr-00733,jrn-01467,evt-0005332,2025-02-20 10:00:00+00:00,organic,seo-content,click,0.08,0.0,True
usr-00212,jrn-00424,evt-0001559,2025-02-20 13:00:00+00:00,paid_search,brand-search,click,1.2,0.0,True
usr-00252,jrn-00505,evt-0001874,2025-02-20 14:00:00+00:00,social,social-prospecting,impression,0.078,0.0,True
usr-00632,jrn-01265,evt-0004638,2025-02-20 18:00:00+00:00,paid_search,brand-search,impression,0.144,0.0,True
usr-00829,jrn-01659,evt-0006050,2025-02-20 18:00:00+00:00,paid_search,brand-search,click,1.2,0.0,True
usr-00829,jrn-01659,evt-0006049,2025-02-20 18:00:00+00:00,display,display-retargeting,click,0.3,0.0,True
usr-00357,jrn-00715,evt-0002654,2025-02-20 19:00:00+00:00,affiliate,partner-network,click,0.9,0.0,True
usr-00661,jrn-01323,evt-0004830,2025-02-20 20:00:00+00:00,organic,seo-content,click,0.08,0.0,True
usr-00634,jrn-01268,evt-0004647,2025-02-20 21:00:00+00:00,affiliate,partner-network,click,0.9,0.0,True
usr-00888,jrn-01776,evt-0006464,2025-02-20 22:00:00+00:00,paid_search,brand-search,click,1.2,0.0,True
usr-00786,jrn-01573,evt-0005719,2025-02-20 22:00:00+00:00,organic,seo-content,click,0.08,0.0,True
usr-00582,jrn-01164,evt-0004262,2025-02-21 00:00:00+00:00,display,display-retargeting,impression,0.036,0.0,True
usr-00238,jrn-00477,evt-0001760,2025-02-21 02:00:00+00:00,display,display-retargeting,click,0.3,0.0,True
usr-00212,jrn-00424,evt-0001560,2025-02-21 02:00:00+00:00,social,social-prospecting,click,0.65,0.0,True
usr-00812,jrn-01624,evt-0005911,2025-02-21 02:00:00+00:00,display,display-retargeting,impression,0.036,0.0,True
usr-00733,jrn-01467,evt-0005333,2025-02-21 04:00:00+00:00,paid_search,brand-search,click,1.2,0.0,True
usr-00212,jrn-00424,evt-0001563,2025-02-21 05:00:00+00:00,organic,seo-content,click,0.08,0.0,True
usr-00092,jrn-00184,evt-0000691,2025-02-21 06:00:00+00:00,organic,seo-content,click,0.08,0.0,True
usr-00582,jrn-01164,evt-0004263,2025-02-21 06:00:00+00:00,email,lifecycle-email,click,0.04,0.0,True
usr-00891,jrn-01783,evt-0006491,2025-02-21 06:00:00+00:00,affiliate,partner-network,impression,0.108,0.0,True
usr-00661,jrn-01323,evt-0004831,2025-02-21 08:00:00+00:00,social,social-prospecting,click,0.65,0.0,True
usr-00786,jrn-01573,evt-0005721,2025-02-21 08:00:00+00:00,email,lifecycle-email,click,0.04,0.0,True
usr-00701,jrn-01402,evt-0005097,2025-02-21 08:00:00+00:00,social,social-prospecting,impression,0.078,0.0,True
usr-00634,jrn-01268,evt-0004648,2025-02-21 09:00:00+00:00,affiliate,partner-network,click,0.9,0.0,True
usr-00212,jrn-00424,evt-0001561,2025-02-21 09:00:00+00:00,affiliate,partner-network,impression,0.108,0.0,True
usr-00238,jrn-00477,evt-0001762,2025-02-21 09:00:00+00:00,affiliate,partner-network,click,0.9,0.0,True
usr-00733,jrn-01467,evt-0005334,2025-02-21 09:00:00+00:00,email,lifecycle-email,click,0.04,0.0,True
usr-00891,jrn-01783,evt-0006492,2025-02-21 09:00:00+00:00,social,social-prospecting,click,0.65,0.0,True
usr-00092,jrn-00184,evt-0000693,2025-02-21 10:00:00+00:00,display,display-retargeting,click,0.3,0.0,True
usr-00818,jrn-01637,evt-0005963,2025-02-21 10:00:00+00:00,organic,seo-content,click,0.08,0.0,True
usr-00786,jrn-01573,evt-0005720,2025-02-21 10:00:00+00:00,affiliate,partner-network,click,0.9,0.0,True
usr-00891,jrn-01783,evt-0006493,2025-02-21 10:00:00+00:00,paid_search,brand-search,impression,0.144,0.0,True
usr-00812,jrn-01624,evt-0005914,2025-02-21 11:00:00+00:00,affiliate,partner-network,impression,0.108,0.0,True
usr-00818,jrn-01637,evt-0005964,2025-02-21 12:00:00+00:00,display,display-retargeting,click,0.3,0.0,True
usr-00252,jrn-00505,evt-0001875,2025-02-21 12:00:00+00:00,email,lifecycle-email,impression,0.0048,0.0,True
usr-00812,jrn-01624,evt-0005912,2025-02-21 13:00:00+00:00,display,display-retargeting,click,0.3,0.0,True
usr-00492,jrn-00984,evt-0003625,2025-02-21 13:00:00+00:00,affiliate,partner-network,click,0.9,0.0,True
usr-00092,jrn-00184,evt-0000692,2025-02-21 13:00:00+00:00,paid_search,brand-search,click,1.2,0.0,True
usr-00473,jrn-00946,evt-0003496,2025-02-21 13:00:00+00:00,social,social-prospecting,click,0.65,0.0,True
usr-00050,jrn-00101,evt-0000392,2025-02-21 17:00:00+00:00,organic,seo-content,impression,0.0096,0.0,True
usr-00473,jrn-00946,evt-0003497,2025-02-21 18:00:00+00:00,paid_search,brand-search,click,1.2,0.0,True
usr-00473,jrn-00946,evt-0003498,2025-02-21 19:00:00+00:00,paid_search,brand-search,impression,0.144,0.0,True
usr-00812,jrn-01624,evt-0005916,2025-02-21 22:00:00+00:00,email,lifecycle-email,impression,0.0048,0.0,True
usr-00812,jrn-01624,evt-0005913,2025-02-22 00:00:00+00:00,affiliate,partner-network,click,0.9,0.0,True
usr-00701,jrn-01402,evt-0005098,2025-02-22 00:00:00+00:00,organic,seo-content,click,0.08,0.0,True
usr-00719,jrn-01438,evt-0005232,2025-02-22 01:00:00+00:00,affiliate,partner-network,impression,0.108,0.0,True
usr-00730,jrn-01460,evt-0005300,2025-02-22 02:00:00+00:00,email,lifecycle-email,click,0.04,0.0,True
usr-00707,jrn-01414,evt-0005148,2025-02-22 04:00:00+00:00,affiliate,partner-network,impression,0.108,0.0,True
usr-00541,jrn-01083,evt-0003985,2025-02-22 04:00:00+00:00,affiliate,partner-network,click,0.9,0.0,True
usr-00492,jrn-00984,evt-0003627,2025-02-22 05:00:00+00:00,affiliate,partner-network,click,0.9,0.0,True
usr-00634,jrn-01268,evt-0004649,2025-02-22 05:00:00+00:00,organic,seo-content,click,0.08,0.0,True
usr-00492,jrn-00984,evt-0003626,2025-02-22 06:00:00+00:00,organic,seo-content,click,0.08,0.0,True
usr-00373,jrn-00746,evt-0002767,2025-02-22 08:00:00+00:00,display,display-retargeting,click,0.3,0.0,True
usr-00701,jrn-01402,evt-0005099,2025-02-22 08:00:00+00:00,email,lifecycle-email,impression,0.0048,0.0,True
usr-00269,jrn-00538,evt-0002004,2025-02-22 10:00:00+00:00,display,display-retargeting,click,0.3,0.0,True
usr-00582,jrn-01164,evt-0004264,2025-02-22 10:00:00+00:00,paid_search,brand-search,click,1.2,0.0,True
usr-00212,jrn-00424,evt-0001562,2025-02-22 10:00:00+00:00,social,social-prospecting,impression,0.078,0.0,True
usr-00657,jrn-01314,evt-0004800,2025-02-22 12:00:00+00:00,email,lifecycle-email,click,0.04,0.0,True
usr-00818,jrn-01637,evt-0005965,2025-02-22 12:00:00+00:00,display,display-retargeting,click,0.3,0.0,True
usr-00799,jrn-01599,evt-0005824,2025-02-22 13:00:00+00:00,affiliate,partner-network,impression,0.108,0.0,True
usr-00098,jrn-00197,evt-0000737,2025-02-22 13:00:00+00:00,paid_search,brand-search,impression,0.144,0.0,True
usr-00733,jrn-01467,evt-0005335,2025-02-22 14:00:00+00:00,affiliate,partner-network,impression,0.108,0.0,True
usr-00092,jrn-00184,evt-0000695,2025-02-22 14:00:00+00:00,social,social-prospecting,impression,0.078,0.0,True
usr-00541,jrn-01083,evt-0003986,2025-02-22 14:00:00+00:00,social,social-prospecting,impression,0.078,0.0,True
usr-00025,jrn-00051,evt-0000197,2025-02-22 15:00:00+00:00,affiliate,partner-network,click,0.9,0.0,True
usr-00098,jrn-00197,evt-0000738,2025-02-22 15:00:00+00:00,email,lifecycle-email,click,0.04,0.0,True
usr-00799,jrn-01599,evt-0005825,2025-02-22 17:00:00+00:00,social,social-prospecting,impression,0.078,0.0,True
usr-00634,jrn-01268,evt-0004650,2025-02-22 18:00:00+00:00,social,social-prospecting,click,0.65,0.0,True
usr-00884,jrn-01769,evt-0006433,2025-02-22 19:00:00+00:00,email,lifecycle-email,impression,0.0048,0.0,True
usr-00810,jrn-01620,evt-0005900,2025-02-22 19:00:00+00:00,email,lifecycle-email,impression,0.0048,0.0,True
usr-00469,jrn-00939,evt-0003470,2025-02-22 20:00:00+00:00,display,display-retargeting,click,0.3,0.0,True
usr-00067,jrn-00134,evt-0000509,2025-02-22 20:00:00+00:00,organic,seo-content,impression,0.0096,0.0,False
usr-00269,jrn-00538,evt-0002005,2025-02-22 20:00:00+00:00,organic,seo-content,impression,0.0096,0.0,True
usr-00302,jrn-00604,evt-0002237,2025-02-22 21:00:00+00:00,paid_search,brand-search,impression,0.144,0.0,True
usr-00234,jrn-00468,evt-0001722,2025-02-22 22:00:00+00:00,affiliate,partner-network,click,0.9,0.0,True
usr-00373,jrn-00746,evt-0002768,2025-02-22 22:00:00+00:00,social,social-prospecting,click,0.65,0.0,True
usr-00025,jrn-00051,evt-0000198,2025-02-22 23:00:00+00:00,social,social-prospecting,impression,0.078,0.0,True
usr-00884,jrn-01769,evt-0006434,2025-02-22 23:00:00+00:00,display,display-retargeting,click,0.3,0.0,True
usr-00302,jrn-00604,evt-0002238,2025-02-23 00:00:00+00:00,email,lifecycle-email,impression,0.0048,0.0,True
usr-00269,jrn-00538,evt-0002006,2025-02-23 00:00:00+00:00,affiliate,partner-network,impression,0.108,0.0,True
usr-00067,jrn-00134,evt-0000510,2025-02-23 01:00:00+00:00,email,lifecycle-email,click,0.04,0.0,True
usr-00098,jrn-00197,evt-0000740,2025-02-23 01:00:00+00:00,display,display-retargeting,click,0.3,0.0,True
usr-00799,jrn-01599,evt-0005828,2025-02-23 01:00:00+00:00,email,lifecycle-email,impression,0.0048,0.0,True
usr-00884,jrn-01769,evt-0006435,2025-02-23 01:00:00+00:00,email,lifecycle-email,click,0.04,0.0,True
usr-00492,jrn-00984,evt-0003628,2025-02-23 01:00:00+00:00,organic,seo-content,impression,0.0096,0.0,True
usr-00469,jrn-00939,evt-0003471,2025-02-23 02:00:00+00:00,paid_search,brand-search,click,1.2,0.0,True
usr-00067,jrn-00134,evt-0000511,2025-02-23 02:00:00+00:00,organic,seo-content,impression,0.0096,0.0,True
usr-00029,jrn-00059,evt-0000227,2025-02-23 02:00:00+00:00,display,display-retargeting,click,0.3,0.0,True
usr-00527,jrn-01055,evt-0003883,2025-02-23 02:00:00+00:00,organic,seo-content,impression,0.0096,0.0,True
usr-00463,jrn-00926,evt-0003430,2025-02-23 03:00:00+00:00,display,display-retargeting,impression,0.036,0.0,True
usr-00657,jrn-01314,evt-0004801,2025-02-23 04:00:00+00:00,paid_search,brand-search,impression,0.144,0.0,True
usr-00733,jrn-01467,evt-0005336,2025-02-23 04:00:00+00:00,paid_search,brand-search,impression,0.144,0.0,True
usr-00025,jrn-00051,evt-0000199,2025-02-23 05:00:00+00:00,organic,seo-content,click,0.08,0.0,True
usr-00810,jrn-01620,evt-0005901,2025-02-23 05:00:00+00:00,affiliate,partner-network,click,0.9,0.0,True
usr-00634,jrn-01268,evt-0004651,2025-02-23 05:00:00+00:00,organic,seo-content,click,0.08,0.0,True
usr-00309,jrn-00619,evt-0002298,2025-02-23 06:00:00+00:00,organic,seo-content,click,0.08,0.0,True
usr-00691,jrn-01383,evt-0005048,2025-02-23 06:00:00+00:00,organic,seo-content,click,0.08,0.0,True
usr-00812,jrn-01624,evt-0005915,2025-02-23 06:00:00+00:00,email,lifecycle-email,click,0.04,0.0,True
usr-00092,jrn-00184,evt-0000694,2025-02-23 06:00:00+00:00,affiliate,partner-network,impression,0.108,0.0,True
usr-00098,jrn-00197,evt-0000739,2025-02-23 07:00:00+00:00,email,lifecycle-email,click,0.04,0.0,True
usr-00199,jrn-00398,evt-0001462,2025-02-23 07:00:00+00:00,paid_search,brand-search,click,1.2,0.0,True
usr-00592,jrn-01185,evt-0004332,2025-02-23 08:00:00+00:00,organic,seo-content,click,0.08,0.0,True
usr-00373,jrn-00746,evt-0002769,2025-02-23 10:00:00+00:00,affiliate,partner-network,impression,0.108,0.0,True
usr-00818,jrn-01637,evt-0005966,2025-02-23 10:00:00+00:00,display,display-retargeting,click,0.3,0.0,True
usr-00541,jrn-01083,evt-0003987,2025-02-23 10:00:00+00:00,organic,seo-content,impression,0.0096,0.0,True
usr-00799,jrn-01599,evt-0005826,2025-02-23 11:00:00+00:00,email,lifecycle-email,click,0.04,0.0,True
usr-00463,jrn-00926,evt-0003431,2025-02-23 11:00:00+00:00,social,social-prospecting,impression,0.078,0.0,False
usr-00025,jrn-00051,evt-0000202,2025-02-23 11:00:00+00:00,email,lifecycle-email,click,0.04,0.0,True
usr-00199,jrn-00398,evt-0001463,2025-02-23 11:00:00+00:00,affiliate,partner-network,impression,0.108,0.0,True
usr-00701,jrn-01402,evt-0005100,2025-02-23 11:00:00+00:00,email,lifecycle-email,impression,0.0048,0.0,True
usr-00309,jrn-00619,evt-0002299,2025-02-23 11:00:00+00:00,paid_search,brand-search,impression,0.144,0.0,True
usr-00025,jrn-00051,evt-0000200,2025-02-23 12:00:00+00:00,affiliate,partner-network,click,0.9,0.0,True
usr-00691,jrn-01383,evt-0005050,2025-02-23 12:00:00+00:00,affiliate,partner-network,impression,0.108,0.0,True
usr-00592,jrn-01185,evt-0004334,2025-02-23 12:00:00+00:00,affiliate,partner-network,click,0.9,0.0,True
usr-00647,jrn-01295,evt-0004738,2025-02-23 13:00:00+00:00,organic,seo-content,click,0.08,0.0,True
usr-00302,jrn-00604,evt-0002240,2025-02-23 15:00:00+00:00,display,display-retargeting,impression,0.036,0.0,True
usr-00202,jrn-00404,evt-0001477,2025-02-23 15:00:00+00:00,display,display-retargeting,click,0.3,0.0,True
usr-00541,jrn-01083,evt-0003988,2025-02-23 16:00:00+00:00,display,display-retargeting,click,0.3,0.0,True
usr-00035,jrn-00070,evt-0000272,2025-02-23 16:00:00+00:00,social,social-prospecting,impression,0.078,0.0,True
usr-00691,jrn-01383,evt-0005049,2025-02-23 17:00:00+00:00,email,lifecycle-email,impression,0.0048,0.0,True
usr-00527,jrn-01055,evt-0003884,2025-02-23 18:00:00+00:00,social,social-prospecting,click,0.65,0.0,True
usr-00818,jrn-01637,evt-0005967,2025-02-23 18:00:00+00:00,social,social-prospecting,click,0.65,0.0,True
usr-00029,jrn-00059,evt-0000228,2025-02-23 18:00:00+00:00,display,display-retargeting,impression,0.036,0.0,True
usr-00810,jrn-01620,evt-0005902,2025-02-23 19:00:00+00:00,paid_search,brand-search,impression,0.144,0.0,True
usr-00540,jrn-01081,evt-0003977,2025-02-23 19:00:00+00:00,organic,seo-content,impression,0.0096,0.0,True
usr-00766,jrn-01533,evt-0005572,2025-02-23 20:00:00+00:00,display,display-retargeting,click,0.3,0.0,True
usr-00467,jrn-00935,evt-0003461,2025-02-23 20:00:00+00:00,display,display-retargeting,click,0.3,0.0,True
usr-00611,jrn-01222,evt-0004462,2025-02-23 22:00:00+00:00,display,display-retargeting,impression,0.036,0.0,True
usr-00734,jrn-01468,evt-0005338,2025-02-23 22:00:00+00:00,organic,seo-content,impression,0.0096,0.0,True
usr-00592,jrn-01185,evt-0004333,2025-02-23 23:00:00+00:00,paid_search,brand-search,click,1.2,0.0,True
usr-00067,jrn-00134,evt-0000512,2025-02-23 23:00:00+00:00,paid_search,brand-search,impression,0.144,0.0,True
usr-00884,jrn-01769,evt-0006437,2025-02-23 23:00:00+00:00,paid_search,brand-search,click,1.2,0.0,True
usr-00309,jrn-00619,evt-0002300,2025-02-24 00:00:00+00:00,affiliate,partner-network,click,0.9,0.0,True
usr-00202,jrn-00404,evt-0001478,2025-02-24 01:00:00+00:00,display,display-retargeting,impression,0.036,0.0,True
usr-00720,jrn-01440,evt-0005239,2025-02-24 01:00:00+00:00,organic,seo-content,click,0.08,0.0,True
usr-00540,jrn-01081,evt-0003978,2025-02-24 02:00:00+00:00,email,lifecycle-email,click,0.04,0.0,True
usr-00606,jrn-01213,evt-0004434,2025-02-24 03:00:00+00:00,email,lifecycle-email,impression,0.0048,0.0,True
usr-00302,jrn-00604,evt-0002239,2025-02-24 03:00:00+00:00,social,social-prospecting,click,0.65,0.0,True
usr-00469,jrn-00939,evt-0003472,2025-02-24 04:00:00+00:00,organic,seo-content,impression,0.0096,0.0,True
usr-00202,jrn-00404,evt-0001479,2025-02-24 05:00:00+00:00,paid_search,brand-search,impression,0.144,0.0,True
usr-00715,jrn-01430,evt-0005197,2025-02-24 05:00:00+00:00,paid_search,brand-search,click,1.2,0.0,True
usr-00098,jrn-00197,evt-0000742,2025-02-24 05:00:00+00:00,email,lifecycle-email,click,0.04,0.0,True
usr-00606,jrn-01213,evt-0004435,2025-02-24 05:00:00+00:00,display,display-retargeting,impression,0.036,0.0,True
usr-00611,jrn-01222,evt-0004463,2025-02-24 06:00:00+00:00,affiliate,partner-network,click,0.9,0.0,True
usr-00799,jrn-01599,evt-0005827,2025-02-24 07:00:00+00:00,display,display-retargeting,click,0.3,0.0,True
usr-00884,jrn-01769,evt-0006436,2025-02-24 07:00:00+00:00,social,social-prospecting,impression,0.078,0.0,True
usr-00119,jrn-00238,evt-0000888,2025-02-24 07:00:00+00:00,affiliate,partner-network,click,0.9,0.0,True
usr-00067,jrn-00134,evt-0000513,2025-02-24 08:00:00+00:00,social,social-prospecting,impression,0.078,0.0,True
usr-00029,jrn-00059,evt-0000230,2025-02-24 08:00:00+00:00,organic,seo-content,click,0.08,0.0,True
usr-00734,jrn-01468,evt-0005340,2025-02-24 10:00:00+00:00,email,lifecycle-email,click,0.04,0.0,True
usr-00848,jrn-01696,evt-0006163,2025-02-24 10:00:00+00:00,display,display-retargeting,impression,0.036,0.0,True
usr-00029,jrn-00059,evt-0000229,2025-02-24 10:00:00+00:00,social,social-prospecting,click,0.65,0.0,True
usr-00540,jrn-01081,evt-0003979,2025-02-24 11:00:00+00:00,display,display-retargeting,click,0.3,0.0,True
usr-00541,jrn-01083,evt-0003989,2025-02-24 12:00:00+00:00,organic,seo-content,impression,0.0096,0.0,True
usr-00720,jrn-01440,evt-0005240,2025-02-24 12:00:00+00:00,email,lifecycle-email,impression,0.0048,0.0,True
usr-00302,jrn-00604,evt-0002241,2025-02-24 13:00:00+00:00,organic,seo-content,click,0.08,0.0,True
usr-00720,jrn-01440,evt-0005242,2025-02-24 13:00:00+00:00,display,display-retargeting,click,0.3,0.0,True
usr-00848,jrn-01696,evt-0006164,2025-02-24 13:00:00+00:00,email,lifecycle-email,impression,0.0048,0.0,True
usr-00025,jrn-00051,evt-0000201,2025-02-24 15:00:00+00:00,display,display-retargeting,click,0.3,0.0,True
usr-00119,jrn-00238,evt-0000889,2025-02-24 15:00:00+00:00,paid_search,brand-search,click,1.2,0.0,True
usr-00734,jrn-01468,evt-0005339,2025-02-24 15:00:00+00:00,display,display-retargeting,click,0.3,0.0,True
usr-00469,jrn-00939,evt-0003474,2025-02-24 16:00:00+00:00,affiliate,partner-network,click,0.9,0.0,True
usr-00611,jrn-01222,evt-0004465,2025-02-24 16:00:00+00:00,affiliate,partner-network,impression,0.108,0.0,True
usr-00606,jrn-01213,evt-0004436,2025-02-24 17:00:00+00:00,email,lifecycle-email,impression,0.0048,0.0,True
usr-00502,jrn-01004,evt-0003694,2025-02-24 18:00:00+00:00,email,lifecycle-email,click,0.04,0.0,True
usr-00131,jrn-00262,evt-0000962,2025-02-24 18:00:00+00:00,email,lifecycle-email,click,0.04,0.0,True
usr-00309,jrn-00619,evt-0002301,2025-02-24 18:00:00+00:00,organic,seo-content,click,0.08,0.0,True
usr-00715,jrn-01430,evt-0005198,2025-02-24 19:00:00+00:00,email,lifecycle-email,impression,0.0048,0.0,True
usr-00849,jrn-01699,evt-0006174,2025-02-24 20:00:00+00:00,organic,seo-content,impression,0.0096,0.0,True
usr-00131,jrn-00262,evt-0000963,2025-02-24 20:00:00+00:00,social,social-prospecting,click,0.65,0.0,True
usr-00469,jrn-00939,evt-0003473,2025-02-24 20:00:00+00:00,paid_search,brand-search,impression,0.144,0.0,True
usr-00502,jrn-01004,evt-0003695,2025-02-24 20:00:00+00:00,display,display-retargeting,impression,0.036,0.0,True
usr-00818,jrn-01637,evt-0005968,2025-02-24 23:00:00+00:00,organic,seo-content,click,0.08,0.0,True
usr-00733,jrn-01467,evt-0005337,2025-02-25 01:00:00+00:00,paid_search,brand-search,conversion,0.0,126.05,True
usr-00098,jrn-00197,evt-0000741,2025-02-25 01:00:00+00:00,email,lifecycle-email,impression,0.0048,0.0,True
usr-00634,jrn-01268,evt-0004652,2025-02-25 02:00:00+00:00,organic,seo-content,conversion,0.0,64.32,True
usr-00469,jrn-00939,evt-0003475,2025-02-25 03:00:00+00:00,display,display-retargeting,impression,0.036,0.0,True
usr-00606,jrn-01213,evt-0004437,2025-02-25 03:00:00+00:00,paid_search,brand-search,click,1.2,0.0,True
usr-00849,jrn-01699,evt-0006175,2025-02-25 03:00:00+00:00,affiliate,partner-network,click,0.9,0.0,True
usr-00720,jrn-01440,evt-0005241,2025-02-25 03:00:00+00:00,email,lifecycle-email,click,0.04,0.0,True
usr-00849,jrn-01699,evt-0006177,2025-02-25 05:00:00+00:00,email,lifecycle-email,click,0.04,0.0,True
usr-00300,jrn-00600,evt-0002219,2025-02-25 05:00:00+00:00,display,display-retargeting,impression,0.036,0.0,True
usr-00502,jrn-01004,evt-0003697,2025-02-25 06:00:00+00:00,display,display-retargeting,click,0.3,0.0,True
usr-00202,jrn-00404,evt-0001480,2025-02-25 06:00:00+00:00,display,display-retargeting,impression,0.036,0.0,True
usr-00029,jrn-00059,evt-0000231,2025-02-25 06:00:00+00:00,paid_search,brand-search,click,1.2,0.0,True
usr-00734,jrn-01468,evt-0005341,2025-02-25 07:00:00+00:00,paid_search,brand-search,impression,0.144,0.0,True
usr-00226,jrn-00453,evt-0001671,2025-02-25 07:00:00+00:00,email,lifecycle-email,click,0.04,0.0,True
usr-00611,jrn-01222,evt-0004464,2025-02-25 08:00:00+00:00,email,lifecycle-email,click,0.04,0.0,True
usr-00502,jrn-01004,evt-0003696,2025-02-25 10:00:00+00:00,email,lifecycle-email,click,0.04,0.0,True
usr-00896,jrn-01793,evt-0006529,2025-02-25 13:00:00+00:00,email,lifecycle-email,impression,0.0048,0.0,True
usr-00485,jrn-00971,evt-0003583,2025-02-25 15:00:00+00:00,email,lifecycle-email,click,0.04,0.0,True
usr-00760,jrn-01521,evt-0005531,2025-02-25 15:00:00+00:00,email,lifecycle-email,impression,0.0048,0.0,True
usr-00026,jrn-00052,evt-0000203,2025-02-25 15:00:00+00:00,display,display-retargeting,click,0.3,0.0,True
usr-00848,jrn-01696,evt-0006165,2025-02-25 16:00:00+00:00,social,social-prospecting,click,0.65,0.0,True
usr-00602,jrn-01205,evt-0004413,2025-02-25 16:00:00+00:00,display,display-retargeting,impression,0.036,0.0,True
usr-00226,jrn-00453,evt-0001672,2025-02-25 17:00:00+00:00,affiliate,partner-network,click,0.9,0.0,True
usr-00240,jrn-00480,evt-0001768,2025-02-25 17:00:00+00:00,affiliate,partner-network,impression,0.108,0.0,True
usr-00760,jrn-01521,evt-0005532,2025-02-25 18:00:00+00:00,organic,seo-content,click,0.08,0.0,True
usr-00240,jrn-00480,evt-0001769,2025-02-25 19:00:00+00:00,email,lifecycle-email,click,0.04,0.0,True
usr-00602,jrn-01205,evt-0004414,2025-02-25 19:00:00+00:00,email,lifecycle-email,click,0.04,0.0,True
usr-00029,jrn-00059,evt-0000232,2025-02-25 19:00:00+00:00,email,lifecycle-email,impression,0.0048,0.0,True
usr-00026,jrn-00052,evt-0000204,2025-02-25 19:00:00+00:00,paid_search,brand-search,click,1.2,0.0,False
usr-00202,jrn-00404,evt-0001481,2025-02-25 19:00:00+00:00,social,social-prospecting,click,0.65,0.0,True
usr-00552,jrn-01105,evt-0004068,2025-02-25 19:00:00+00:00,paid_search,brand-search,impression,0.144,0.0,True
usr-00849,jrn-01699,evt-0006176,2025-02-25 20:00:00+00:00,paid_search,brand-search,click,1.2,0.0,True
usr-00896,jrn-01793,evt-0006530,2025-02-25 20:00:00+00:00,affiliate,partner-network,impression,0.108,0.0,True
usr-00300,jrn-00600,evt-0002220,2025-02-25 21:00:00+00:00,social,social-prospecting,impression,0.078,0.0,True
usr-00896,jrn-01793,evt-0006531,2025-02-25 23:00:00+00:00,affiliate,partner-network,click,0.9,0.0,True
usr-00067,jrn-00134,evt-0000514,2025-02-25 23:00:00+00:00,organic,seo-content,impression,0.0096,0.0,True
usr-00300,jrn-00600,evt-0002221,2025-02-25 23:00:00+00:00,paid_search,brand-search,click,1.2,0.0,True
usr-00190,jrn-00381,evt-0001407,2025-02-26 00:00:00+00:00,email,lifecycle-email,impression,0.0048,0.0,True
usr-00485,jrn-00971,evt-0003585,2025-02-26 01:00:00+00:00,affiliate,partner-network,click,0.9,0.0,True
usr-00103,jrn-00206,evt-0000776,2025-02-26 01:00:00+00:00,organic,seo-content,click,0.08,0.0,True
usr-00485,jrn-00971,evt-0003584,2025-02-26 04:00:00+00:00,paid_search,brand-search,click,1.2,0.0,False
usr-00196,jrn-00393,evt-0001445,2025-02-26 06:00:00+00:00,display,display-retargeting,click,0.3,0.0,True
usr-00219,jrn-00439,evt-0001624,2025-02-26 06:00:00+00:00,affiliate,partner-network,impression,0.108,0.0,True
usr-00849,jrn-01699,evt-0006179,2025-02-26 07:00:00+00:00,organic,seo-content,click,0.08,0.0,True
usr-00849,jrn-01699,evt-0006178,2025-02-26 08:00:00+00:00,paid_search,brand-search,click,1.2,0.0,True
usr-00267,jrn-00535,evt-0001994,2025-02-26 09:00:00+00:00,email,lifecycle-email,impression,0.0048,0.0,False
usr-00760,jrn-01521,evt-0005533,2025-02-26 09:00:00+00:00,email,lifecycle-email,impression,0.0048,0.0,True
usr-00026,jrn-00052,evt-0000206,2025-02-26 09:00:00+00:00,paid_search,brand-search,click,1.2,0.0,True
usr-00734,jrn-01468,evt-0005342,2025-02-26 10:00:00+00:00,affiliate,partner-network,click,0.9,0.0,True
usr-00552,jrn-01105,evt-0004069,2025-02-26 10:00:00+00:00,email,lifecycle-email,impression,0.0048,0.0,True
usr-00190,jrn-00381,evt-0001408,2025-02-26 10:00:00+00:00,display,display-retargeting,impression,0.036,0.0,True
usr-00300,jrn-00600,evt-0002222,2025-02-26 11:00:00+00:00,paid_search,brand-search,impression,0.144,0.0,True
usr-00190,jrn-00381,evt-0001411,2025-02-26 12:00:00+00:00,affiliate,partner-network,click,0.9,0.0,True
usr-00190,jrn-00381,evt-0001409,2025-02-26 12:00:00+00:00,organic,seo-content,impression,0.0096,0.0,True
usr-00126,jrn-00252,evt-0000935,2025-02-26 14:00:00+00:00,paid_search,brand-search,impression,0.144,0.0,True
usr-00240,jrn-00480,evt-0001770,2025-02-26 15:00:00+00:00,paid_search,brand-search,impression,0.144,0.0,True
usr-00196,jrn-00393,evt-0001448,2025-02-26 15:00:00+00:00,social,social-prospecting,impression,0.078,0.0,True
usr-00196,jrn-00393,evt-0001446,2025-02-26 15:00:00+00:00,social,social-prospecting,impression,0.078,0.0,True
usr-00045,jrn-00090,evt-0000340,2025-02-26 16:00:00+00:00,email,lifecycle-email,impression,0.0048,0.0,True
usr-00620,jrn-01240,evt-0004539,2025-02-26 16:00:00+00:00,paid_search,brand-search,click,1.2,0.0,True
usr-00219,jrn-00439,evt-0001625,2025-02-26 17:00:00+00:00,affiliate,partner-network,click,0.9,0.0,True
usr-00300,jrn-00600,evt-0002223,2025-02-26 17:00:00+00:00,display,display-retargeting,click,0.3,0.0,True
usr-00131,jrn-00262,evt-0000964,2025-02-26 17:00:00+00:00,social,social-prospecting,conversion,0.0,78.55,True
usr-00884,jrn-01769,evt-0006438,2025-02-26 18:00:00+00:00,paid_search,brand-search,conversion,0.0,74.19,True
usr-00267,jrn-00535,evt-0001995,2025-02-26 18:00:00+00:00,affiliate,partner-network,impression,0.108,0.0,True
usr-00045,jrn-00090,evt-0000341,2025-02-26 19:00:00+00:00,social,social-prospecting,click,0.65,0.0,True
usr-00026,jrn-00052,evt-0000205,2025-02-26 21:00:00+00:00,paid_search,brand-search,impression,0.144,0.0,True
usr-00126,jrn-00252,evt-0000936,2025-02-26 22:00:00+00:00,social,social-prospecting,click,0.65,0.0,True
usr-00240,jrn-00480,evt-0001771,2025-02-26 23:00:00+00:00,display,display-retargeting,impression,0.036,0.0,True
usr-00219,jrn-00439,evt-0001627,2025-02-27 00:00:00+00:00,email,lifecycle-email,click,0.04,0.0,True
usr-00126,jrn-00252,evt-0000937,2025-02-27 00:00:00+00:00,affiliate,partner-network,click,0.9,0.0,True
usr-00247,jrn-00495,evt-0001838,2025-02-27 01:00:00+00:00,paid_search,brand-search,click,1.2,0.0,False
usr-00020,jrn-00041,evt-0000163,2025-02-27 01:00:00+00:00,paid_search,brand-search,click,1.2,0.0,True
usr-00620,jrn-01240,evt-0004542,2025-02-27 01:00:00+00:00,organic,seo-content,click,0.08,0.0,True
usr-00602,jrn-01205,evt-0004415,2025-02-27 02:00:00+00:00,email,lifecycle-email,impression,0.0048,0.0,False
usr-00620,jrn-01240,evt-0004540,2025-02-27 03:00:00+00:00,display,display-retargeting,impression,0.036,0.0,True
usr-00485,jrn-00971,evt-0003586,2025-02-27 03:00:00+00:00,display,display-retargeting,impression,0.036,0.0,True
usr-00045,jrn-00090,evt-0000343,2025-02-27 04:00:00+00:00,social,social-prospecting,click,0.65,0.0,True
usr-00695,jrn-01390,evt-0005064,2025-02-27 04:00:00+00:00,email,lifecycle-email,click,0.04,0.0,True
usr-00194,jrn-00388,evt-0001434,2025-02-27 04:00:00+00:00,organic,seo-content,impression,0.0096,0.0,True
usr-00219,jrn-00439,evt-0001626,2025-02-27 04:00:00+00:00,social,social-prospecting,impression,0.078,0.0,True
usr-00193,jrn-00386,evt-0001428,2025-02-27 05:00:00+00:00,organic,seo-content,click,0.08,0.0,True
usr-00620,jrn-01240,evt-0004541,2025-02-27 06:00:00+00:00,display,display-retargeting,click,0.3,0.0,True
usr-00011,jrn-00023,evt-0000094,2025-02-27 07:00:00+00:00,paid_search,brand-search,click,1.2,0.0,True
usr-00196,jrn-00393,evt-0001447,2025-02-27 08:00:00+00:00,organic,seo-content,click,0.08,0.0,True
usr-00760,jrn-01521,evt-0005534,2025-02-27 09:00:00+00:00,social,social-prospecting,click,0.65,0.0,True
usr-00247,jrn-00495,evt-0001839,2025-02-27 09:00:00+00:00,paid_search,brand-search,impression,0.144,0.0,True
usr-00196,jrn-00393,evt-0001449,2025-02-27 10:00:00+00:00,email,lifecycle-email,impression,0.0048,0.0,True
usr-00602,jrn-01205,evt-0004416,2025-02-27 10:00:00+00:00,affiliate,partner-network,click,0.9,0.0,True
usr-00202,jrn-00404,evt-0001482,2025-02-27 11:00:00+00:00,social,social-prospecting,conversion,0.0,35.53,True
usr-00011,jrn-00023,evt-0000095,2025-02-27 12:00:00+00:00,affiliate,partner-network,click,0.9,0.0,False
usr-00620,jrn-01240,evt-0004543,2025-02-27 12:00:00+00:00,paid_search,brand-search,impression,0.144,0.0,True
usr-00045,jrn-00090,evt-0000342,2025-02-27 12:00:00+00:00,paid_search,brand-search,click,1.2,0.0,True
usr-00267,jrn-00535,evt-0001996,2025-02-27 13:00:00+00:00,paid_search,brand-search,click,1.2,0.0,True
usr-00695,jrn-01390,evt-0005065,2025-02-27 13:00:00+00:00,social,social-prospecting,impression,0.078,0.0,True
usr-00267,jrn-00535,evt-0001997,2025-02-27 15:00:00+00:00,organic,seo-content,click,0.08,0.0,True
usr-00267,jrn-00535,evt-0001998,2025-02-27 17:00:00+00:00,display,display-retargeting,impression,0.036,0.0,True
usr-00262,jrn-00524,evt-0001956,2025-02-27 18:00:00+00:00,display,display-retargeting,click,0.3,0.0,True
usr-00084,jrn-00169,evt-0000634,2025-02-27 18:00:00+00:00,display,display-retargeting,click,0.3,0.0,True
usr-00756,jrn-01512,evt-0005502,2025-02-27 20:00:00+00:00,email,lifecycle-email,click,0.04,0.0,True
usr-00084,jrn-00169,evt-0000636,2025-02-27 22:00:00+00:00,email,lifecycle-email,impression,0.0048,0.0,True
usr-00190,jrn-00381,evt-0001410,2025-02-28 00:00:00+00:00,display,display-retargeting,click,0.3,0.0,False
usr-00045,jrn-00090,evt-0000344,2025-02-28 00:00:00+00:00,affiliate,partner-network,click,0.9,0.0,True
usr-00262,jrn-00524,evt-0001957,2025-02-28 01:00:00+00:00,social,social-prospecting,impression,0.078,0.0,True
usr-00219,jrn-00439,evt-0001628,2025-02-28 02:00:00+00:00,affiliate,partner-network,impression,0.108,0.0,True
usr-00859,jrn-01719,evt-0006254,2025-02-28 02:00:00+00:00,affiliate,partner-network,click,0.9,0.0,True
usr-00084,jrn-00169,evt-0000639,2025-02-28 04:00:00+00:00,paid_search,brand-search,impression,0.144,0.0,True
usr-00262,jrn-00524,evt-0001958,2025-02-28 04:00:00+00:00,paid_search,brand-search,impression,0.144,0.0,True
usr-00084,jrn-00169,evt-0000635,2025-02-28 05:00:00+00:00,display,display-retargeting,click,0.3,0.0,True
usr-00704,jrn-01409,evt-0005128,2025-02-28 05:00:00+00:00,paid_search,brand-search,impression,0.144,0.0,True
usr-00859,jrn-01719,evt-0006255,2025-02-28 05:00:00+00:00,display,display-retargeting,impression,0.036,0.0,True
usr-00609,jrn-01219,evt-0004454,2025-02-28 07:00:00+00:00,email,lifecycle-email,impression,0.0048,0.0,True
usr-00324,jrn-00649,evt-0002407,2025-02-28 08:00:00+00:00,display,display-retargeting,impression,0.036,0.0,True
usr-00704,jrn-01409,evt-0005129,2025-02-28 08:00:00+00:00,display,display-retargeting,click,0.3,0.0,True
usr-00045,jrn-00090,evt-0000345,2025-02-28 08:00:00+00:00,display,display-retargeting,impression,0.036,0.0,True
usr-00404,jrn-00808,evt-0002999,2025-02-28 09:00:00+00:00,paid_search,brand-search,impression,0.144,0.0,True
usr-00262,jrn-00524,evt-0001959,2025-02-28 09:00:00+00:00,affiliate,partner-network,click,0.9,0.0,True
usr-00011,jrn-00023,evt-0000096,2025-02-28 11:00:00+00:00,social,social-prospecting,impression,0.078,0.0,True
usr-00126,jrn-00252,evt-0000938,2025-02-28 11:00:00+00:00,email,lifecycle-email,click,0.04,0.0,False
usr-00428,jrn-00857,evt-0003176,2025-02-28 12:00:00+00:00,organic,seo-content,click,0.08,0.0,True
usr-00756,jrn-01512,evt-0005503,2025-02-28 12:00:00+00:00,affiliate,partner-network,click,0.9,0.0,True
usr-00128,jrn-00256,evt-0000949,2025-02-28 12:00:00+00:00,paid_search,brand-search,click,1.2,0.0,True
usr-00011,jrn-00023,evt-0000097,2025-02-28 13:00:00+00:00,display,display-retargeting,click,0.3,0.0,True
usr-00618,jrn-01237,evt-0004528,2025-02-28 13:00:00+00:00,affiliate,partner-network,click,0.9,0.0,True
usr-00259,jrn-00519,evt-0001933,2025-02-28 14:00:00+00:00,social,social-prospecting,impression,0.078,0.0,True
usr-00618,jrn-01237,evt-0004529,2025-02-28 15:00:00+00:00,paid_search,brand-search,impression,0.144,0.0,True
usr-00756,jrn-01512,evt-0005504,2025-02-28 16:00:00+00:00,paid_search,brand-search,impression,0.144,0.0,True
usr-00816,jrn-01633,evt-0005950,2025-02-28 16:00:00+00:00,paid_search,brand-search,click,1.2,0.0,True
usr-00404,jrn-00808,evt-0003000,2025-02-28 16:00:00+00:00,social,social-prospecting,click,0.65,0.0,True
usr-00760,jrn-01521,evt-0005535,2025-02-28 20:00:00+00:00,social,social-prospecting,conversion,0.0,265.46,True
usr-00662,jrn-01324,evt-0004832,2025-02-28 20:00:00+00:00,email,lifecycle-email,impression,0.0048,0.0,True
usr-00518,jrn-01036,evt-0003806,2025-02-28 22:00:00+00:00,affiliate,partner-network,impression,0.108,0.0,True
usr-00609,jrn-01219,evt-0004455,2025-02-28 22:00:00+00:00,organic,seo-content,click,0.08,0.0,True
usr-00428,jrn-00857,evt-0003177,2025-03-01 00:00:00+00:00,display,display-retargeting,impression,0.036,0.0,True
usr-00084,jrn-00169,evt-0000637,2025-03-01 00:00:00+00:00,paid_search,brand-search,click,1.2,0.0,True
usr-00404,jrn-00808,evt-0003002,2025-03-01 00:00:00+00:00,display,display-retargeting,click,0.3,0.0,True
usr-00259,jrn-00519,evt-0001934,2025-03-01 01:00:00+00:00,email,lifecycle-email,click,0.04,0.0,True
usr-00662,jrn-01324,evt-0004835,2025-03-01 02:00:00+00:00,display,display-retargeting,click,0.3,0.0,True
usr-00220,jrn-00440,evt-0001630,2025-03-01 03:00:00+00:00,social,social-prospecting,impression,0.078,0.0,True
usr-00122,jrn-00244,evt-0000905,2025-03-01 03:00:00+00:00,display,display-retargeting,impression,0.036,0.0,True
usr-00518,jrn-01036,evt-0003807,2025-03-01 03:00:00+00:00,social,social-prospecting,click,0.65,0.0,True
usr-00662,jrn-01324,evt-0004833,2025-03-01 04:00:00+00:00,affiliate,partner-network,impression,0.108,0.0,False
usr-00169,jrn-00338,evt-0001250,2025-03-01 05:00:00+00:00,email,lifecycle-email,click,0.04,0.0,True
usr-00078,jrn-00157,evt-0000598,2025-03-01 06:00:00+00:00,affiliate,partner-network,impression,0.108,0.0,True
usr-00785,jrn-01570,evt-0005709,2025-03-01 07:00:00+00:00,organic,seo-content,click,0.08,0.0,True
usr-00404,jrn-00808,evt-0003001,2025-03-01 07:00:00+00:00,social,social-prospecting,click,0.65,0.0,True
usr-00220,jrn-00440,evt-0001631,2025-03-01 09:00:00+00:00,social,social-prospecting,impression,0.078,0.0,True
usr-00704,jrn-01409,evt-0005130,2025-03-01 09:00:00+00:00,affiliate,partner-network,click,0.9,0.0,True
usr-00816,jrn-01633,evt-0005951,2025-03-01 09:00:00+00:00,affiliate,partner-network,click,0.9,0.0,True
usr-00859,jrn-01719,evt-0006256,2025-03-01 10:00:00+00:00,paid_search,brand-search,impression,0.144,0.0,True
usr-00259,jrn-00519,evt-0001938,2025-03-01 10:00:00+00:00,social,social-prospecting,click,0.65,0.0,True
usr-00137,jrn-00274,evt-0001000,2025-03-01 10:00:00+00:00,email,lifecycle-email,impression,0.0048,0.0,True
usr-00126,jrn-00252,evt-0000939,2025-03-01 10:00:00+00:00,organic,seo-content,impression,0.0096,0.0,True
usr-00259,jrn-00519,evt-0001936,2025-03-01 11:00:00+00:00,affiliate,partner-network,impression,0.108,0.0,True
usr-00837,jrn-01675,evt-0006098,2025-03-01 11:00:00+00:00,organic,seo-content,impression,0.0096,0.0,True
usr-00662,jrn-01324,evt-0004834,2025-03-01 12:00:00+00:00,email,lifecycle-email,impression,0.0048,0.0,True
usr-00122,jrn-00244,evt-0000907,2025-03-01 13:00:00+00:00,display,display-retargeting,impression,0.036,0.0,True
usr-00259,jrn-00519,evt-0001935,2025-03-01 14:00:00+00:00,paid_search,brand-search,impression,0.144,0.0,True
usr-00704,jrn-01409,evt-0005131,2025-03-01 14:00:00+00:00,social,social-prospecting,impression,0.078,0.0,True
usr-00859,jrn-01719,evt-0006257,2025-03-01 14:00:00+00:00,social,social-prospecting,impression,0.078,0.0,False
usr-00169,jrn-00338,evt-0001253,2025-03-01 14:00:00+00:00,affiliate,partner-network,click,0.9,0.0,True
usr-00169,jrn-00338,evt-0001252,2025-03-01 15:00:00+00:00,paid_search,brand-search,click,1.2,0.0,True
usr-00137,jrn-00274,evt-0001001,2025-03-01 16:00:00+00:00,social,social-prospecting,click,0.65,0.0,True
usr-00404,jrn-00808,evt-0003003,2025-03-01 17:00:00+00:00,email,lifecycle-email,impression,0.0048,0.0,True
usr-00609,jrn-01219,evt-0004456,2025-03-01 17:00:00+00:00,paid_search,brand-search,impression,0.144,0.0,True
usr-00259,jrn-00519,evt-0001937,2025-03-01 18:00:00+00:00,display,display-retargeting,click,0.3,0.0,True
usr-00122,jrn-00244,evt-0000906,2025-03-01 19:00:00+00:00,email,lifecycle-email,impression,0.0048,0.0,True
usr-00169,jrn-00338,evt-0001251,2025-03-01 19:00:00+00:00,affiliate,partner-network,impression,0.108,0.0,True
usr-00219,jrn-00439,evt-0001629,2025-03-01 19:00:00+00:00,affiliate,partner-network,impression,0.108,0.0,True
usr-00078,jrn-00157,evt-0000599,2025-03-01 20:00:00+00:00,paid_search,brand-search,impression,0.144,0.0,True
usr-00169,jrn-00338,evt-0001255,2025-03-01 20:00:00+00:00,social,social-prospecting,click,0.65,0.0,True
usr-00785,jrn-01570,evt-0005710,2025-03-01 21:00:00+00:00,social,social-prospecting,click,0.65,0.0,True
usr-00000,jrn-00001,evt-0000006,2025-03-01 22:00:00+00:00,paid_search,brand-search,impression,0.144,0.0,True
usr-00837,jrn-01675,evt-0006099,2025-03-01 23:00:00+00:00,paid_search,brand-search,click,1.2,0.0,True
usr-00220,jrn-00440,evt-0001632,2025-03-01 23:00:00+00:00,paid_search,brand-search,click,1.2,0.0,True
usr-00136,jrn-00273,evt-0000995,2025-03-01 23:00:00+00:00,affiliate,partner-network,impression,0.108,0.0,True
usr-00220,jrn-00440,evt-0001633,2025-03-02 00:00:00+00:00,social,social-prospecting,click,0.65,0.0,True
usr-00662,jrn-01324,evt-0004836,2025-03-02 00:00:00+00:00,paid_search,brand-search,impression,0.144,0.0,True
usr-00868,jrn-01737,evt-0006319,2025-03-02 00:00:00+00:00,affiliate,partner-network,impression,0.108,0.0,True
usr-00834,jrn-01668,evt-0006077,2025-03-02 00:00:00+00:00,affiliate,partner-network,impression,0.108,0.0,True
usr-00574,jrn-01149,evt-0004211,2025-03-02 01:00:00+00:00,paid_search,brand-search,impression,0.144,0.0,True
usr-00078,jrn-00157,evt-0000600,2025-03-02 02:00:00+00:00,email,lifecycle-email,click,0.04,0.0,True
usr-00518,jrn-01036,evt-0003808,2025-03-02 02:00:00+00:00,display,display-retargeting,click,0.3,0.0,True
usr-00137,jrn-00274,evt-0001002,2025-03-02 06:00:00+00:00,social,social-prospecting,click,0.65,0.0,True
usr-00136,jrn-00273,evt-0000997,2025-03-02 07:00:00+00:00,display,display-retargeting,click,0.3,0.0,True
usr-00837,jrn-01675,evt-0006100,2025-03-02 07:00:00+00:00,social,social-prospecting,impression,0.078,0.0,True
usr-00704,jrn-01409,evt-0005132,2025-03-02 09:00:00+00:00,display,display-retargeting,impression,0.036,0.0,True
usr-00526,jrn-01052,evt-0003871,2025-03-02 10:00:00+00:00,organic,seo-content,click,0.08,0.0,True
usr-00000,jrn-00001,evt-0000009,2025-03-02 10:00:00+00:00,display,display-retargeting,impression,0.036,0.0,True
usr-00084,jrn-00169,evt-0000638,2025-03-02 10:00:00+00:00,affiliate,partner-network,click,0.9,0.0,True
usr-00859,jrn-01719,evt-0006258,2025-03-02 10:00:00+00:00,affiliate,partner-network,click,0.9,0.0,True
usr-00868,jrn-01737,evt-0006324,2025-03-02 10:00:00+00:00,affiliate,partner-network,impression,0.108,0.0,True
usr-00004,jrn-00009,evt-0000040,2025-03-02 12:00:00+00:00,affiliate,partner-network,click,0.9,0.0,True
usr-00156,jrn-00313,evt-0001142,2025-03-02 12:00:00+00:00,organic,seo-content,click,0.08,0.0,True
usr-00871,jrn-01742,evt-0006336,2025-03-02 13:00:00+00:00,affiliate,partner-network,impression,0.108,0.0,True
usr-00414,jrn-00829,evt-0003074,2025-03-02 14:00:00+00:00,social,social-prospecting,click,0.65,0.0,True
usr-00156,jrn-00313,evt-0001143,2025-03-02 14:00:00+00:00,paid_search,brand-search,click,1.2,0.0,True
usr-00030,jrn-00060,evt-0000233,2025-03-02 14:00:00+00:00,display,display-retargeting,click,0.3,0.0,True
usr-00868,jrn-01737,evt-0006320,2025-03-02 14:00:00+00:00,affiliate,partner-network,click,0.9,0.0,True
usr-00819,jrn-01639,evt-0005972,2025-03-02 14:00:00+00:00,social,social-prospecting,click,0.65,0.0,True
usr-00683,jrn-01367,evt-0004988,2025-03-02 15:00:00+00:00,social,social-prospecting,click,0.65,0.0,True
usr-00000,jrn-00001,evt-0000007,2025-03-02 15:00:00+00:00,email,lifecycle-email,impression,0.0048,0.0,False
usr-00785,jrn-01570,evt-0005711,2025-03-02 15:00:00+00:00,paid_search,brand-search,impression,0.144,0.0,True
usr-00136,jrn-00273,evt-0000996,2025-03-02 16:00:00+00:00,paid_search,brand-search,click,1.2,0.0,True
usr-00819,jrn-01639,evt-0005973,2025-03-02 16:00:00+00:00,organic,seo-content,click,0.08,0.0,True
usr-00704,jrn-01409,evt-0005133,2025-03-02 17:00:00+00:00,organic,seo-content,impression,0.0096,0.0,True
usr-00123,jrn-00246,evt-0000914,2025-03-02 17:00:00+00:00,email,lifecycle-email,click,0.04,0.0,True
usr-00574,jrn-01149,evt-0004212,2025-03-02 17:00:00+00:00,social,social-prospecting,impression,0.078,0.0,True
usr-00566,jrn-01132,evt-0004148,2025-03-02 17:00:00+00:00,email,lifecycle-email,impression,0.0048,0.0,True
usr-00868,jrn-01737,evt-0006321,2025-03-02 18:00:00+00:00,email,lifecycle-email,impression,0.0048,0.0,True
usr-00414,jrn-00829,evt-0003075,2025-03-02 19:00:00+00:00,organic,seo-content,click,0.08,0.0,True
usr-00658,jrn-01317,evt-0004808,2025-03-02 19:00:00+00:00,email,lifecycle-email,click,0.04,0.0,True
usr-00868,jrn-01737,evt-0006323,2025-03-02 20:00:00+00:00,email,lifecycle-email,click,0.04,0.0,True
usr-00199,jrn-00399,evt-0001464,2025-03-02 20:00:00+00:00,social,social-prospecting,impression,0.078,0.0,True
usr-00840,jrn-01681,evt-0006119,2025-03-02 20:00:00+00:00,email,lifecycle-email,impression,0.0048,0.0,True
usr-00244,jrn-00489,evt-0001814,2025-03-02 20:00:00+00:00,organic,seo-content,click,0.08,0.0,True
usr-00845,jrn-01691,evt-0006147,2025-03-02 20:00:00+00:00,affiliate,partner-network,click,0.9,0.0,True
usr-00156,jrn-00313,evt-0001145,2025-03-02 21:00:00+00:00,email,lifecycle-email,impression,0.0048,0.0,True
usr-00123,jrn-00246,evt-0000915,2025-03-02 22:00:00+00:00,social,social-prospecting,impression,0.078,0.0,True
usr-00871,jrn-01742,evt-0006337,2025-03-02 22:00:00+00:00,organic,seo-content,impression,0.0096,0.0,True
usr-00824,jrn-01648,evt-0006010,2025-03-02 22:00:00+00:00,display,display-retargeting,impression,0.036,0.0,True
usr-00137,jrn-00274,evt-0001003,2025-03-02 22:00:00+00:00,affiliate,partner-network,click,0.9,0.0,True
usr-00840,jrn-01681,evt-0006120,2025-03-02 23:00:00+00:00,email,lifecycle-email,click,0.04,0.0,True
usr-00004,jrn-00009,evt-0000041,2025-03-02 23:00:00+00:00,organic,seo-content,impression,0.0096,0.0,False
usr-00175,jrn-00351,evt-0001295,2025-03-02 23:00:00+00:00,affiliate,partner-network,click,0.9,0.0,True
usr-00819,jrn-01639,evt-0005974,2025-03-03 00:00:00+00:00,social,social-prospecting,click,0.65,0.0,True
usr-00244,jrn-00489,evt-0001815,2025-03-03 00:00:00+00:00,social,social-prospecting,impression,0.078,0.0,True
usr-00169,jrn-00338,evt-0001254,2025-03-03 01:00:00+00:00,email,lifecycle-email,click,0.04,0.0,True
usr-00845,jrn-01691,evt-0006148,2025-03-03 01:00:00+00:00,affiliate,partner-network,click,0.9,0.0,True
usr-00518,jrn-01036,evt-0003809,2025-03-03 01:00:00+00:00,display,display-retargeting,impression,0.036,0.0,True
usr-00840,jrn-01681,evt-0006121,2025-03-03 02:00:00+00:00,organic,seo-content,click,0.08,0.0,True
usr-00566,jrn-01132,evt-0004149,2025-03-03 03:00:00+00:00,organic,seo-content,impression,0.0096,0.0,True
usr-00709,jrn-01419,evt-0005159,2025-03-03 04:00:00+00:00,affiliate,partner-network,impression,0.108,0.0,True
usr-00012,jrn-00025,evt-0000104,2025-03-03 04:00:00+00:00,display,display-retargeting,click,0.3,0.0,True
usr-00785,jrn-01570,evt-0005712,2025-03-03 04:00:00+00:00,email,lifecycle-email,click,0.04,0.0,True
usr-00683,jrn-01367,evt-0004989,2025-03-03 04:00:00+00:00,paid_search,brand-search,click,1.2,0.0,True
usr-00000,jrn-00001,evt-0000008,2025-03-03 04:00:00+00:00,paid_search,brand-search,impression,0.144,0.0,True
usr-00030,jrn-00060,evt-0000234,2025-03-03 04:00:00+00:00,organic,seo-content,click,0.08,0.0,True
usr-00778,jrn-01556,evt-0005654,2025-03-03 04:00:00+00:00,social,social-prospecting,impression,0.078,0.0,True
usr-00819,jrn-01639,evt-0005975,2025-03-03 05:00:00+00:00,social,social-prospecting,impression,0.078,0.0,True
usr-00566,jrn-01132,evt-0004152,2025-03-03 05:00:00+00:00,paid_search,brand-search,click,1.2,0.0,True
usr-00824,jrn-01648,evt-0006011,2025-03-03 06:00:00+00:00,email,lifecycle-email,impression,0.0048,0.0,True
usr-00650,jrn-01301,evt-0004753,2025-03-03 06:00:00+00:00,affiliate,partner-network,click,0.9,0.0,True
usr-00414,jrn-00829,evt-0003076,2025-03-03 06:00:00+00:00,email,lifecycle-email,click,0.04,0.0,True
usr-00518,jrn-01036,evt-0003810,2025-03-03 06:00:00+00:00,affiliate,partner-network,click,0.9,0.0,True
usr-00175,jrn-00351,evt-0001296,2025-03-03 07:00:00+00:00,organic,seo-content,click,0.08,0.0,True
usr-00244,jrn-00489,evt-0001817,2025-03-03 08:00:00+00:00,paid_search,brand-search,impression,0.144,0.0,True
usr-00837,jrn-01675,evt-0006101,2025-03-03 08:00:00+00:00,affiliate,partner-network,click,0.9,0.0,True
usr-00414,jrn-00829,evt-0003077,2025-03-03 08:00:00+00:00,paid_search,brand-search,click,1.2,0.0,True
usr-00030,jrn-00060,evt-0000235,2025-03-03 08:00:00+00:00,email,lifecycle-email,click,0.04,0.0,True
usr-00358,jrn-00716,evt-0002655,2025-03-03 09:00:00+00:00,social,social-prospecting,click,0.65,0.0,True
usr-00123,jrn-00246,evt-0000916,2025-03-03 09:00:00+00:00,social,social-prospecting,impression,0.078,0.0,True
usr-00778,jrn-01556,evt-0005657,2025-03-03 10:00:00+00:00,social,social-prospecting,click,0.65,0.0,True
usr-00405,jrn-00810,evt-0003006,2025-03-03 10:00:00+00:00,display,display-retargeting,impression,0.036,0.0,True
usr-00248,jrn-00496,evt-0001840,2025-03-03 11:00:00+00:00,paid_search,brand-search,click,1.2,0.0,True
usr-00136,jrn-00273,evt-0000998,2025-03-03 11:00:00+00:00,paid_search,brand-search,click,1.2,0.0,True
usr-00709,jrn-01419,evt-0005160,2025-03-03 12:00:00+00:00,social,social-prospecting,click,0.65,0.0,True
usr-00785,jrn-01570,evt-0005714,2025-03-03 14:00:00+00:00,social,social-prospecting,impression,0.078,0.0,True
usr-00730,jrn-01461,evt-0005301,2025-03-03 15:00:00+00:00,affiliate,partner-network,impression,0.108,0.0,True
usr-00136,jrn-00273,evt-0000999,2025-03-03 15:00:00+00:00,social,social-prospecting,click,0.65,0.0,True
usr-00358,jrn-00716,evt-0002656,2025-03-03 16:00:00+00:00,email,lifecycle-email,impression,0.0048,0.0,True
usr-00331,jrn-00663,evt-0002451,2025-03-03 17:00:00+00:00,display,display-retargeting,impression,0.036,0.0,True
usr-00730,jrn-01461,evt-0005302,2025-03-03 17:00:00+00:00,affiliate,partner-network,click,0.9,0.0,False
usr-00123,jrn-00246,evt-0000917,2025-03-03 17:00:00+00:00,organic,seo-content,click,0.08,0.0,True
usr-00000,jrn-00001,evt-0000010,2025-03-03 18:00:00+00:00,organic,seo-content,impression,0.0096,0.0,True
usr-00778,jrn-01556,evt-0005655,2025-03-03 18:00:00+00:00,display,display-retargeting,impression,0.036,0.0,True
usr-00156,jrn-00313,evt-0001144,2025-03-03 18:00:00+00:00,display,display-retargeting,click,0.3,0.0,True
usr-00566,jrn-01132,evt-0004150,2025-03-03 19:00:00+00:00,paid_search,brand-search,click,1.2,0.0,False
usr-00785,jrn-01570,evt-0005713,2025-03-03 19:00:00+00:00,affiliate,partner-network,click,0.9,0.0,True
usr-00367,jrn-00734,evt-0002721,2025-03-03 19:00:00+00:00,paid_search,brand-search,click,1.2,0.0,True
usr-00199,jrn-00399,evt-0001465,2025-03-03 19:00:00+00:00,social,social-prospecting,conversion,0.0,87.13,True
usr-00405,jrn-00810,evt-0003007,2025-03-03 20:00:00+00:00,display,display-retargeting,impression,0.036,0.0,True
usr-00012,jrn-00025,evt-0000105,2025-03-03 20:00:00+00:00,affiliate,partner-network,impression,0.108,0.0,True
usr-00244,jrn-00489,evt-0001816,2025-03-03 20:00:00+00:00,social,social-prospecting,impression,0.078,0.0,True
usr-00709,jrn-01419,evt-0005161,2025-03-03 20:00:00+00:00,paid_search,brand-search,click,1.2,0.0,True
usr-00367,jrn-00734,evt-0002722,2025-03-03 22:00:00+00:00,email,lifecycle-email,impression,0.0048,0.0,True
usr-00358,jrn-00716,evt-0002657,2025-03-03 23:00:00+00:00,paid_search,brand-search,click,1.2,0.0,True
usr-00859,jrn-01719,evt-0006259,2025-03-03 23:00:00+00:00,affiliate,partner-network,conversion,0.0,49.69,True
usr-00868,jrn-01737,evt-0006322,2025-03-04 00:00:00+00:00,affiliate,partner-network,click,0.9,0.0,True
usr-00123,jrn-00246,evt-0000918,2025-03-04 01:00:00+00:00,social,social-prospecting,click,0.65,0.0,True
usr-00546,jrn-01093,evt-0004023,2025-03-04 01:00:00+00:00,email,lifecycle-email,impression,0.0048,0.0,True
usr-00683,jrn-01367,evt-0004990,2025-03-04 01:00:00+00:00,social,social-prospecting,impression,0.078,0.0,True
usr-00012,jrn-00025,evt-0000106,2025-03-04 02:00:00+00:00,display,display-retargeting,impression,0.036,0.0,True
usr-00566,jrn-01132,evt-0004151,2025-03-04 02:00:00+00:00,organic,seo-content,click,0.08,0.0,True
usr-00367,jrn-00734,evt-0002723,2025-03-04 03:00:00+00:00,display,display-retargeting,click,0.3,0.0,False
usr-00331,jrn-00663,evt-0002452,2025-03-04 03:00:00+00:00,social,social-prospecting,click,0.65,0.0,True
usr-00358,jrn-00716,evt-0002658,2025-03-04 03:00:00+00:00,display,display-retargeting,impression,0.036,0.0,True
usr-00175,jrn-00351,evt-0001297,2025-03-04 03:00:00+00:00,display,display-retargeting,click,0.3,0.0,True
usr-00730,jrn-01461,evt-0005304,2025-03-04 03:00:00+00:00,social,social-prospecting,impression,0.078,0.0,True
usr-00175,jrn-00351,evt-0001298,2025-03-04 05:00:00+00:00,social,social-prospecting,click,0.65,0.0,True
usr-00824,jrn-01648,evt-0006012,2025-03-04 06:00:00+00:00,affiliate,partner-network,click,0.9,0.0,True
usr-00012,jrn-00025,evt-0000107,2025-03-04 07:00:00+00:00,email,lifecycle-email,impression,0.0048,0.0,True
usr-00730,jrn-01461,evt-0005303,2025-03-04 09:00:00+00:00,organic,seo-content,click,0.08,0.0,True
usr-00331,jrn-00663,evt-0002453,2025-03-04 09:00:00+00:00,paid_search,brand-search,click,1.2,0.0,True
usr-00405,jrn-00810,evt-0003009,2025-03-04 10:00:00+00:00,paid_search,brand-search,impression,0.144,0.0,True
usr-00730,jrn-01461,evt-0005306,2025-03-04 11:00:00+00:00,organic,seo-content,impression,0.0096,0.0,True
usr-00497,jrn-00994,evt-0003655,2025-03-04 12:00:00+00:00,social,social-prospecting,click,0.65,0.0,True
usr-00244,jrn-00489,evt-0001818,2025-03-04 12:00:00+00:00,organic,seo-content,click,0.08,0.0,True
usr-00778,jrn-01556,evt-0005656,2025-03-04 12:00:00+00:00,email,lifecycle-email,impression,0.0048,0.0,True
usr-00685,jrn-01371,evt-0005001,2025-03-04 12:00:00+00:00,display,display-retargeting,impression,0.036,0.0,True
usr-00059,jrn-00119,evt-0000452,2025-03-04 13:00:00+00:00,affiliate,partner-network,impression,0.108,0.0,True
usr-00331,jrn-00663,evt-0002454,2025-03-04 14:00:00+00:00,affiliate,partner-network,impression,0.108,0.0,True
usr-00763,jrn-01526,evt-0005550,2025-03-04 15:00:00+00:00,affiliate,partner-network,impression,0.108,0.0,True
usr-00405,jrn-00810,evt-0003008,2025-03-04 16:00:00+00:00,organic,seo-content,impression,0.0096,0.0,True
usr-00662,jrn-01324,evt-0004837,2025-03-04 16:00:00+00:00,paid_search,brand-search,conversion,0.0,112.32,True
usr-00685,jrn-01371,evt-0005003,2025-03-04 16:00:00+00:00,affiliate,partner-network,click,0.9,0.0,True
usr-00059,jrn-00119,evt-0000454,2025-03-04 17:00:00+00:00,display,display-retargeting,impression,0.036,0.0,True
usr-00059,jrn-00119,evt-0000453,2025-03-04 17:00:00+00:00,affiliate,partner-network,click,0.9,0.0,True
usr-00546,jrn-01093,evt-0004024,2025-03-04 17:00:00+00:00,email,lifecycle-email,click,0.04,0.0,True
usr-00312,jrn-00625,evt-0002324,2025-03-04 19:00:00+00:00,email,lifecycle-email,click,0.04,0.0,True
usr-00175,jrn-00351,evt-0001299,2025-03-04 19:00:00+00:00,affiliate,partner-network,impression,0.108,0.0,True
usr-00630,jrn-01261,evt-0004620,2025-03-04 19:00:00+00:00,display,display-retargeting,impression,0.036,0.0,True
usr-00685,jrn-01371,evt-0005002,2025-03-04 19:00:00+00:00,email,lifecycle-email,impression,0.0048,0.0,True
usr-00630,jrn-01261,evt-0004621,2025-03-04 21:00:00+00:00,email,lifecycle-email,click,0.04,0.0,True
usr-00405,jrn-00810,evt-0003010,2025-03-04 22:00:00+00:00,email,lifecycle-email,click,0.04,0.0,True
usr-00630,jrn-01261,evt-0004622,2025-03-04 23:00:00+00:00,display,display-retargeting,impression,0.036,0.0,True
usr-00497,jrn-00994,evt-0003656,2025-03-05 00:00:00+00:00,paid_search,brand-search,click,1.2,0.0,True
usr-00312,jrn-00625,evt-0002325,2025-03-05 01:00:00+00:00,email,lifecycle-email,impression,0.0048,0.0,True
usr-00059,jrn-00119,evt-0000455,2025-03-05 01:00:00+00:00,paid_search,brand-search,click,1.2,0.0,True
usr-00730,jrn-01461,evt-0005305,2025-03-05 03:00:00+00:00,email,lifecycle-email,impression,0.0048,0.0,True
usr-00596,jrn-01192,evt-0004363,2025-03-05 03:00:00+00:00,display,display-retargeting,impression,0.036,0.0,True
usr-00156,jrn-00313,evt-0001146,2025-03-05 04:00:00+00:00,paid_search,brand-search,click,1.2,0.0,True
usr-00426,jrn-00852,evt-0003159,2025-03-05 04:00:00+00:00,display,display-retargeting,click,0.3,0.0,True
usr-00865,jrn-01730,evt-0006294,2025-03-05 04:00:00+00:00,organic,seo-content,click,0.08,0.0,True
usr-00551,jrn-01102,evt-0004061,2025-03-05 05:00:00+00:00,display,display-retargeting,impression,0.036,0.0,True
usr-00546,jrn-01093,evt-0004025,2025-03-05 05:00:00+00:00,paid_search,brand-search,click,1.2,0.0,True
usr-00497,jrn-00994,evt-0003657,2025-03-05 08:00:00+00:00,affiliate,partner-network,impression,0.108,0.0,True
usr-00865,jrn-01730,evt-0006297,2025-03-05 10:00:00+00:00,social,social-prospecting,impression,0.078,0.0,True
usr-00405,jrn-00810,evt-0003011,2025-03-05 12:00:00+00:00,affiliate,partner-network,impression,0.108,0.0,True
usr-00426,jrn-00852,evt-0003163,2025-03-05 12:00:00+00:00,social,social-prospecting,click,0.65,0.0,True
usr-00630,jrn-01261,evt-0004623,2025-03-05 13:00:00+00:00,email,lifecycle-email,click,0.04,0.0,True
usr-00426,jrn-00852,evt-0003161,2025-03-05 14:00:00+00:00,affiliate,partner-network,click,0.9,0.0,True
usr-00366,jrn-00733,evt-0002718,2025-03-05 14:00:00+00:00,paid_search,brand-search,click,1.2,0.0,True
usr-00426,jrn-00852,evt-0003160,2025-03-05 15:00:00+00:00,display,display-retargeting,click,0.3,0.0,True
usr-00320,jrn-00640,evt-0002381,2025-03-05 15:00:00+00:00,paid_search,brand-search,click,1.2,0.0,True
usr-00596,jrn-01192,evt-0004364,2025-03-05 16:00:00+00:00,display,display-retargeting,click,0.3,0.0,True
usr-00865,jrn-01730,evt-0006296,2025-03-05 16:00:00+00:00,display,display-retargeting,click,0.3,0.0,True
usr-00865,jrn-01730,evt-0006295,2025-03-05 18:00:00+00:00,paid_search,brand-search,click,1.2,0.0,True
usr-00685,jrn-01371,evt-0005005,2025-03-05 20:00:00+00:00,display,display-retargeting,impression,0.036,0.0,True
usr-00366,jrn-00733,evt-0002720,2025-03-05 20:00:00+00:00,paid_search,brand-search,click,1.2,0.0,True
usr-00706,jrn-01413,evt-0005143,2025-03-05 20:00:00+00:00,display,display-retargeting,click,0.3,0.0,True
usr-00366,jrn-00733,evt-0002719,2025-03-05 21:00:00+00:00,organic,seo-content,impression,0.0096,0.0,True
usr-00573,jrn-01146,evt-0004202,2025-03-05 21:00:00+00:00,affiliate,partner-network,impression,0.108,0.0,True
usr-00169,jrn-00338,evt-0001256,2025-03-05 22:00:00+00:00,social,social-prospecting,conversion,0.0,78.28,True
usr-00877,jrn-01754,evt-0006381,2025-03-05 22:00:00+00:00,social,social-prospecting,impression,0.078,0.0,True
usr-00685,jrn-01371,evt-0005006,2025-03-05 23:00:00+00:00,paid_search,brand-search,click,1.2,0.0,True
usr-00630,jrn-01261,evt-0004624,2025-03-05 23:00:00+00:00,email,lifecycle-email,click,0.04,0.0,True
usr-00497,jrn-00994,evt-0003658,2025-03-06 00:00:00+00:00,email,lifecycle-email,click,0.04,0.0,True
usr-00573,jrn-01146,evt-0004203,2025-03-06 01:00:00+00:00,paid_search,brand-search,click,1.2,0.0,True
usr-00877,jrn-01754,evt-0006383,2025-03-06 02:00:00+00:00,social,social-prospecting,click,0.65,0.0,True
usr-00806,jrn-01612,evt-0005872,2025-03-06 03:00:00+00:00,affiliate,partner-network,impression,0.108,0.0,True
usr-00706,jrn-01413,evt-0005144,2025-03-06 04:00:00+00:00,affiliate,partner-network,impression,0.108,0.0,True
usr-00706,jrn-01413,evt-0005145,2025-03-06 04:00:00+00:00,organic,seo-content,impression,0.0096,0.0,True
usr-00877,jrn-01754,evt-0006382,2025-03-06 05:00:00+00:00,organic,seo-content,click,0.08,0.0,True
usr-00315,jrn-00630,evt-0002345,2025-03-06 06:00:00+00:00,social,social-prospecting,impression,0.078,0.0,False
usr-00685,jrn-01371,evt-0005004,2025-03-06 06:00:00+00:00,paid_search,brand-search,click,1.2,0.0,True
usr-00699,jrn-01399,evt-0005090,2025-03-06 09:00:00+00:00,email,lifecycle-email,impression,0.0048,0.0,True
usr-00543,jrn-01086,evt-0003995,2025-03-06 10:00:00+00:00,affiliate,partner-network,impression,0.108,0.0,True
usr-00426,jrn-00852,evt-0003162,2025-03-06 13:00:00+00:00,affiliate,partner-network,impression,0.108,0.0,True
usr-00806,jrn-01612,evt-0005873,2025-03-06 16:00:00+00:00,display,display-retargeting,click,0.3,0.0,True
usr-00039,jrn-00079,evt-0000300,2025-03-06 18:00:00+00:00,organic,seo-content,click,0.08,0.0,True
usr-00543,jrn-01086,evt-0003996,2025-03-06 18:00:00+00:00,affiliate,partner-network,click,0.9,0.0,True
usr-00706,jrn-01413,evt-0005147,2025-03-06 20:00:00+00:00,organic,seo-content,impression,0.0096,0.0,True
usr-00566,jrn-01132,evt-0004153,2025-03-06 21:00:00+00:00,paid_search,brand-search,conversion,0.0,89.49,True
usr-00544,jrn-01088,evt-0004005,2025-03-06 21:00:00+00:00,display,display-retargeting,click,0.3,0.0,True
usr-00175,jrn-00350,evt-0001292,2025-03-06 21:00:00+00:00,affiliate,partner-network,click,0.9,0.0,True
usr-00018,jrn-00036,evt-0000144,2025-03-06 22:00:00+00:00,organic,seo-content,click,0.08,0.0,True
usr-00064,jrn-00129,evt-0000489,2025-03-07 00:00:00+00:00,organic,seo-content,click,0.08,0.0,True
usr-00543,jrn-01086,evt-0003998,2025-03-07 01:00:00+00:00,paid_search,brand-search,click,1.2,0.0,True
usr-00852,jrn-01704,evt-0006194,2025-03-07 01:00:00+00:00,affiliate,partner-network,click,0.9,0.0,True
usr-00018,jrn-00036,evt-0000145,2025-03-07 02:00:00+00:00,email,lifecycle-email,click,0.04,0.0,True
usr-00596,jrn-01192,evt-0004365,2025-03-07 02:00:00+00:00,display,display-retargeting,conversion,0.0,28.84,True
usr-00139,jrn-00278,evt-0001013,2025-03-07 03:00:00+00:00,organic,seo-content,click,0.08,0.0,True
usr-00544,jrn-01088,evt-0004007,2025-03-07 03:00:00+00:00,social,social-prospecting,click,0.65,0.0,True
usr-00175,jrn-00350,evt-0001293,2025-03-07 03:00:00+00:00,social,social-prospecting,click,0.65,0.0,True
usr-00544,jrn-01088,evt-0004006,2025-03-07 04:00:00+00:00,email,lifecycle-email,impression,0.0048,0.0,True
usr-00081,jrn-00163,evt-0000614,2025-03-07 04:00:00+00:00,organic,seo-content,click,0.08,0.0,True
usr-00497,jrn-00994,evt-0003659,2025-03-07 04:00:00+00:00,organic,seo-content,impression,0.0096,0.0,True
usr-00573,jrn-01146,evt-0004204,2025-03-07 05:00:00+00:00,email,lifecycle-email,click,0.04,0.0,True
usr-00018,jrn-00036,evt-0000147,2025-03-07 07:00:00+00:00,display,display-retargeting,impression,0.036,0.0,True
usr-00081,jrn-00163,evt-0000615,2025-03-07 07:00:00+00:00,social,social-prospecting,impression,0.078,0.0,True
usr-00250,jrn-00500,evt-0001853,2025-03-07 07:00:00+00:00,email,lifecycle-email,click,0.04,0.0,True
usr-00543,jrn-01086,evt-0003997,2025-03-07 08:00:00+00:00,display,display-retargeting,impression,0.036,0.0,True
usr-00064,jrn-00129,evt-0000490,2025-03-07 09:00:00+00:00,paid_search,brand-search,impression,0.144,0.0,True
usr-00852,jrn-01704,evt-0006195,2025-03-07 10:00:00+00:00,display,display-retargeting,click,0.3,0.0,True
usr-00039,jrn-00079,evt-0000301,2025-03-07 11:00:00+00:00,email,lifecycle-email,impression,0.0048,0.0,True
usr-00573,jrn-01146,evt-0004205,2025-03-07 12:00:00+00:00,social,social-prospecting,click,0.65,0.0,True
usr-00865,jrn-01730,evt-0006298,2025-03-07 12:00:00+00:00,affiliate,partner-network,impression,0.108,0.0,True
usr-00018,jrn-00036,evt-0000146,2025-03-07 14:00:00+00:00,organic,seo-content,click,0.08,0.0,True
usr-00852,jrn-01704,evt-0006196,2025-03-07 15:00:00+00:00,paid_search,brand-search,impression,0.144,0.0,True
usr-00039,jrn-00079,evt-0000304,2025-03-07 18:00:00+00:00,social,social-prospecting,impression,0.078,0.0,True
usr-00175,jrn-00350,evt-0001294,2025-03-07 19:00:00+00:00,display,display-retargeting,impression,0.036,0.0,True
usr-00048,jrn-00097,evt-0000376,2025-03-07 19:00:00+00:00,display,display-retargeting,impression,0.036,0.0,True
usr-00889,jrn-01778,evt-0006468,2025-03-07 19:00:00+00:00,affiliate,partner-network,impression,0.108,0.0,True
usr-00706,jrn-01413,evt-0005146,2025-03-07 20:00:00+00:00,email,lifecycle-email,impression,0.0048,0.0,True
usr-00391,jrn-00783,evt-0002896,2025-03-07 20:00:00+00:00,paid_search,brand-search,click,1.2,0.0,True
usr-00250,jrn-00500,evt-0001854,2025-03-07 20:00:00+00:00,paid_search,brand-search,click,1.2,0.0,True
usr-00889,jrn-01778,evt-0006469,2025-03-07 22:00:00+00:00,affiliate,partner-network,click,0.9,0.0,True
usr-00391,jrn-00783,evt-0002897,2025-03-08 01:00:00+00:00,affiliate,partner-network,impression,0.108,0.0,True
usr-00852,jrn-01704,evt-0006198,2025-03-08 01:00:00+00:00,social,social-prospecting,impression,0.078,0.0,True
usr-00696,jrn-01392,evt-0005070,2025-03-08 02:00:00+00:00,affiliate,partner-network,impression,0.108,0.0,True
usr-00039,jrn-00079,evt-0000302,2025-03-08 02:00:00+00:00,organic,seo-content,click,0.08,0.0,True
usr-00630,jrn-01261,evt-0004625,2025-03-08 03:00:00+00:00,display,display-retargeting,click,0.3,0.0,True
usr-00048,jrn-00097,evt-0000377,2025-03-08 04:00:00+00:00,organic,seo-content,impression,0.0096,0.0,True
usr-00323,jrn-00647,evt-0002403,2025-03-08 04:00:00+00:00,email,lifecycle-email,click,0.04,0.0,False
usr-00374,jrn-00749,evt-0002776,2025-03-08 06:00:00+00:00,organic,seo-content,click,0.08,0.0,True
usr-00081,jrn-00163,evt-0000617,2025-03-08 07:00:00+00:00,organic,seo-content,click,0.08,0.0,True
usr-00227,jrn-00455,evt-0001676,2025-03-08 07:00:00+00:00,paid_search,brand-search,click,1.2,0.0,True
usr-00179,jrn-00358,evt-0001323,2025-03-08 07:00:00+00:00,paid_search,brand-search,impression,0.144,0.0,True
usr-00081,jrn-00163,evt-0000616,2025-03-08 08:00:00+00:00,display,display-retargeting,click,0.3,0.0,True
usr-00064,jrn-00129,evt-0000491,2025-03-08 08:00:00+00:00,social,social-prospecting,click,0.65,0.0,True
usr-00374,jrn-00749,evt-0002777,2025-03-08 08:00:00+00:00,affiliate,partner-network,click,0.9,0.0,True
usr-00467,jrn-00934,evt-0003457,2025-03-08 09:00:00+00:00,organic,seo-content,click,0.08,0.0,True
usr-00696,jrn-01392,evt-0005072,2025-03-08 10:00:00+00:00,display,display-retargeting,impression,0.036,0.0,True
usr-00018,jrn-00036,evt-0000148,2025-03-08 10:00:00+00:00,affiliate,partner-network,click,0.9,0.0,True
usr-00613,jrn-01227,evt-0004486,2025-03-08 10:00:00+00:00,paid_search,brand-search,impression,0.144,0.0,True
usr-00143,jrn-00286,evt-0001046,2025-03-08 11:00:00+00:00,email,lifecycle-email,click,0.04,0.0,True
usr-00696,jrn-01392,evt-0005071,2025-03-08 11:00:00+00:00,display,display-retargeting,click,0.3,0.0,True
usr-00323,jrn-00647,evt-0002404,2025-03-08 11:00:00+00:00,organic,seo-content,click,0.08,0.0,True
usr-00531,jrn-01062,evt-0003903,2025-03-08 12:00:00+00:00,display,display-retargeting,impression,0.036,0.0,True
usr-00852,jrn-01704,evt-0006199,2025-03-08 12:00:00+00:00,affiliate,partner-network,click,0.9,0.0,True
usr-00497,jrn-00994,evt-0003660,2025-03-08 14:00:00+00:00,organic,seo-content,conversion,0.0,66.46,True
usr-00143,jrn-00286,evt-0001048,2025-03-08 15:00:00+00:00,email,lifecycle-email,impression,0.0048,0.0,True
usr-00728,jrn-01456,evt-0005288,2025-03-08 15:00:00+00:00,email,lifecycle-email,click,0.04,0.0,True
usr-00605,jrn-01211,evt-0004428,2025-03-08 16:00:00+00:00,affiliate,partner-network,click,0.9,0.0,True
usr-00391,jrn-00783,evt-0002900,2025-03-08 16:00:00+00:00,affiliate,partner-network,impression,0.108,0.0,True
usr-00227,jrn-00455,evt-0001677,2025-03-08 18:00:00+00:00,social,social-prospecting,impression,0.078,0.0,True
usr-00039,jrn-00079,evt-0000303,2025-03-08 18:00:00+00:00,email,lifecycle-email,click,0.04,0.0,True
usr-00179,jrn-00358,evt-0001324,2025-03-08 19:00:00+00:00,email,lifecycle-email,impression,0.0048,0.0,True
usr-00531,jrn-01062,evt-0003904,2025-03-08 20:00:00+00:00,paid_search,brand-search,click,1.2,0.0,True
usr-00374,jrn-00749,evt-0002778,2025-03-08 20:00:00+00:00,email,lifecycle-email,click,0.04,0.0,True
usr-00467,jrn-00934,evt-0003460,2025-03-08 21:00:00+00:00,display,display-retargeting,click,0.3,0.0,True
usr-00143,jrn-00286,evt-0001047,2025-03-08 21:00:00+00:00,organic,seo-content,impression,0.0096,0.0,True
usr-00544,jrn-01088,evt-0004009,2025-03-08 21:00:00+00:00,organic,seo-content,click,0.08,0.0,True
usr-00447,jrn-00895,evt-0003305,2025-03-08 22:00:00+00:00,social,social-prospecting,click,0.65,0.0,True
usr-00869,jrn-01739,evt-0006330,2025-03-08 22:00:00+00:00,email,lifecycle-email,click,0.04,0.0,True
usr-00227,jrn-00455,evt-0001678,2025-03-08 23:00:00+00:00,email,lifecycle-email,click,0.04,0.0,False
usr-00467,jrn-00934,evt-0003458,2025-03-08 23:00:00+00:00,email,lifecycle-email,impression,0.0048,0.0,True
usr-00728,jrn-01456,evt-0005291,2025-03-09 00:00:00+00:00,organic,seo-content,click,0.08,0.0,True
usr-00544,jrn-01088,evt-0004008,2025-03-09 00:00:00+00:00,email,lifecycle-email,impression,0.0048,0.0,True
usr-00728,jrn-01456,evt-0005290,2025-03-09 01:00:00+00:00,social,social-prospecting,click,0.65,0.0,True
usr-00543,jrn-01086,evt-0003999,2025-03-09 02:00:00+00:00,email,lifecycle-email,impression,0.0048,0.0,True
usr-00323,jrn-00647,evt-0002405,2025-03-09 02:00:00+00:00,display,display-retargeting,click,0.3,0.0,True
usr-00391,jrn-00783,evt-0002901,2025-03-09 02:00:00+00:00,paid_search,brand-search,impression,0.144,0.0,True
usr-00869,jrn-01739,evt-0006331,2025-03-09 03:00:00+00:00,paid_search,brand-search,click,1.2,0.0,True
usr-00374,jrn-00749,evt-0002779,2025-03-09 03:00:00+00:00,affiliate,partner-network,click,0.9,0.0,True
usr-00401,jrn-00802,evt-0002979,2025-03-09 03:00:00+00:00,organic,seo-content,impression,0.0096,0.0,True
usr-00447,jrn-00895,evt-0003306,2025-03-09 03:00:00+00:00,organic,seo-content,impression,0.0096,0.0,True
usr-00064,jrn-00129,evt-0000492,2025-03-09 03:00:00+00:00,affiliate,partner-network,click,0.9,0.0,True
usr-00613,jrn-01227,evt-0004487,2025-03-09 03:00:00+00:00,paid_search,brand-search,click,1.2,0.0,True
usr-00543,jrn-01086,evt-0004000,2025-03-09 03:00:00+00:00,social,social-prospecting,impression,0.078,0.0,True
usr-00227,jrn-00455,evt-0001680,2025-03-09 03:00:00+00:00,paid_search,brand-search,click,1.2,0.0,True
usr-00613,jrn-01227,evt-0004489,2025-03-09 04:00:00+00:00,email,lifecycle-email,click,0.04,0.0,True
usr-00852,jrn-01704,evt-0006197,2025-03-09 04:00:00+00:00,paid_search,brand-search,click,1.2,0.0,True
usr-00227,jrn-00455,evt-0001679,2025-03-09 04:00:00+00:00,affiliate,partner-network,click,0.9,0.0,True
usr-00605,jrn-01211,evt-0004432,2025-03-09 04:00:00+00:00,social,social-prospecting,click,0.65,0.0,True
usr-00573,jrn-01146,evt-0004206,2025-03-09 06:00:00+00:00,social,social-prospecting,conversion,0.0,40.93,True
usr-00391,jrn-00783,evt-0002898,2025-03-09 06:00:00+00:00,affiliate,partner-network,impression,0.108,0.0,True
usr-00475,jrn-00950,evt-0003512,2025-03-09 07:00:00+00:00,affiliate,partner-network,click,0.9,0.0,True
usr-00879,jrn-01759,evt-0006394,2025-03-09 07:00:00+00:00,paid_search,brand-search,click,1.2,0.0,True
usr-00605,jrn-01211,evt-0004429,2025-03-09 07:00:00+00:00,affiliate,partner-network,click,0.9,0.0,True
usr-00469,jrn-00938,evt-0003468,2025-03-09 07:00:00+00:00,social,social-prospecting,click,0.65,0.0,True
usr-00143,jrn-00286,evt-0001049,2025-03-09 08:00:00+00:00,display,display-retargeting,impression,0.036,0.0,True
usr-00728,jrn-01456,evt-0005289,2025-03-09 08:00:00+00:00,paid_search,brand-search,impression,0.144,0.0,True
usr-00081,jrn-00163,evt-0000618,2025-03-09 08:00:00+00:00,display,display-retargeting,click,0.3,0.0,True
usr-00605,jrn-01211,evt-0004430,2025-03-09 10:00:00+00:00,affiliate,partner-network,impression,0.108,0.0,True
usr-00605,jrn-01211,evt-0004431,2025-03-09 10:00:00+00:00,organic,seo-content,impression,0.0096,0.0,False
usr-00341,jrn-00683,evt-0002527,2025-03-09 11:00:00+00:00,affiliate,partner-network,click,0.9,0.0,True
usr-00391,jrn-00783,evt-0002899,2025-03-09 11:00:00+00:00,social,social-prospecting,click,0.65,0.0,True
usr-00079,jrn-00159,evt-0000602,2025-03-09 13:00:00+00:00,affiliate,partner-network,impression,0.108,0.0,True
usr-00467,jrn-00934,evt-0003459,2025-03-09 13:00:00+00:00,email,lifecycle-email,impression,0.0048,0.0,True
usr-00338,jrn-00676,evt-0002508,2025-03-09 13:00:00+00:00,organic,seo-content,impression,0.0096,0.0,True
usr-00442,jrn-00884,evt-0003273,2025-03-09 14:00:00+00:00,organic,seo-content,impression,0.0096,0.0,True
usr-00613,jrn-01227,evt-0004488,2025-03-09 14:00:00+00:00,social,social-prospecting,click,0.65,0.0,True
usr-00879,jrn-01759,evt-0006396,2025-03-09 15:00:00+00:00,social,social-prospecting,click,0.65,0.0,True
usr-00447,jrn-00895,evt-0003307,2025-03-09 16:00:00+00:00,email,lifecycle-email,click,0.04,0.0,True
usr-00879,jrn-01759,evt-0006395,2025-03-09 19:00:00+00:00,organic,seo-content,click,0.08,0.0,True
usr-00475,jrn-00950,evt-0003513,2025-03-09 21:00:00+00:00,affiliate,partner-network,click,0.9,0.0,True
usr-00475,jrn-00950,evt-0003514,2025-03-09 21:00:00+00:00,paid_search,brand-search,click,1.2,0.0,True
usr-00341,jrn-00683,evt-0002529,2025-03-09 21:00:00+00:00,affiliate,partner-network,click,0.9,0.0,True
usr-00341,jrn-00683,evt-0002528,2025-03-09 21:00:00+00:00,organic,seo-content,click,0.08,0.0,True
usr-00442,jrn-00884,evt-0003274,2025-03-09 21:00:00+00:00,affiliate,partner-network,impression,0.108,0.0,True
usr-00531,jrn-01062,evt-0003905,2025-03-09 22:00:00+00:00,social,social-prospecting,click,0.65,0.0,True
usr-00447,jrn-00895,evt-0003308,2025-03-09 22:00:00+00:00,organic,seo-content,impression,0.0096,0.0,True
usr-00469,jrn-00938,evt-0003469,2025-03-09 23:00:00+00:00,display,display-retargeting,click,0.3,0.0,True
usr-00722,jrn-01445,evt-0005253,2025-03-10 00:00:00+00:00,paid_search,brand-search,click,1.2,0.0,True
usr-00079,jrn-00159,evt-0000604,2025-03-10 03:00:00+00:00,affiliate,partner-network,click,0.9,0.0,True
usr-00313,jrn-00626,evt-0002326,2025-03-10 04:00:00+00:00,email,lifecycle-email,click,0.04,0.0,True
usr-00617,jrn-01234,evt-0004518,2025-03-10 05:00:00+00:00,paid_search,brand-search,click,1.2,0.0,True
usr-00338,jrn-00676,evt-0002509,2025-03-10 06:00:00+00:00,affiliate,partner-network,impression,0.108,0.0,False
usr-00079,jrn-00159,evt-0000603,2025-03-10 06:00:00+00:00,email,lifecycle-email,impression,0.0048,0.0,True
usr-00807,jrn-01615,evt-0005879,2025-03-10 06:00:00+00:00,social,social-prospecting,click,0.65,0.0,True
usr-00313,jrn-00626,evt-0002327,2025-03-10 06:00:00+00:00,organic,seo-content,click,0.08,0.0,True
usr-00081,jrn-00163,evt-0000619,2025-03-10 07:00:00+00:00,paid_search,brand-search,click,1.2,0.0,True
usr-00486,jrn-00972,evt-0003587,2025-03-10 10:00:00+00:00,social,social-prospecting,impression,0.078,0.0,True
usr-00722,jrn-01445,evt-0005254,2025-03-10 12:00:00+00:00,affiliate,partner-network,impression,0.108,0.0,True
usr-00529,jrn-01059,evt-0003893,2025-03-10 13:00:00+00:00,affiliate,partner-network,click,0.9,0.0,True
usr-00807,jrn-01615,evt-0005882,2025-03-10 15:00:00+00:00,social,social-prospecting,click,0.65,0.0,True
usr-00338,jrn-00676,evt-0002510,2025-03-10 15:00:00+00:00,display,display-retargeting,click,0.3,0.0,True
usr-00313,jrn-00626,evt-0002328,2025-03-10 16:00:00+00:00,affiliate,partner-network,impression,0.108,0.0,True
usr-00668,jrn-01336,evt-0004873,2025-03-10 18:00:00+00:00,social,social-prospecting,impression,0.078,0.0,True
usr-00807,jrn-01615,evt-0005881,2025-03-10 18:00:00+00:00,organic,seo-content,click,0.08,0.0,True
usr-00225,jrn-00451,evt-0001664,2025-03-10 19:00:00+00:00,social,social-prospecting,click,0.65,0.0,True
usr-00477,jrn-00954,evt-0003531,2025-03-10 19:00:00+00:00,social,social-prospecting,click,0.65,0.0,True
usr-00536,jrn-01072,evt-0003943,2025-03-10 20:00:00+00:00,display,display-retargeting,click,0.3,0.0,True
usr-00807,jrn-01615,evt-0005880,2025-03-10 23:00:00+00:00,paid_search,brand-search,click,1.2,0.0,True
usr-00544,jrn-01088,evt-0004010,2025-03-11 00:00:00+00:00,organic,seo-content,conversion,0.0,60.42,True
usr-00529,jrn-01059,evt-0003894,2025-03-11 00:00:00+00:00,paid_search,brand-search,impression,0.144,0.0,True
usr-00613,jrn-01227,evt-0004490,2025-03-11 02:00:00+00:00,organic,seo-content,impression,0.0096,0.0,True
usr-00341,jrn-00683,evt-0002530,2025-03-11 02:00:00+00:00,paid_search,brand-search,click,1.2,0.0,True
usr-00475,jrn-00950,evt-0003516,2025-03-11 03:00:00+00:00,affiliate,partner-network,click,0.9,0.0,True
usr-00668,jrn-01336,evt-0004874,2025-03-11 05:00:00+00:00,social,social-prospecting,impression,0.078,0.0,True
usr-00225,jrn-00451,evt-0001665,2025-03-11 06:00:00+00:00,social,social-prospecting,click,0.65,0.0,True
usr-00475,jrn-00950,evt-0003515,2025-03-11 07:00:00+00:00,social,social-prospecting,impression,0.078,0.0,True
usr-00536,jrn-01072,evt-0003947,2025-03-11 08:00:00+00:00,affiliate,partner-network,impression,0.108,0.0,True
usr-00536,jrn-01072,evt-0003946,2025-03-11 08:00:00+00:00,display,display-retargeting,impression,0.036,0.0,True
usr-00529,jrn-01059,evt-0003895,2025-03-11 09:00:00+00:00,social,social-prospecting,impression,0.078,0.0,True
usr-00477,jrn-00954,evt-0003532,2025-03-11 09:00:00+00:00,social,social-prospecting,click,0.65,0.0,True
usr-00536,jrn-01072,evt-0003944,2025-03-11 10:00:00+00:00,display,display-retargeting,click,0.3,0.0,True
usr-00366,jrn-00732,evt-0002714,2025-03-11 12:00:00+00:00,affiliate,partner-network,impression,0.108,0.0,True
usr-00673,jrn-01346,evt-0004906,2025-03-11 13:00:00+00:00,display,display-retargeting,click,0.3,0.0,True
usr-00529,jrn-01059,evt-0003897,2025-03-11 13:00:00+00:00,social,social-prospecting,click,0.65,0.0,True
usr-00465,jrn-00931,evt-0003445,2025-03-11 13:00:00+00:00,affiliate,partner-network,click,0.9,0.0,True
usr-00366,jrn-00732,evt-0002716,2025-03-11 16:00:00+00:00,paid_search,brand-search,impression,0.144,0.0,True
usr-00775,jrn-01551,evt-0005637,2025-03-11 16:00:00+00:00,display,display-retargeting,click,0.3,0.0,True
usr-00017,jrn-00035,evt-0000141,2025-03-11 17:00:00+00:00,affiliate,partner-network,click,0.9,0.0,True
usr-00475,jrn-00950,evt-0003517,2025-03-11 19:00:00+00:00,social,social-prospecting,click,0.65,0.0,True
usr-00824,jrn-01649,evt-0006013,2025-03-11 19:00:00+00:00,email,lifecycle-email,impression,0.0048,0.0,True
usr-00529,jrn-01059,evt-0003898,2025-03-11 19:00:00+00:00,affiliate,partner-network,click,0.9,0.0,True
usr-00536,jrn-01072,evt-0003945,2025-03-11 20:00:00+00:00,organic,seo-content,impression,0.0096,0.0,True
usr-00456,jrn-00912,evt-0003365,2025-03-11 20:00:00+00:00,social,social-prospecting,click,0.65,0.0,True
usr-00529,jrn-01059,evt-0003896,2025-03-11 22:00:00+00:00,social,social-prospecting,click,0.65,0.0,True
usr-00824,jrn-01649,evt-0006015,2025-03-11 23:00:00+00:00,affiliate,partner-network,click,0.9,0.0,True
usr-00613,jrn-01227,evt-0004491,2025-03-11 23:00:00+00:00,organic,seo-content,click,0.08,0.0,True
usr-00366,jrn-00732,evt-0002717,2025-03-12 00:00:00+00:00,paid_search,brand-search,impression,0.144,0.0,True
usr-00673,jrn-01346,evt-0004907,2025-03-12 01:00:00+00:00,affiliate,partner-network,click,0.9,0.0,True
usr-00824,jrn-01649,evt-0006014,2025-03-12 01:00:00+00:00,affiliate,partner-network,click,0.9,0.0,True
usr-00465,jrn-00931,evt-0003448,2025-03-12 01:00:00+00:00,social,social-prospecting,impression,0.078,0.0,False
usr-00465,jrn-00931,evt-0003446,2025-03-12 02:00:00+00:00,affiliate,partner-network,click,0.9,0.0,True
usr-00366,jrn-00732,evt-0002715,2025-03-12 02:00:00+00:00,organic,seo-content,click,0.08,0.0,True
usr-00441,jrn-00882,evt-0003261,2025-03-12 03:00:00+00:00,social,social-prospecting,impression,0.078,0.0,True
usr-00673,jrn-01346,evt-0004908,2025-03-12 05:00:00+00:00,social,social-prospecting,click,0.65,0.0,True
usr-00760,jrn-01520,evt-0005529,2025-03-12 05:00:00+00:00,affiliate,partner-network,click,0.9,0.0,True
usr-00017,jrn-00035,evt-0000142,2025-03-12 05:00:00+00:00,affiliate,partner-network,click,0.9,0.0,True
usr-00760,jrn-01520,evt-0005530,2025-03-12 07:00:00+00:00,organic,seo-content,impression,0.0096,0.0,True
usr-00456,jrn-00912,evt-0003366,2025-03-12 07:00:00+00:00,affiliate,partner-network,click,0.9,0.0,True
usr-00441,jrn-00882,evt-0003263,2025-03-12 07:00:00+00:00,organic,seo-content,click,0.08,0.0,True
usr-00456,jrn-00912,evt-0003367,2025-03-12 08:00:00+00:00,paid_search,brand-search,click,1.2,0.0,True
usr-00441,jrn-00882,evt-0003262,2025-03-12 08:00:00+00:00,affiliate,partner-network,click,0.9,0.0,True
usr-00408,jrn-00817,evt-0003036,2025-03-12 09:00:00+00:00,email,lifecycle-email,click,0.04,0.0,True
usr-00170,jrn-00340,evt-0001259,2025-03-12 09:00:00+00:00,social,social-prospecting,impression,0.078,0.0,True
usr-00673,jrn-01346,evt-0004909,2025-03-12 10:00:00+00:00,paid_search,brand-search,click,1.2,0.0,True
usr-00465,jrn-00931,evt-0003447,2025-03-12 13:00:00+00:00,organic,seo-content,click,0.08,0.0,True
usr-00709,jrn-01418,evt-0005156,2025-03-12 14:00:00+00:00,organic,seo-content,impression,0.0096,0.0,True
usr-00170,jrn-00340,evt-0001260,2025-03-12 14:00:00+00:00,display,display-retargeting,impression,0.036,0.0,True
usr-00408,jrn-00817,evt-0003037,2025-03-12 16:00:00+00:00,organic,seo-content,click,0.08,0.0,True
usr-00017,jrn-00035,evt-0000143,2025-03-12 17:00:00+00:00,paid_search,brand-search,click,1.2,0.0,True
usr-00465,jrn-00931,evt-0003450,2025-03-12 19:00:00+00:00,organic,seo-content,impression,0.0096,0.0,True
usr-00013,jrn-00027,evt-0000111,2025-03-12 19:00:00+00:00,paid_search,brand-search,click,1.2,0.0,True
usr-00369,jrn-00739,evt-0002739,2025-03-12 20:00:00+00:00,email,lifecycle-email,impression,0.0048,0.0,True
usr-00854,jrn-01708,evt-0006211,2025-03-12 20:00:00+00:00,social,social-prospecting,click,0.65,0.0,True
usr-00408,jrn-00817,evt-0003038,2025-03-12 21:00:00+00:00,affiliate,partner-network,click,0.9,0.0,True
usr-00709,jrn-01418,evt-0005157,2025-03-12 23:00:00+00:00,social,social-prospecting,impression,0.078,0.0,True
usr-00757,jrn-01514,evt-0005508,2025-03-13 00:00:00+00:00,paid_search,brand-search,impression,0.144,0.0,True
usr-00191,jrn-00382,evt-0001412,2025-03-13 00:00:00+00:00,display,display-retargeting,click,0.3,0.0,True
usr-00854,jrn-01708,evt-0006212,2025-03-13 00:00:00+00:00,display,display-retargeting,impression,0.036,0.0,True
usr-00709,jrn-01418,evt-0005158,2025-03-13 04:00:00+00:00,paid_search,brand-search,impression,0.144,0.0,True
usr-00116,jrn-00232,evt-0000866,2025-03-13 04:00:00+00:00,affiliate,partner-network,impression,0.108,0.0,True
usr-00369,jrn-00739,evt-0002741,2025-03-13 04:00:00+00:00,email,lifecycle-email,click,0.04,0.0,True
usr-00101,jrn-00202,evt-0000762,2025-03-13 04:00:00+00:00,display,display-retargeting,impression,0.036,0.0,True
usr-00854,jrn-01708,evt-0006214,2025-03-13 05:00:00+00:00,affiliate,partner-network,click,0.9,0.0,True
usr-00293,jrn-00587,evt-0002165,2025-03-13 05:00:00+00:00,social,social-prospecting,click,0.65,0.0,True
usr-00536,jrn-01072,evt-0003948,2025-03-13 08:00:00+00:00,social,social-prospecting,impression,0.078,0.0,True
usr-00106,jrn-00213,evt-0000799,2025-03-13 10:00:00+00:00,organic,seo-content,click,0.08,0.0,True
usr-00824,jrn-01649,evt-0006017,2025-03-13 11:00:00+00:00,organic,seo-content,impression,0.0096,0.0,True
usr-00369,jrn-00739,evt-0002740,2025-03-13 12:00:00+00:00,display,display-retargeting,impression,0.036,0.0,True
usr-00465,jrn-00931,evt-0003449,2025-03-13 13:00:00+00:00,paid_search,brand-search,impression,0.144,0.0,True
usr-00106,jrn-00213,evt-0000800,2025-03-13 16:00:00+00:00,paid_search,brand-search,click,1.2,0.0,True
usr-00721,jrn-01442,evt-0005249,2025-03-13 16:00:00+00:00,display,display-retargeting,impression,0.036,0.0,True
usr-00755,jrn-01511,evt-0005496,2025-03-13 16:00:00+00:00,paid_search,brand-search,click,1.2,0.0,True
usr-00293,jrn-00587,evt-0002166,2025-03-13 16:00:00+00:00,organic,seo-content,click,0.08,0.0,True
usr-00191,jrn-00382,evt-0001413,2025-03-13 17:00:00+00:00,social,social-prospecting,click,0.65,0.0,True
usr-00545,jrn-01090,evt-0004018,2025-03-13 19:00:00+00:00,social,social-prospecting,impression,0.078,0.0,True
usr-00101,jrn-00202,evt-0000763,2025-03-13 20:00:00+00:00,organic,seo-content,click,0.08,0.0,True
usr-00632,jrn-01264,evt-0004634,2025-03-13 22:00:00+00:00,social,social-prospecting,click,0.65,0.0,True
usr-00824,jrn-01649,evt-0006016,2025-03-13 22:00:00+00:00,display,display-retargeting,click,0.3,0.0,True
usr-00174,jrn-00349,evt-0001289,2025-03-13 23:00:00+00:00,paid_search,brand-search,click,1.2,0.0,True
usr-00755,jrn-01511,evt-0005499,2025-03-14 01:00:00+00:00,display,display-retargeting,click,0.3,0.0,True
usr-00106,jrn-00213,evt-0000801,2025-03-14 02:00:00+00:00,email,lifecycle-email,impression,0.0048,0.0,True
usr-00101,jrn-00202,evt-0000764,2025-03-14 04:00:00+00:00,paid_search,brand-search,click,1.2,0.0,True
usr-00157,jrn-00314,evt-0001147,2025-03-14 05:00:00+00:00,paid_search,brand-search,impression,0.144,0.0,True
usr-00369,jrn-00739,evt-0002742,2025-03-14 05:00:00+00:00,organic,seo-content,impression,0.0096,0.0,True
usr-00441,jrn-00882,evt-0003264,2025-03-14 06:00:00+00:00,email,lifecycle-email,click,0.04,0.0,True
usr-00854,jrn-01708,evt-0006213,2025-03-14 06:00:00+00:00,email,lifecycle-email,click,0.04,0.0,True
usr-00184,jrn-00369,evt-0001360,2025-03-14 06:00:00+00:00,social,social-prospecting,click,0.65,0.0,True
usr-00174,jrn-00349,evt-0001290,2025-03-14 07:00:00+00:00,email,lifecycle-email,click,0.04,0.0,True
usr-00124,jrn-00248,evt-0000922,2025-03-14 07:00:00+00:00,organic,seo-content,click,0.08,0.0,True
usr-00191,jrn-00382,evt-0001416,2025-03-14 08:00:00+00:00,organic,seo-content,click,0.08,0.0,True
usr-00191,jrn-00382,evt-0001414,2025-03-14 08:00:00+00:00,organic,seo-content,click,0.08,0.0,True
usr-00755,jrn-01511,evt-0005497,2025-03-14 09:00:00+00:00,display,display-retargeting,click,0.3,0.0,True
usr-00124,jrn-00248,evt-0000923,2025-03-14 09:00:00+00:00,email,lifecycle-email,click,0.04,0.0,True
usr-00182,jrn-00364,evt-0001345,2025-03-14 09:00:00+00:00,affiliate,partner-network,impression,0.108,0.0,True
usr-00882,jrn-01765,evt-0006416,2025-03-14 09:00:00+00:00,affiliate,partner-network,impression,0.108,0.0,True
usr-00218,jrn-00437,evt-0001612,2025-03-14 10:00:00+00:00,display,display-retargeting,impression,0.036,0.0,True
usr-00290,jrn-00580,evt-0002138,2025-03-14 10:00:00+00:00,affiliate,partner-network,impression,0.108,0.0,True
usr-00632,jrn-01264,evt-0004635,2025-03-14 12:00:00+00:00,affiliate,partner-network,impression,0.108,0.0,True
usr-00726,jrn-01453,evt-0005274,2025-03-14 13:00:00+00:00,affiliate,partner-network,click,0.9,0.0,True
usr-00290,jrn-00580,evt-0002139,2025-03-14 13:00:00+00:00,affiliate,partner-network,impression,0.108,0.0,True
usr-00191,jrn-00382,evt-0001415,2025-03-14 15:00:00+00:00,social,social-prospecting,impression,0.078,0.0,True
usr-00441,jrn-00882,evt-0003266,2025-03-14 15:00:00+00:00,social,social-prospecting,click,0.65,0.0,True
usr-00882,jrn-01765,evt-0006417,2025-03-14 16:00:00+00:00,social,social-prospecting,click,0.65,0.0,True
usr-00632,jrn-01264,evt-0004636,2025-03-14 16:00:00+00:00,organic,seo-content,click,0.08,0.0,True
usr-00755,jrn-01511,evt-0005498,2025-03-14 16:00:00+00:00,affiliate,partner-network,impression,0.108,0.0,True
usr-00157,jrn-00314,evt-0001148,2025-03-14 16:00:00+00:00,paid_search,brand-search,click,1.2,0.0,True
usr-00218,jrn-00437,evt-0001613,2025-03-14 17:00:00+00:00,organic,seo-content,click,0.08,0.0,True
usr-00232,jrn-00464,evt-0001704,2025-03-14 18:00:00+00:00,display,display-retargeting,click,0.3,0.0,True
usr-00681,jrn-01362,evt-0004969,2025-03-14 18:00:00+00:00,paid_search,brand-search,click,1.2,0.0,True
usr-00441,jrn-00882,evt-0003265,2025-03-14 19:00:00+00:00,organic,seo-content,click,0.08,0.0,True
usr-00182,jrn-00364,evt-0001346,2025-03-14 20:00:00+00:00,organic,seo-content,click,0.08,0.0,True
usr-00681,jrn-01362,evt-0004970,2025-03-14 20:00:00+00:00,email,lifecycle-email,impression,0.0048,0.0,True
usr-00882,jrn-01765,evt-0006418,2025-03-14 21:00:00+00:00,display,display-retargeting,click,0.3,0.0,True
usr-00218,jrn-00437,evt-0001616,2025-03-14 22:00:00+00:00,affiliate,partner-network,click,0.9,0.0,True
usr-00106,jrn-00213,evt-0000802,2025-03-14 22:00:00+00:00,organic,seo-content,click,0.08,0.0,True
usr-00290,jrn-00580,evt-0002141,2025-03-14 22:00:00+00:00,affiliate,partner-network,click,0.9,0.0,True
usr-00174,jrn-00349,evt-0001291,2025-03-14 23:00:00+00:00,paid_search,brand-search,click,1.2,0.0,True
usr-00184,jrn-00369,evt-0001361,2025-03-14 23:00:00+00:00,email,lifecycle-email,impression,0.0048,0.0,True
usr-00755,jrn-01511,evt-0005500,2025-03-15 00:00:00+00:00,display,display-retargeting,impression,0.036,0.0,True
usr-00673,jrn-01346,evt-0004910,2025-03-15 00:00:00+00:00,paid_search,brand-search,conversion,0.0,56.1,True
usr-00161,jrn-00322,evt-0001176,2025-03-15 01:00:00+00:00,affiliate,partner-network,click,0.9,0.0,True
usr-00207,jrn-00415,evt-0001523,2025-03-15 02:00:00+00:00,organic,seo-content,click,0.08,0.0,True
usr-00232,jrn-00464,evt-0001706,2025-03-15 02:00:00+00:00,email,lifecycle-email,impression,0.0048,0.0,True
usr-00168,jrn-00336,evt-0001241,2025-03-15 03:00:00+00:00,affiliate,partner-network,click,0.9,0.0,True
usr-00726,jrn-01453,evt-0005275,2025-03-15 04:00:00+00:00,display,display-retargeting,impression,0.036,0.0,False
usr-00726,jrn-01453,evt-0005276,2025-03-15 05:00:00+00:00,social,social-prospecting,impression,0.078,0.0,True
usr-00168,jrn-00336,evt-0001242,2025-03-15 06:00:00+00:00,paid_search,brand-search,click,1.2,0.0,True
usr-00182,jrn-00364,evt-0001347,2025-03-15 07:00:00+00:00,email,lifecycle-email,impression,0.0048,0.0,True
usr-00191,jrn-00382,evt-0001417,2025-03-15 07:00:00+00:00,social,social-prospecting,impression,0.078,0.0,True
usr-00854,jrn-01708,evt-0006215,2025-03-15 08:00:00+00:00,organic,seo-content,click,0.08,0.0,True
usr-00232,jrn-00464,evt-0001705,2025-03-15 10:00:00+00:00,display,display-retargeting,click,0.3,0.0,True
usr-00207,jrn-00415,evt-0001526,2025-03-15 11:00:00+00:00,email,lifecycle-email,impression,0.0048,0.0,True
usr-00207,jrn-00415,evt-0001524,2025-03-15 11:00:00+00:00,affiliate,partner-network,click,0.9,0.0,True
usr-00218,jrn-00437,evt-0001614,2025-03-15 12:00:00+00:00,social,social-prospecting,click,0.65,0.0,True
usr-00184,jrn-00369,evt-0001362,2025-03-15 12:00:00+00:00,affiliate,partner-network,impression,0.108,0.0,True
usr-00681,jrn-01362,evt-0004972,2025-03-15 12:00:00+00:00,social,social-prospecting,impression,0.078,0.0,True
usr-00157,jrn-00314,evt-0001149,2025-03-15 15:00:00+00:00,display,display-retargeting,click,0.3,0.0,True
usr-00168,jrn-00336,evt-0001243,2025-03-15 15:00:00+00:00,display,display-retargeting,impression,0.036,0.0,True
usr-00013,jrn-00026,evt-0000108,2025-03-15 16:00:00+00:00,affiliate,partner-network,click,0.9,0.0,True
usr-00681,jrn-01362,evt-0004971,2025-03-15 16:00:00+00:00,social,social-prospecting,click,0.65,0.0,True
usr-00124,jrn-00248,evt-0000924,2025-03-15 17:00:00+00:00,display,display-retargeting,impression,0.036,0.0,True
usr-00106,jrn-00213,evt-0000803,2025-03-15 18:00:00+00:00,email,lifecycle-email,impression,0.0048,0.0,True
usr-00327,jrn-00654,evt-0002415,2025-03-15 18:00:00+00:00,paid_search,brand-search,impression,0.144,0.0,True
usr-00290,jrn-00580,evt-0002140,2025-03-15 18:00:00+00:00,email,lifecycle-email,click,0.04,0.0,True
usr-00299,jrn-00598,evt-0002213,2025-03-15 19:00:00+00:00,affiliate,partner-network,click,0.9,0.0,True
usr-00013,jrn-00026,evt-0000109,2025-03-15 20:00:00+00:00,affiliate,partner-network,click,0.9,0.0,True
usr-00184,jrn-00369,evt-0001363,2025-03-15 21:00:00+00:00,social,social-prospecting,impression,0.078,0.0,True
usr-00168,jrn-00336,evt-0001244,2025-03-15 21:00:00+00:00,email,lifecycle-email,impression,0.0048,0.0,True
usr-00780,jrn-01561,evt-0005671,2025-03-15 22:00:00+00:00,affiliate,partner-network,impression,0.108,0.0,True
usr-00632,jrn-01264,evt-0004637,2025-03-15 22:00:00+00:00,display,display-retargeting,impression,0.036,0.0,True
usr-00232,jrn-00464,evt-0001708,2025-03-15 22:00:00+00:00,display,display-retargeting,impression,0.036,0.0,True
usr-00327,jrn-00654,evt-0002417,2025-03-16 00:00:00+00:00,display,display-retargeting,impression,0.036,0.0,True
usr-00758,jrn-01517,evt-0005517,2025-03-16 01:00:00+00:00,affiliate,partner-network,click,0.9,0.0,True
usr-00254,jrn-00509,evt-0001887,2025-03-16 01:00:00+00:00,organic,seo-content,impression,0.0096,0.0,True
usr-00726,jrn-01453,evt-0005278,2025-03-16 01:00:00+00:00,affiliate,partner-network,click,0.9,0.0,True
usr-00013,jrn-00026,evt-0000110,2025-03-16 02:00:00+00:00,social,social-prospecting,click,0.65,0.0,True
usr-00299,jrn-00598,evt-0002214,2025-03-16 02:00:00+00:00,email,lifecycle-email,impression,0.0048,0.0,True
usr-00854,jrn-01708,evt-0006216,2025-03-16 04:00:00+00:00,display,display-retargeting,click,0.3,0.0,True
usr-00780,jrn-01561,evt-0005672,2025-03-16 04:00:00+00:00,affiliate,partner-network,impression,0.108,0.0,True
usr-00369,jrn-00739,evt-0002743,2025-03-16 05:00:00+00:00,organic,seo-content,conversion,0.0,24.69,True
usr-00207,jrn-00415,evt-0001525,2025-03-16 06:00:00+00:00,email,lifecycle-email,impression,0.0048,0.0,True
usr-00184,jrn-00369,evt-0001364,2025-03-16 06:00:00+00:00,social,social-prospecting,click,0.65,0.0,True
usr-00327,jrn-00654,evt-0002416,2025-03-16 07:00:00+00:00,email,lifecycle-email,click,0.04,0.0,True
usr-00758,jrn-01517,evt-0005519,2025-03-16 07:00:00+00:00,paid_search,brand-search,click,1.2,0.0,True
usr-00758,jrn-01517,evt-0005520,2025-03-16 07:00:00+00:00,organic,seo-content,impression,0.0096,0.0,True
usr-00726,jrn-01453,evt-0005277,2025-03-16 07:00:00+00:00,paid_search,brand-search,click,1.2,0.0,True
usr-00780,jrn-01561,evt-0005673,2025-03-16 08:00:00+00:00,paid_search,brand-search,click,1.2,0.0,True
usr-00080,jrn-00160,evt-0000605,2025-03-16 08:00:00+00:00,social,social-prospecting,click,0.65,0.0,True
usr-00755,jrn-01511,evt-0005501,2025-03-16 09:00:00+00:00,affiliate,partner-network,impression,0.108,0.0,True
usr-00232,jrn-00464,evt-0001707,2025-03-16 09:00:00+00:00,organic,seo-content,impression,0.0096,0.0,True
usr-00254,jrn-00509,evt-0001890,2025-03-16 10:00:00+00:00,affiliate,partner-network,click,0.9,0.0,True
usr-00254,jrn-00509,evt-0001888,2025-03-16 10:00:00+00:00,email,lifecycle-email,click,0.04,0.0,True
usr-00882,jrn-01765,evt-0006419,2025-03-16 12:00:00+00:00,social,social-prospecting,click,0.65,0.0,True
usr-00807,jrn-01614,evt-0005876,2025-03-16 12:00:00+00:00,display,display-retargeting,impression,0.036,0.0,True
usr-00218,jrn-00437,evt-0001615,2025-03-16 13:00:00+00:00,affiliate,partner-network,click,0.9,0.0,True
usr-00780,jrn-01561,evt-0005674,2025-03-16 13:00:00+00:00,affiliate,partner-network,impression,0.108,0.0,True
usr-00327,jrn-00654,evt-0002420,2025-03-16 14:00:00+00:00,affiliate,partner-network,impression,0.108,0.0,True
usr-00758,jrn-01517,evt-0005518,2025-03-16 14:00:00+00:00,affiliate,partner-network,click,0.9,0.0,True
usr-00807,jrn-01614,evt-0005877,2025-03-16 14:00:00+00:00,social,social-prospecting,impression,0.078,0.0,True
usr-00113,jrn-00226,evt-0000840,2025-03-16 15:00:00+00:00,email,lifecycle-email,click,0.04,0.0,True
usr-00299,jrn-00598,evt-0002216,2025-03-16 16:00:00+00:00,affiliate,partner-network,impression,0.108,0.0,True
usr-00668,jrn-01337,evt-0004875,2025-03-16 16:00:00+00:00,social,social-prospecting,impression,0.078,0.0,True
usr-00407,jrn-00815,evt-0003029,2025-03-16 16:00:00+00:00,organic,seo-content,click,0.08,0.0,True
usr-00743,jrn-01486,evt-0005411,2025-03-16 16:00:00+00:00,paid_search,brand-search,click,1.2,0.0,True
usr-00407,jrn-00815,evt-0003030,2025-03-16 19:00:00+00:00,organic,seo-content,click,0.08,0.0,False
usr-00274,jrn-00548,evt-0002040,2025-03-16 19:00:00+00:00,email,lifecycle-email,impression,0.0048,0.0,True
usr-00743,jrn-01486,evt-0005412,2025-03-16 20:00:00+00:00,email,lifecycle-email,click,0.04,0.0,True
usr-00668,jrn-01337,evt-0004876,2025-03-16 20:00:00+00:00,affiliate,partner-network,impression,0.108,0.0,True
usr-00407,jrn-00815,evt-0003031,2025-03-16 20:00:00+00:00,display,display-retargeting,impression,0.036,0.0,True
usr-00061,jrn-00123,evt-0000467,2025-03-16 20:00:00+00:00,paid_search,brand-search,click,1.2,0.0,True
usr-00116,jrn-00233,evt-0000867,2025-03-16 21:00:00+00:00,affiliate,partner-network,click,0.9,0.0,True
usr-00274,jrn-00548,evt-0002041,2025-03-16 22:00:00+00:00,organic,seo-content,click,0.08,0.0,True
usr-00254,jrn-00509,evt-0001889,2025-03-16 23:00:00+00:00,affiliate,partner-network,click,0.9,0.0,True
usr-00807,jrn-01614,evt-0005878,2025-03-17 00:00:00+00:00,display,display-retargeting,impression,0.036,0.0,True
usr-00668,jrn-01337,evt-0004877,2025-03-17 00:00:00+00:00,email,lifecycle-email,click,0.04,0.0,True
usr-00429,jrn-00859,evt-0003183,2025-03-17 01:00:00+00:00,organic,seo-content,click,0.08,0.0,True
usr-00290,jrn-00580,evt-0002142,2025-03-17 02:00:00+00:00,paid_search,brand-search,click,1.2,0.0,True
usr-00218,jrn-00437,evt-0001617,2025-03-17 03:00:00+00:00,email,lifecycle-email,impression,0.0048,0.0,True
usr-00575,jrn-01150,evt-0004213,2025-03-17 04:00:00+00:00,organic,seo-content,click,0.08,0.0,True
usr-00299,jrn-00598,evt-0002215,2025-03-17 05:00:00+00:00,affiliate,partner-network,click,0.9,0.0,True
usr-00113,jrn-00226,evt-0000841,2025-03-17 06:00:00+00:00,display,display-retargeting,click,0.3,0.0,True
usr-00429,jrn-00859,evt-0003184,2025-03-17 06:00:00+00:00,organic,seo-content,impression,0.0096,0.0,True
usr-00429,jrn-00859,evt-0003187,2025-03-17 09:00:00+00:00,display,display-retargeting,impression,0.036,0.0,True
usr-00113,jrn-00226,evt-0000842,2025-03-17 09:00:00+00:00,display,display-retargeting,click,0.3,0.0,True
usr-00080,jrn-00160,evt-0000606,2025-03-17 09:00:00+00:00,social,social-prospecting,conversion,0.0,90.96,True
usr-00526,jrn-01053,evt-0003872,2025-03-17 10:00:00+00:00,organic,seo-content,click,0.08,0.0,True
usr-00575,jrn-01150,evt-0004214,2025-03-17 11:00:00+00:00,social,social-prospecting,impression,0.078,0.0,True
usr-00159,jrn-00319,evt-0001166,2025-03-17 12:00:00+00:00,organic,seo-content,click,0.08,0.0,True
usr-00200,jrn-00400,evt-0001466,2025-03-17 13:00:00+00:00,display,display-retargeting,click,0.3,0.0,True
usr-00758,jrn-01517,evt-0005521,2025-03-17 13:00:00+00:00,paid_search,brand-search,impression,0.144,0.0,True
usr-00416,jrn-00833,evt-0003089,2025-03-17 15:00:00+00:00,affiliate,partner-network,click,0.9,0.0,True
usr-00159,jrn-00319,evt-0001167,2025-03-17 15:00:00+00:00,email,lifecycle-email,click,0.04,0.0,True
usr-00266,jrn-00533,evt-0001987,2025-03-17 16:00:00+00:00,paid_search,brand-search,click,1.2,0.0,True
usr-00421,jrn-00842,evt-0003122,2025-03-17 17:00:00+00:00,affiliate,partner-network,impression,0.108,0.0,True
usr-00051,jrn-00102,evt-0000393,2025-03-17 17:00:00+00:00,organic,seo-content,impression,0.0096,0.0,True
usr-00273,jrn-00547,evt-0002034,2025-03-17 17:00:00+00:00,affiliate,partner-network,impression,0.108,0.0,True
usr-00200,jrn-00400,evt-0001467,2025-03-17 17:00:00+00:00,affiliate,partner-network,click,0.9,0.0,True
usr-00327,jrn-00654,evt-0002418,2025-03-17 18:00:00+00:00,display,display-retargeting,click,0.3,0.0,True
usr-00273,jrn-00547,evt-0002035,2025-03-17 19:00:00+00:00,affiliate,partner-network,impression,0.108,0.0,True
usr-00103,jrn-00207,evt-0000777,2025-03-17 19:00:00+00:00,social,social-prospecting,impression,0.078,0.0,True
usr-00429,jrn-00859,evt-0003186,2025-03-17 19:00:00+00:00,organic,seo-content,click,0.08,0.0,True
usr-00407,jrn-00815,evt-0003032,2025-03-17 19:00:00+00:00,organic,seo-content,impression,0.0096,0.0,True
usr-00743,jrn-01486,evt-0005413,2025-03-17 20:00:00+00:00,email,lifecycle-email,impression,0.0048,0.0,True
usr-00770,jrn-01541,evt-0005595,2025-03-17 21:00:00+00:00,paid_search,brand-search,click,1.2,0.0,True
usr-00327,jrn-00654,evt-0002419,2025-03-17 22:00:00+00:00,social,social-prospecting,click,0.65,0.0,True
usr-00299,jrn-00598,evt-0002217,2025-03-17 23:00:00+00:00,organic,seo-content,click,0.08,0.0,True
usr-00233,jrn-00467,evt-0001715,2025-03-17 23:00:00+00:00,organic,seo-content,impression,0.0096,0.0,True
usr-00290,jrn-00580,evt-0002143,2025-03-17 23:00:00+00:00,paid_search,brand-search,impression,0.144,0.0,True
usr-00890,jrn-01781,evt-0006482,2025-03-18 00:00:00+00:00,display,display-retargeting,impression,0.036,0.0,True
usr-00770,jrn-01541,evt-0005596,2025-03-18 00:00:00+00:00,display,display-retargeting,click,0.3,0.0,True
usr-00113,jrn-00226,evt-0000843,2025-03-18 00:00:00+00:00,display,display-retargeting,click,0.3,0.0,True
usr-00770,jrn-01541,evt-0005597,2025-03-18 01:00:00+00:00,paid_search,brand-search,click,1.2,0.0,True
usr-00416,jrn-00833,evt-0003090,2025-03-18 02:00:00+00:00,display,display-retargeting,click,0.3,0.0,True
usr-00526,jrn-01053,evt-0003873,2025-03-18 02:00:00+00:00,affiliate,partner-network,impression,0.108,0.0,True
usr-00668,jrn-01337,evt-0004878,2025-03-18 04:00:00+00:00,social,social-prospecting,impression,0.078,0.0,True
usr-00233,jrn-00467,evt-0001716,2025-03-18 04:00:00+00:00,organic,seo-content,impression,0.0096,0.0,True
usr-00168,jrn-00336,evt-0001245,2025-03-18 04:00:00+00:00,email,lifecycle-email,conversion,0.0,107.62,True
usr-00200,jrn-00400,evt-0001468,2025-03-18 05:00:00+00:00,email,lifecycle-email,click,0.04,0.0,True
usr-00429,jrn-00859,evt-0003185,2025-03-18 05:00:00+00:00,display,display-retargeting,click,0.3,0.0,True
usr-00037,jrn-00074,evt-0000284,2025-03-18 05:00:00+00:00,affiliate,partner-network,impression,0.108,0.0,True
usr-00890,jrn-01781,evt-0006483,2025-03-18 06:00:00+00:00,affiliate,partner-network,impression,0.108,0.0,True
usr-00045,jrn-00091,evt-0000346,2025-03-18 07:00:00+00:00,display,display-retargeting,impression,0.036,0.0,True
usr-00159,jrn-00319,evt-0001168,2025-03-18 08:00:00+00:00,display,display-retargeting,click,0.3,0.0,True
usr-00421,jrn-00842,evt-0003123,2025-03-18 09:00:00+00:00,paid_search,brand-search,impression,0.144,0.0,True
usr-00575,jrn-01150,evt-0004215,2025-03-18 10:00:00+00:00,affiliate,partner-network,impression,0.108,0.0,True
usr-00113,jrn-00226,evt-0000844,2025-03-18 11:00:00+00:00,affiliate,partner-network,impression,0.108,0.0,True
usr-00726,jrn-01453,evt-0005279,2025-03-18 11:00:00+00:00,affiliate,partner-network,conversion,0.0,78.38,True
usr-00526,jrn-01053,evt-0003874,2025-03-18 12:00:00+00:00,organic,seo-content,click,0.08,0.0,True
usr-00890,jrn-01781,evt-0006486,2025-03-18 12:00:00+00:00,affiliate,partner-network,impression,0.108,0.0,True
usr-00890,jrn-01781,evt-0006484,2025-03-18 12:00:00+00:00,paid_search,brand-search,impression,0.144,0.0,True
usr-00758,jrn-01517,evt-0005522,2025-03-18 13:00:00+00:00,display,display-retargeting,impression,0.036,0.0,True
usr-00748,jrn-01497,evt-0005450,2025-03-18 13:00:00+00:00,affiliate,partner-network,click,0.9,0.0,True
usr-00273,jrn-00547,evt-0002038,2025-03-18 13:00:00+00:00,display,display-retargeting,click,0.3,0.0,True
usr-00480,jrn-00961,evt-0003549,2025-03-18 13:00:00+00:00,paid_search,brand-search,impression,0.144,0.0,True
usr-00480,jrn-00961,evt-0003550,2025-03-18 15:00:00+00:00,organic,seo-content,click,0.08,0.0,True
usr-00045,jrn-00091,evt-0000347,2025-03-18 15:00:00+00:00,email,lifecycle-email,click,0.04,0.0,True
usr-00597,jrn-01195,evt-0004375,2025-03-18 16:00:00+00:00,social,social-prospecting,impression,0.078,0.0,True
usr-00433,jrn-00867,evt-0003211,2025-03-18 16:00:00+00:00,affiliate,partner-network,click,0.9,0.0,True
usr-00588,jrn-01176,evt-0004297,2025-03-18 17:00:00+00:00,display,display-retargeting,click,0.3,0.0,True
usr-00163,jrn-00327,evt-0001198,2025-03-18 17:00:00+00:00,email,lifecycle-email,click,0.04,0.0,True
usr-00074,jrn-00148,evt-0000566,2025-03-18 17:00:00+00:00,email,lifecycle-email,click,0.04,0.0,True
usr-00209,jrn-00419,evt-0001536,2025-03-18 17:00:00+00:00,display,display-retargeting,impression,0.036,0.0,True
usr-00268,jrn-00537,evt-0002002,2025-03-18 17:00:00+00:00,affiliate,partner-network,click,0.9,0.0,True
usr-00796,jrn-01592,evt-0005794,2025-03-18 18:00:00+00:00,social,social-prospecting,impression,0.078,0.0,True
usr-00780,jrn-01561,evt-0005675,2025-03-18 18:00:00+00:00,social,social-prospecting,impression,0.078,0.0,True
usr-00597,jrn-01195,evt-0004376,2025-03-18 18:00:00+00:00,display,display-retargeting,click,0.3,0.0,True
usr-00575,jrn-01150,evt-0004216,2025-03-18 19:00:00+00:00,display,display-retargeting,click,0.3,0.0,True
usr-00037,jrn-00074,evt-0000285,2025-03-18 19:00:00+00:00,paid_search,brand-search,click,1.2,0.0,True
usr-00273,jrn-00547,evt-0002036,2025-03-18 19:00:00+00:00,social,social-prospecting,click,0.65,0.0,True
usr-00421,jrn-00842,evt-0003124,2025-03-18 19:00:00+00:00,display,display-retargeting,click,0.3,0.0,True
usr-00416,jrn-00833,evt-0003091,2025-03-18 19:00:00+00:00,display,display-retargeting,click,0.3,0.0,True
usr-00407,jrn-00815,evt-0003033,2025-03-18 20:00:00+00:00,paid_search,brand-search,impression,0.144,0.0,True
usr-00654,jrn-01309,evt-0004782,2025-03-18 20:00:00+00:00,display,display-retargeting,impression,0.036,0.0,True
usr-00273,jrn-00547,evt-0002037,2025-03-18 20:00:00+00:00,display,display-retargeting,click,0.3,0.0,True
usr-00347,jrn-00694,evt-0002573,2025-03-18 20:00:00+00:00,email,lifecycle-email,impression,0.0048,0.0,True
usr-00209,jrn-00419,evt-0001537,2025-03-18 21:00:00+00:00,affiliate,partner-network,click,0.9,0.0,True
usr-00450,jrn-00901,evt-0003321,2025-03-18 21:00:00+00:00,paid_search,brand-search,click,1.2,0.0,True
usr-00074,jrn-00148,evt-0000567,2025-03-18 22:00:00+00:00,social,social-prospecting,impression,0.078,0.0,True
usr-00748,jrn-01497,evt-0005453,2025-03-18 22:00:00+00:00,paid_search,brand-search,click,1.2,0.0,True
usr-00102,jrn-00204,evt-0000768,2025-03-18 22:00:00+00:00,organic,seo-content,click,0.08,0.0,True
usr-00163,jrn-00327,evt-0001200,2025-03-18 23:00:00+00:00,social,social-prospecting,click,0.65,0.0,True
usr-00209,jrn-00419,evt-0001539,2025-03-18 23:00:00+00:00,social,social-prospecting,click,0.65,0.0,True
usr-00654,jrn-01309,evt-0004783,2025-03-19 00:00:00+00:00,organic,seo-content,impression,0.0096,0.0,True
usr-00597,jrn-01195,evt-0004377,2025-03-19 00:00:00+00:00,email,lifecycle-email,click,0.04,0.0,True
usr-00416,jrn-00833,evt-0003092,2025-03-19 00:00:00+00:00,organic,seo-content,click,0.08,0.0,True
usr-00450,jrn-00901,evt-0003322,2025-03-19 01:00:00+00:00,affiliate,partner-network,impression,0.108,0.0,True
usr-00748,jrn-01497,evt-0005451,2025-03-19 01:00:00+00:00,organic,seo-content,impression,0.0096,0.0,True
usr-00597,jrn-01195,evt-0004378,2025-03-19 01:00:00+00:00,paid_search,brand-search,click,1.2,0.0,True
usr-00347,jrn-00694,evt-0002574,2025-03-19 01:00:00+00:00,paid_search,brand-search,impression,0.144,0.0,True
usr-00268,jrn-00537,evt-0002003,2025-03-19 01:00:00+00:00,email,lifecycle-email,impression,0.0048,0.0,True
usr-00032,jrn-00064,evt-0000248,2025-03-19 02:00:00+00:00,affiliate,partner-network,impression,0.108,0.0,True
usr-00654,jrn-01309,evt-0004785,2025-03-19 02:00:00+00:00,email,lifecycle-email,click,0.04,0.0,True
usr-00654,jrn-01309,evt-0004784,2025-03-19 02:00:00+00:00,affiliate,partner-network,impression,0.108,0.0,True
usr-00078,jrn-00156,evt-0000592,2025-03-19 03:00:00+00:00,affiliate,partner-network,impression,0.108,0.0,True
usr-00163,jrn-00327,evt-0001199,2025-03-19 03:00:00+00:00,organic,seo-content,impression,0.0096,0.0,True
usr-00433,jrn-00867,evt-0003212,2025-03-19 05:00:00+00:00,paid_search,brand-search,impression,0.144,0.0,True
usr-00209,jrn-00419,evt-0001538,2025-03-19 05:00:00+00:00,paid_search,brand-search,click,1.2,0.0,True
usr-00549,jrn-01098,evt-0004042,2025-03-19 05:00:00+00:00,organic,seo-content,click,0.08,0.0,True
usr-00233,jrn-00467,evt-0001720,2025-03-19 05:00:00+00:00,social,social-prospecting,click,0.65,0.0,True
usr-00233,jrn-00467,evt-0001717,2025-03-19 05:00:00+00:00,affiliate,partner-network,impression,0.108,0.0,True
usr-00450,jrn-00901,evt-0003324,2025-03-19 06:00:00+00:00,affiliate,partner-network,click,0.9,0.0,True
usr-00450,jrn-00901,evt-0003323,2025-03-19 07:00:00+00:00,display,display-retargeting,click,0.3,0.0,True
usr-00233,jrn-00467,evt-0001718,2025-03-19 08:00:00+00:00,display,display-retargeting,click,0.3,0.0,True
usr-00032,jrn-00064,evt-0000250,2025-03-19 08:00:00+00:00,paid_search,brand-search,impression,0.144,0.0,True
usr-00102,jrn-00204,evt-0000769,2025-03-19 09:00:00+00:00,affiliate,partner-network,click,0.9,0.0,True
usr-00074,jrn-00148,evt-0000568,2025-03-19 09:00:00+00:00,email,lifecycle-email,click,0.04,0.0,True
usr-00045,jrn-00091,evt-0000348,2025-03-19 09:00:00+00:00,email,lifecycle-email,impression,0.0048,0.0,True
usr-00332,jrn-00664,evt-0002455,2025-03-19 09:00:00+00:00,display,display-retargeting,impression,0.036,0.0,True
usr-00526,jrn-01053,evt-0003875,2025-03-19 10:00:00+00:00,social,social-prospecting,click,0.65,0.0,True
usr-00233,jrn-00467,evt-0001719,2025-03-19 11:00:00+00:00,display,display-retargeting,click,0.3,0.0,True
usr-00433,jrn-00867,evt-0003215,2025-03-19 12:00:00+00:00,social,social-prospecting,click,0.65,0.0,True
usr-00549,jrn-01098,evt-0004046,2025-03-19 13:00:00+00:00,email,lifecycle-email,impression,0.0048,0.0,True
usr-00549,jrn-01098,evt-0004043,2025-03-19 13:00:00+00:00,paid_search,brand-search,impression,0.144,0.0,True
usr-00748,jrn-01497,evt-0005452,2025-03-19 15:00:00+00:00,affiliate,partner-network,click,0.9,0.0,True
usr-00332,jrn-00664,evt-0002458,2025-03-19 15:00:00+00:00,paid_search,brand-search,click,1.2,0.0,True
usr-00770,jrn-01541,evt-0005598,2025-03-19 15:00:00+00:00,affiliate,partner-network,impression,0.108,0.0,True
usr-00664,jrn-01329,evt-0004854,2025-03-19 16:00:00+00:00,display,display-retargeting,click,0.3,0.0,True
usr-00890,jrn-01781,evt-0006485,2025-03-19 18:00:00+00:00,email,lifecycle-email,click,0.04,0.0,True
usr-00503,jrn-01007,evt-0003703,2025-03-19 18:00:00+00:00,paid_search,brand-search,click,1.2,0.0,True
usr-00102,jrn-00204,evt-0000770,2025-03-19 18:00:00+00:00,social,social-prospecting,impression,0.078,0.0,True
usr-00102,jrn-00204,evt-0000771,2025-03-19 19:00:00+00:00,email,lifecycle-email,impression,0.0048,0.0,True
usr-00433,jrn-00867,evt-0003214,2025-03-19 19:00:00+00:00,organic,seo-content,impression,0.0096,0.0,True
usr-00032,jrn-00064,evt-0000249,2025-03-19 19:00:00+00:00,paid_search,brand-search,impression,0.144,0.0,True
usr-00078,jrn-00156,evt-0000593,2025-03-19 19:00:00+00:00,social,social-prospecting,impression,0.078,0.0,True
usr-00332,jrn-00664,evt-0002456,2025-03-19 19:00:00+00:00,affiliate,partner-network,impression,0.108,0.0,True
usr-00597,jrn-01195,evt-0004379,2025-03-19 20:00:00+00:00,social,social-prospecting,click,0.65,0.0,True
usr-00821,jrn-01643,evt-0005989,2025-03-19 20:00:00+00:00,paid_search,brand-search,impression,0.144,0.0,True
usr-00347,jrn-00694,evt-0002576,2025-03-19 20:00:00+00:00,email,lifecycle-email,click,0.04,0.0,False
usr-00111,jrn-00222,evt-0000828,2025-03-19 20:00:00+00:00,social,social-prospecting,click,0.65,0.0,True
usr-00163,jrn-00327,evt-0001202,2025-03-19 21:00:00+00:00,display,display-retargeting,impression,0.036,0.0,True
usr-00203,jrn-00406,evt-0001487,2025-03-19 21:00:00+00:00,affiliate,partner-network,impression,0.108,0.0,True
usr-00111,jrn-00222,evt-0000829,2025-03-19 22:00:00+00:00,paid_search,brand-search,click,1.2,0.0,True
usr-00664,jrn-01329,evt-0004856,2025-03-19 22:00:00+00:00,email,lifecycle-email,click,0.04,0.0,True
usr-00549,jrn-01098,evt-0004044,2025-03-19 23:00:00+00:00,paid_search,brand-search,click,1.2,0.0,True
usr-00727,jrn-01454,evt-0005280,2025-03-19 23:00:00+00:00,email,lifecycle-email,click,0.04,0.0,True
usr-00480,jrn-00961,evt-0003551,2025-03-19 23:00:00+00:00,organic,seo-content,impression,0.0096,0.0,True
usr-00880,jrn-01760,evt-0006397,2025-03-20 00:00:00+00:00,social,social-prospecting,impression,0.078,0.0,True
usr-00664,jrn-01329,evt-0004855,2025-03-20 00:00:00+00:00,display,display-retargeting,click,0.3,0.0,True
usr-00503,jrn-01007,evt-0003704,2025-03-20 01:00:00+00:00,affiliate,partner-network,impression,0.108,0.0,True
usr-00549,jrn-01098,evt-0004045,2025-03-20 02:00:00+00:00,display,display-retargeting,click,0.3,0.0,True
usr-00347,jrn-00694,evt-0002575,2025-03-20 02:00:00+00:00,paid_search,brand-search,click,1.2,0.0,True
usr-00821,jrn-01643,evt-0005990,2025-03-20 02:00:00+00:00,display,display-retargeting,impression,0.036,0.0,True
usr-00163,jrn-00327,evt-0001201,2025-03-20 02:00:00+00:00,display,display-retargeting,click,0.3,0.0,True
usr-00433,jrn-00867,evt-0003213,2025-03-20 02:00:00+00:00,paid_search,brand-search,click,1.2,0.0,True
usr-00078,jrn-00156,evt-0000597,2025-03-20 04:00:00+00:00,paid_search,brand-search,click,1.2,0.0,True
usr-00450,jrn-00901,evt-0003325,2025-03-20 05:00:00+00:00,social,social-prospecting,click,0.65,0.0,True
usr-00209,jrn-00419,evt-0001540,2025-03-20 05:00:00+00:00,social,social-prospecting,impression,0.078,0.0,True
usr-00671,jrn-01343,evt-0004894,2025-03-20 05:00:00+00:00,paid_search,brand-search,click,1.2,0.0,True
usr-00821,jrn-01643,evt-0005992,2025-03-20 05:00:00+00:00,social,social-prospecting,impression,0.078,0.0,True
usr-00821,jrn-01643,evt-0005991,2025-03-20 06:00:00+00:00,paid_search,brand-search,impression,0.144,0.0,True
usr-00582,jrn-01165,evt-0004265,2025-03-20 06:00:00+00:00,affiliate,partner-network,impression,0.108,0.0,False
usr-00416,jrn-00833,evt-0003093,2025-03-20 07:00:00+00:00,social,social-prospecting,click,0.65,0.0,True
usr-00750,jrn-01501,evt-0005461,2025-03-20 08:00:00+00:00,organic,seo-content,click,0.08,0.0,True
usr-00727,jrn-01454,evt-0005281,2025-03-20 08:00:00+00:00,social,social-prospecting,click,0.65,0.0,True
usr-00802,jrn-01604,evt-0005840,2025-03-20 09:00:00+00:00,paid_search,brand-search,click,1.2,0.0,True
usr-00880,jrn-01760,evt-0006398,2025-03-20 09:00:00+00:00,affiliate,partner-network,click,0.9,0.0,True
usr-00332,jrn-00664,evt-0002457,2025-03-20 09:00:00+00:00,organic,seo-content,click,0.08,0.0,True
usr-00749,jrn-01498,evt-0005455,2025-03-20 09:00:00+00:00,organic,seo-content,impression,0.0096,0.0,True
usr-00575,jrn-01150,evt-0004217,2025-03-20 09:00:00+00:00,display,display-retargeting,conversion,0.0,81.67,True
usr-00078,jrn-00156,evt-0000594,2025-03-20 09:00:00+00:00,social,social-prospecting,impression,0.078,0.0,True
usr-00575,jrn-01151,evt-0004218,2025-03-20 10:00:00+00:00,email,lifecycle-email,impression,0.0048,0.0,True
usr-00664,jrn-01329,evt-0004857,2025-03-20 10:00:00+00:00,social,social-prospecting,click,0.65,0.0,True
usr-00273,jrn-00547,evt-0002039,2025-03-20 10:00:00+00:00,paid_search,brand-search,click,1.2,0.0,True
usr-00654,jrn-01309,evt-0004786,2025-03-20 12:00:00+00:00,paid_search,brand-search,impression,0.144,0.0,True
usr-00327,jrn-00654,evt-0002421,2025-03-20 13:00:00+00:00,affiliate,partner-network,conversion,0.0,63.6,True
usr-00770,jrn-01541,evt-0005599,2025-03-20 13:00:00+00:00,social,social-prospecting,impression,0.078,0.0,True
usr-00257,jrn-00514,evt-0001908,2025-03-20 14:00:00+00:00,organic,seo-content,click,0.08,0.0,True
usr-00526,jrn-01053,evt-0003876,2025-03-20 14:00:00+00:00,social,social-prospecting,conversion,0.0,55.68,True
usr-00802,jrn-01604,evt-0005841,2025-03-20 14:00:00+00:00,display,display-retargeting,click,0.3,0.0,True
usr-00480,jrn-00961,evt-0003552,2025-03-20 16:00:00+00:00,organic,seo-content,impression,0.0096,0.0,False
usr-00750,jrn-01501,evt-0005463,2025-03-20 16:00:00+00:00,social,social-prospecting,impression,0.078,0.0,True
usr-00750,jrn-01501,evt-0005462,2025-03-20 16:00:00+00:00,paid_search,brand-search,impression,0.144,0.0,True
usr-00749,jrn-01498,evt-0005456,2025-03-20 16:00:00+00:00,display,display-retargeting,click,0.3,0.0,True
usr-00246,jrn-00493,evt-0001830,2025-03-20 17:00:00+00:00,organic,seo-content,click,0.08,0.0,True
usr-00018,jrn-00037,evt-0000149,2025-03-20 18:00:00+00:00,affiliate,partner-network,click,0.9,0.0,True
usr-00575,jrn-01151,evt-0004219,2025-03-20 18:00:00+00:00,email,lifecycle-email,impression,0.0048,0.0,True
usr-00078,jrn-00156,evt-0000596,2025-03-20 19:00:00+00:00,affiliate,partner-network,click,0.9,0.0,True
usr-00821,jrn-01643,evt-0005993,2025-03-20 20:00:00+00:00,display,display-retargeting,impression,0.036,0.0,True
usr-00748,jrn-01497,evt-0005454,2025-03-20 21:00:00+00:00,display,display-retargeting,click,0.3,0.0,True
usr-00880,jrn-01760,evt-0006400,2025-03-20 21:00:00+00:00,organic,seo-content,click,0.08,0.0,True
usr-00246,jrn-00493,evt-0001833,2025-03-20 23:00:00+00:00,organic,seo-content,click,0.08,0.0,True
usr-00083,jrn-00167,evt-0000630,2025-03-20 23:00:00+00:00,display,display-retargeting,click,0.3,0.0,True
usr-00802,jrn-01604,evt-0005843,2025-03-21 00:00:00+00:00,organic,seo-content,impression,0.0096,0.0,True
usr-00802,jrn-01604,evt-0005842,2025-03-21 01:00:00+00:00,organic,seo-content,impression,0.0096,0.0,True
usr-00890,jrn-01781,evt-0006487,2025-03-21 03:00:00+00:00,display,display-retargeting,impression,0.036,0.0,True
usr-00018,jrn-00037,evt-0000150,2025-03-21 03:00:00+00:00,affiliate,partner-network,click,0.9,0.0,True
usr-00078,jrn-00156,evt-0000595,2025-03-21 03:00:00+00:00,social,social-prospecting,impression,0.078,0.0,True
usr-00621,jrn-01242,evt-0004550,2025-03-21 03:00:00+00:00,paid_search,brand-search,click,1.2,0.0,True
usr-00111,jrn-00222,evt-0000830,2025-03-21 04:00:00+00:00,organic,seo-content,click,0.08,0.0,True
usr-00727,jrn-01454,evt-0005282,2025-03-21 05:00:00+00:00,organic,seo-content,click,0.08,0.0,True
usr-00480,jrn-00961,evt-0003553,2025-03-21 05:00:00+00:00,social,social-prospecting,click,0.65,0.0,True
usr-00209,jrn-00419,evt-0001541,2025-03-21 05:00:00+00:00,affiliate,partner-network,impression,0.108,0.0,True
usr-00621,jrn-01242,evt-0004551,2025-03-21 06:00:00+00:00,paid_search,brand-search,click,1.2,0.0,True
usr-00257,jrn-00514,evt-0001909,2025-03-21 07:00:00+00:00,email,lifecycle-email,click,0.04,0.0,True
usr-00246,jrn-00493,evt-0001831,2025-03-21 09:00:00+00:00,organic,seo-content,impression,0.0096,0.0,True
usr-00749,jrn-01498,evt-0005458,2025-03-21 09:00:00+00:00,social,social-prospecting,click,0.65,0.0,True
usr-00880,jrn-01760,evt-0006399,2025-03-21 10:00:00+00:00,social,social-prospecting,click,0.65,0.0,True
usr-00257,jrn-00514,evt-0001910,2025-03-21 10:00:00+00:00,paid_search,brand-search,click,1.2,0.0,True
usr-00883,jrn-01767,evt-0006426,2025-03-21 13:00:00+00:00,email,lifecycle-email,click,0.04,0.0,True
usr-00032,jrn-00064,evt-0000251,2025-03-21 13:00:00+00:00,paid_search,brand-search,conversion,0.0,64.53,True
usr-00246,jrn-00493,evt-0001832,2025-03-21 13:00:00+00:00,organic,seo-content,click,0.08,0.0,True
usr-00654,jrn-01309,evt-0004787,2025-03-21 13:00:00+00:00,paid_search,brand-search,impression,0.144,0.0,True
usr-00749,jrn-01498,evt-0005457,2025-03-21 15:00:00+00:00,paid_search,brand-search,click,1.2,0.0,True
usr-00575,jrn-01151,evt-0004220,2025-03-21 16:00:00+00:00,email,lifecycle-email,impression,0.0048,0.0,True
usr-00562,jrn-01125,evt-0004130,2025-03-21 16:00:00+00:00,display,display-retargeting,click,0.3,0.0,True
usr-00087,jrn-00175,evt-0000661,2025-03-21 17:00:00+00:00,email,lifecycle-email,impression,0.0048,0.0,True
usr-00614,jrn-01228,evt-0004492,2025-03-21 18:00:00+00:00,display,display-retargeting,impression,0.036,0.0,True
usr-00840,jrn-01680,evt-0006116,2025-03-21 19:00:00+00:00,display,display-retargeting,click,0.3,0.0,True
usr-00433,jrn-00867,evt-0003216,2025-03-21 19:00:00+00:00,organic,seo-content,click,0.08,0.0,True
usr-00883,jrn-01767,evt-0006429,2025-03-21 19:00:00+00:00,display,display-retargeting,click,0.3,0.0,True
usr-00575,jrn-01151,evt-0004222,2025-03-21 22:00:00+00:00,organic,seo-content,impression,0.0096,0.0,True
usr-00071,jrn-00143,evt-0000544,2025-03-21 23:00:00+00:00,social,social-prospecting,click,0.65,0.0,True
usr-00257,jrn-00514,evt-0001911,2025-03-21 23:00:00+00:00,paid_search,brand-search,click,1.2,0.0,True
usr-00750,jrn-01501,evt-0005464,2025-03-21 23:00:00+00:00,social,social-prospecting,click,0.65,0.0,True
usr-00614,jrn-01228,evt-0004493,2025-03-21 23:00:00+00:00,email,lifecycle-email,click,0.04,0.0,True
usr-00343,jrn-00686,evt-0002540,2025-03-22 00:00:00+00:00,display,display-retargeting,impression,0.036,0.0,True
usr-00018,jrn-00037,evt-0000151,2025-03-22 00:00:00+00:00,paid_search,brand-search,click,1.2,0.0,True
usr-00840,jrn-01680,evt-0006118,2025-03-22 01:00:00+00:00,display,display-retargeting,click,0.3,0.0,True
usr-00840,jrn-01680,evt-0006117,2025-03-22 02:00:00+00:00,email,lifecycle-email,impression,0.0048,0.0,True
usr-00208,jrn-00417,evt-0001531,2025-03-22 02:00:00+00:00,affiliate,partner-network,click,0.9,0.0,True
usr-00883,jrn-01767,evt-0006427,2025-03-22 02:00:00+00:00,affiliate,partner-network,click,0.9,0.0,True
usr-00087,jrn-00175,evt-0000662,2025-03-22 03:00:00+00:00,organic,seo-content,click,0.08,0.0,True
usr-00575,jrn-01151,evt-0004221,2025-03-22 04:00:00+00:00,display,display-retargeting,click,0.3,0.0,True
usr-00087,jrn-00175,evt-0000663,2025-03-22 05:00:00+00:00,social,social-prospecting,impression,0.078,0.0,True
usr-00621,jrn-01242,evt-0004552,2025-03-22 05:00:00+00:00,organic,seo-content,impression,0.0096,0.0,True
usr-00449,jrn-00899,evt-0003317,2025-03-22 05:00:00+00:00,organic,seo-content,click,0.08,0.0,True
usr-00614,jrn-01228,evt-0004496,2025-03-22 06:00:00+00:00,affiliate,partner-network,impression,0.108,0.0,True
usr-00018,jrn-00037,evt-0000152,2025-03-22 06:00:00+00:00,organic,seo-content,click,0.08,0.0,False
usr-00614,jrn-01228,evt-0004495,2025-03-22 06:00:00+00:00,paid_search,brand-search,impression,0.144,0.0,True
usr-00883,jrn-01767,evt-0006428,2025-03-22 07:00:00+00:00,display,display-retargeting,impression,0.036,0.0,False
usr-00343,jrn-00686,evt-0002541,2025-03-22 08:00:00+00:00,paid_search,brand-search,impression,0.144,0.0,True
usr-00750,jrn-01501,evt-0005465,2025-03-22 08:00:00+00:00,paid_search,brand-search,impression,0.144,0.0,True
usr-00198,jrn-00396,evt-0001457,2025-03-22 09:00:00+00:00,social,social-prospecting,click,0.65,0.0,True
usr-00717,jrn-01435,evt-0005216,2025-03-22 11:00:00+00:00,display,display-retargeting,impression,0.036,0.0,True
usr-00121,jrn-00242,evt-0000899,2025-03-22 11:00:00+00:00,paid_search,brand-search,click,1.2,0.0,True
usr-00198,jrn-00396,evt-0001458,2025-03-22 11:00:00+00:00,organic,seo-content,click,0.08,0.0,False
usr-00575,jrn-01151,evt-0004223,2025-03-22 12:00:00+00:00,email,lifecycle-email,click,0.04,0.0,True
usr-00802,jrn-01604,evt-0005844,2025-03-22 13:00:00+00:00,paid_search,brand-search,click,1.2,0.0,True
usr-00583,jrn-01166,evt-0004266,2025-03-22 13:00:00+00:00,social,social-prospecting,click,0.65,0.0,True
usr-00449,jrn-00899,evt-0003318,2025-03-22 14:00:00+00:00,email,lifecycle-email,impression,0.0048,0.0,True
usr-00158,jrn-00317,evt-0001162,2025-03-22 16:00:00+00:00,display,display-retargeting,impression,0.036,0.0,True
usr-00233,jrn-00467,evt-0001721,2025-03-22 17:00:00+00:00,social,social-prospecting,conversion,0.0,69.87,True
usr-00343,jrn-00686,evt-0002542,2025-03-22 18:00:00+00:00,affiliate,partner-network,click,0.9,0.0,True
usr-00236,jrn-00473,evt-0001740,2025-03-22 18:00:00+00:00,email,lifecycle-email,click,0.04,0.0,True
usr-00316,jrn-00632,evt-0002347,2025-03-22 21:00:00+00:00,display,display-retargeting,click,0.3,0.0,True
usr-00583,jrn-01166,evt-0004268,2025-03-22 23:00:00+00:00,display,display-retargeting,click,0.3,0.0,True
usr-00236,jrn-00473,evt-0001741,2025-03-23 00:00:00+00:00,email,lifecycle-email,impression,0.0048,0.0,True
usr-00583,jrn-01166,evt-0004267,2025-03-23 00:00:00+00:00,social,social-prospecting,impression,0.078,0.0,True
usr-00717,jrn-01435,evt-0005217,2025-03-23 01:00:00+00:00,email,lifecycle-email,impression,0.0048,0.0,True
usr-00614,jrn-01228,evt-0004494,2025-03-23 02:00:00+00:00,paid_search,brand-search,impression,0.144,0.0,True
usr-00198,jrn-00396,evt-0001459,2025-03-23 03:00:00+00:00,email,lifecycle-email,impression,0.0048,0.0,True
usr-00449,jrn-00899,evt-0003319,2025-03-23 03:00:00+00:00,paid_search,brand-search,click,1.2,0.0,True
usr-00717,jrn-01435,evt-0005218,2025-03-23 03:00:00+00:00,display,display-retargeting,impression,0.036,0.0,True
usr-00717,jrn-01435,evt-0005220,2025-03-23 03:00:00+00:00,social,social-prospecting,impression,0.078,0.0,True
usr-00651,jrn-01303,evt-0004760,2025-03-23 04:00:00+00:00,paid_search,brand-search,impression,0.144,0.0,True
usr-00489,jrn-00978,evt-0003605,2025-03-23 05:00:00+00:00,email,lifecycle-email,click,0.04,0.0,True
usr-00855,jrn-01710,evt-0006219,2025-03-23 05:00:00+00:00,display,display-retargeting,click,0.3,0.0,True
usr-00548,jrn-01097,evt-0004036,2025-03-23 06:00:00+00:00,organic,seo-content,impression,0.0096,0.0,True
usr-00855,jrn-01710,evt-0006220,2025-03-23 07:00:00+00:00,affiliate,partner-network,click,0.9,0.0,True
usr-00316,jrn-00632,evt-0002348,2025-03-23 08:00:00+00:00,organic,seo-content,impression,0.0096,0.0,True
usr-00278,jrn-00556,evt-0002062,2025-03-23 08:00:00+00:00,social,social-prospecting,click,0.65,0.0,True
usr-00158,jrn-00317,evt-0001163,2025-03-23 09:00:00+00:00,organic,seo-content,impression,0.0096,0.0,True
usr-00651,jrn-01303,evt-0004761,2025-03-23 10:00:00+00:00,paid_search,brand-search,impression,0.144,0.0,True
usr-00493,jrn-00987,evt-0003638,2025-03-23 12:00:00+00:00,social,social-prospecting,click,0.65,0.0,True
usr-00764,jrn-01528,evt-0005552,2025-03-23 13:00:00+00:00,organic,seo-content,click,0.08,0.0,True
usr-00480,jrn-00960,evt-0003548,2025-03-23 14:00:00+00:00,paid_search,brand-search,impression,0.144,0.0,True
usr-00241,jrn-00483,evt-0001784,2025-03-23 14:00:00+00:00,organic,seo-content,click,0.08,0.0,True
usr-00087,jrn-00175,evt-0000664,2025-03-23 14:00:00+00:00,social,social-prospecting,impression,0.078,0.0,True
usr-00651,jrn-01303,evt-0004762,2025-03-23 14:00:00+00:00,social,social-prospecting,impression,0.078,0.0,True
usr-00489,jrn-00978,evt-0003606,2025-03-23 17:00:00+00:00,email,lifecycle-email,click,0.04,0.0,True
usr-00855,jrn-01710,evt-0006221,2025-03-23 17:00:00+00:00,affiliate,partner-network,impression,0.108,0.0,True
usr-00278,jrn-00556,evt-0002063,2025-03-23 18:00:00+00:00,organic,seo-content,click,0.08,0.0,True
usr-00454,jrn-00909,evt-0003356,2025-03-23 19:00:00+00:00,display,display-retargeting,click,0.3,0.0,True
usr-00654,jrn-01309,evt-0004788,2025-03-23 19:00:00+00:00,paid_search,brand-search,conversion,0.0,91.67,True
usr-00870,jrn-01740,evt-0006332,2025-03-23 20:00:00+00:00,social,social-prospecting,click,0.65,0.0,False
usr-00278,jrn-00556,evt-0002065,2025-03-23 20:00:00+00:00,affiliate,partner-network,impression,0.108,0.0,True
usr-00316,jrn-00632,evt-0002349,2025-03-23 21:00:00+00:00,social,social-prospecting,impression,0.078,0.0,False
usr-00764,jrn-01528,evt-0005553,2025-03-23 22:00:00+00:00,affiliate,partner-network,click,0.9,0.0,True
usr-00548,jrn-01097,evt-0004037,2025-03-23 23:00:00+00:00,affiliate,partner-network,click,0.9,0.0,True
usr-00278,jrn-00556,evt-0002064,2025-03-24 02:00:00+00:00,affiliate,partner-network,impression,0.108,0.0,True
usr-00241,jrn-00483,evt-0001786,2025-03-24 02:00:00+00:00,affiliate,partner-network,click,0.9,0.0,True
usr-00454,jrn-00909,evt-0003357,2025-03-24 03:00:00+00:00,display,display-retargeting,click,0.3,0.0,True
usr-00241,jrn-00483,evt-0001785,2025-03-24 05:00:00+00:00,affiliate,partner-network,click,0.9,0.0,True
usr-00241,jrn-00483,evt-0001788,2025-03-24 10:00:00+00:00,affiliate,partner-network,click,0.9,0.0,True
usr-00548,jrn-01097,evt-0004038,2025-03-24 10:00:00+00:00,display,display-retargeting,click,0.3,0.0,True
usr-00611,jrn-01223,evt-0004466,2025-03-24 10:00:00+00:00,social,social-prospecting,click,0.65,0.0,True
usr-00717,jrn-01435,evt-0005219,2025-03-24 11:00:00+00:00,display,display-retargeting,click,0.3,0.0,True
usr-00278,jrn-00556,evt-0002066,2025-03-24 12:00:00+00:00,display,display-retargeting,click,0.3,0.0,True
usr-00717,jrn-01435,evt-0005221,2025-03-24 13:00:00+00:00,organic,seo-content,click,0.08,0.0,True
usr-00811,jrn-01623,evt-0005907,2025-03-24 13:00:00+00:00,display,display-retargeting,impression,0.036,0.0,True
usr-00611,jrn-01223,evt-0004468,2025-03-24 14:00:00+00:00,social,social-prospecting,impression,0.078,0.0,True
usr-00651,jrn-01303,evt-0004763,2025-03-24 16:00:00+00:00,paid_search,brand-search,impression,0.144,0.0,True
usr-00875,jrn-01750,evt-0006361,2025-03-24 17:00:00+00:00,display,display-retargeting,click,0.3,0.0,True
usr-00611,jrn-01223,evt-0004467,2025-03-24 17:00:00+00:00,affiliate,partner-network,click,0.9,0.0,True
usr-00172,jrn-00345,evt-0001278,2025-03-24 17:00:00+00:00,social,social-prospecting,impression,0.078,0.0,True
usr-00855,jrn-01710,evt-0006222,2025-03-24 20:00:00+00:00,display,display-retargeting,impression,0.036,0.0,True
usr-00611,jrn-01223,evt-0004469,2025-03-24 22:00:00+00:00,display,display-retargeting,impression,0.036,0.0,True
usr-00811,jrn-01623,evt-0005908,2025-03-24 23:00:00+00:00,display,display-retargeting,click,0.3,0.0,True
usr-00057,jrn-00114,evt-0000432,2025-03-25 00:00:00+00:00,social,social-prospecting,click,0.65,0.0,True
usr-00651,jrn-01303,evt-0004764,2025-03-25 00:00:00+00:00,organic,seo-content,impression,0.0096,0.0,True
usr-00875,jrn-01750,evt-0006362,2025-03-25 00:00:00+00:00,email,lifecycle-email,click,0.04,0.0,True
usr-00272,jrn-00544,evt-0002021,2025-03-25 01:00:00+00:00,email,lifecycle-email,click,0.04,0.0,True
usr-00241,jrn-00483,evt-0001787,2025-03-25 05:00:00+00:00,email,lifecycle-email,click,0.04,0.0,True
usr-00548,jrn-01097,evt-0004039,2025-03-25 06:00:00+00:00,display,display-retargeting,click,0.3,0.0,True
usr-00548,jrn-01097,evt-0004040,2025-03-25 06:00:00+00:00,display,display-retargeting,click,0.3,0.0,True
usr-00764,jrn-01528,evt-0005554,2025-03-25 09:00:00+00:00,affiliate,partner-network,conversion,0.0,216.57,True
usr-00229,jrn-00458,evt-0001685,2025-03-25 09:00:00+00:00,display,display-retargeting,click,0.3,0.0,True
usr-00611,jrn-01223,evt-0004470,2025-03-25 10:00:00+00:00,social,social-prospecting,impression,0.078,0.0,True
usr-00272,jrn-00544,evt-0002023,2025-03-25 11:00:00+00:00,affiliate,partner-network,click,0.9,0.0,True
usr-00272,jrn-00544,evt-0002022,2025-03-25 11:00:00+00:00,organic,seo-content,click,0.08,0.0,False
usr-00352,jrn-00705,evt-0002615,2025-03-25 12:00:00+00:00,organic,seo-content,impression,0.0096,0.0,True
usr-00811,jrn-01623,evt-0005909,2025-03-25 13:00:00+00:00,display,display-retargeting,impression,0.036,0.0,True
usr-00438,jrn-00877,evt-0003245,2025-03-25 16:00:00+00:00,social,social-prospecting,impression,0.078,0.0,True
usr-00306,jrn-00612,evt-0002268,2025-03-25 16:00:00+00:00,organic,seo-content,impression,0.0096,0.0,True
usr-00875,jrn-01750,evt-0006363,2025-03-25 17:00:00+00:00,email,lifecycle-email,click,0.04,0.0,True
usr-00057,jrn-00114,evt-0000433,2025-03-25 17:00:00+00:00,organic,seo-content,click,0.08,0.0,True
usr-00198,jrn-00397,evt-0001460,2025-03-25 18:00:00+00:00,paid_search,brand-search,click,1.2,0.0,True
usr-00614,jrn-01228,evt-0004497,2025-03-25 18:00:00+00:00,affiliate,partner-network,conversion,0.0,81.39,True
usr-00306,jrn-00612,evt-0002270,2025-03-26 00:00:00+00:00,organic,seo-content,impression,0.0096,0.0,True
usr-00438,jrn-00877,evt-0003249,2025-03-26 00:00:00+00:00,affiliate,partner-network,click,0.9,0.0,True
usr-00438,jrn-00877,evt-0003246,2025-03-26 01:00:00+00:00,display,display-retargeting,click,0.3,0.0,True
usr-00875,jrn-01750,evt-0006364,2025-03-26 02:00:00+00:00,paid_search,brand-search,click,1.2,0.0,True
usr-00527,jrn-01054,evt-0003877,2025-03-26 03:00:00+00:00,affiliate,partner-network,click,0.9,0.0,True
usr-00198,jrn-00397,evt-0001461,2025-03-26 03:00:00+00:00,paid_search,brand-search,click,1.2,0.0,True
usr-00686,jrn-01372,evt-0005007,2025-03-26 05:00:00+00:00,email,lifecycle-email,impression,0.0048,0.0,True
usr-00278,jrn-00556,evt-0002067,2025-03-26 06:00:00+00:00,paid_search,brand-search,impression,0.144,0.0,True
usr-00527,jrn-01054,evt-0003878,2025-03-26 07:00:00+00:00,affiliate,partner-network,impression,0.108,0.0,True
usr-00306,jrn-00612,evt-0002269,2025-03-26 09:00:00+00:00,organic,seo-content,click,0.08,0.0,True
usr-00444,jrn-00888,evt-0003282,2025-03-26 10:00:00+00:00,email,lifecycle-email,click,0.04,0.0,True
usr-00651,jrn-01303,evt-0004765,2025-03-26 12:00:00+00:00,social,social-prospecting,click,0.65,0.0,True
usr-00438,jrn-00877,evt-0003248,2025-03-26 13:00:00+00:00,social,social-prospecting,impression,0.078,0.0,True
usr-00302,jrn-00605,evt-0002242,2025-03-26 13:00:00+00:00,paid_search,brand-search,click,1.2,0.0,True
usr-00686,jrn-01372,evt-0005008,2025-03-26 14:00:00+00:00,social,social-prospecting,click,0.65,0.0,True
usr-00686,jrn-01372,evt-0005010,2025-03-26 17:00:00+00:00,organic,seo-content,click,0.08,0.0,True
usr-00438,jrn-00877,evt-0003247,2025-03-26 20:00:00+00:00,email,lifecycle-email,click,0.04,0.0,True
usr-00811,jrn-01623,evt-0005910,2025-03-26 20:00:00+00:00,display,display-retargeting,conversion,0.0,67.13,True
usr-00745,jrn-01490,evt-0005425,2025-03-26 20:00:00+00:00,email,lifecycle-email,impression,0.0048,0.0,True
usr-00686,jrn-01372,evt-0005009,2025-03-26 21:00:00+00:00,social,social-prospecting,click,0.65,0.0,True
usr-00875,jrn-01750,evt-0006365,2025-03-27 01:00:00+00:00,paid_search,brand-search,click,1.2,0.0,True
usr-00686,jrn-01372,evt-0005012,2025-03-27 01:00:00+00:00,display,display-retargeting,click,0.3,0.0,True
usr-00008,jrn-00016,evt-0000061,2025-03-27 01:00:00+00:00,social,social-prospecting,impression,0.078,0.0,True
usr-00539,jrn-01079,evt-0003965,2025-03-27 02:00:00+00:00,paid_search,brand-search,click,1.2,0.0,True
usr-00302,jrn-00605,evt-0002243,2025-03-27 02:00:00+00:00,email,lifecycle-email,impression,0.0048,0.0,True
usr-00241,jrn-00483,evt-0001789,2025-03-27 03:00:00+00:00,paid_search,brand-search,click,1.2,0.0,True
usr-00221,jrn-00442,evt-0001635,2025-03-27 03:00:00+00:00,email,lifecycle-email,impression,0.0048,0.0,True
usr-00527,jrn-01054,evt-0003882,2025-03-27 04:00:00+00:00,display,display-retargeting,impression,0.036,0.0,True
usr-00221,jrn-00442,evt-0001636,2025-03-27 05:00:00+00:00,organic,seo-content,impression,0.0096,0.0,True
usr-00745,jrn-01490,evt-0005426,2025-03-27 06:00:00+00:00,organic,seo-content,click,0.08,0.0,True
usr-00221,jrn-00442,evt-0001637,2025-03-27 07:00:00+00:00,paid_search,brand-search,impression,0.144,0.0,True
usr-00306,jrn-00612,evt-0002271,2025-03-27 07:00:00+00:00,paid_search,brand-search,impression,0.144,0.0,True
usr-00539,jrn-01079,evt-0003967,2025-03-27 08:00:00+00:00,paid_search,brand-search,click,1.2,0.0,True
usr-00649,jrn-01298,evt-0004744,2025-03-27 08:00:00+00:00,paid_search,brand-search,click,1.2,0.0,True
usr-00272,jrn-00544,evt-0002024,2025-03-27 08:00:00+00:00,affiliate,partner-network,conversion,0.0,155.4,True
usr-00548,jrn-01097,evt-0004041,2025-03-27 08:00:00+00:00,display,display-retargeting,conversion,0.0,134.6,True
usr-00527,jrn-01054,evt-0003879,2025-03-27 09:00:00+00:00,affiliate,partner-network,impression,0.108,0.0,True
usr-00303,jrn-00606,evt-0002244,2025-03-27 09:00:00+00:00,affiliate,partner-network,click,0.9,0.0,True
usr-00008,jrn-00016,evt-0000062,2025-03-27 10:00:00+00:00,paid_search,brand-search,click,1.2,0.0,True
usr-00008,jrn-00016,evt-0000064,2025-03-27 10:00:00+00:00,email,lifecycle-email,click,0.04,0.0,True
usr-00008,jrn-00016,evt-0000063,2025-03-27 11:00:00+00:00,social,social-prospecting,impression,0.078,0.0,True
usr-00303,jrn-00606,evt-0002245,2025-03-27 13:00:00+00:00,organic,seo-content,impression,0.0096,0.0,True
usr-00875,jrn-01750,evt-0006366,2025-03-27 15:00:00+00:00,display,display-retargeting,click,0.3,0.0,True
usr-00256,jrn-00513,evt-0001907,2025-03-27 16:00:00+00:00,affiliate,partner-network,impression,0.108,0.0,True
usr-00539,jrn-01079,evt-0003966,2025-03-27 17:00:00+00:00,email,lifecycle-email,click,0.04,0.0,True
usr-00039,jrn-00078,evt-0000299,2025-03-27 18:00:00+00:00,paid_search,brand-search,click,1.2,0.0,True
usr-00431,jrn-00862,evt-0003195,2025-03-27 22:00:00+00:00,organic,seo-content,impression,0.0096,0.0,True
usr-00075,jrn-00150,evt-0000572,2025-03-28 01:00:00+00:00,organic,seo-content,impression,0.0096,0.0,True
usr-00539,jrn-01079,evt-0003968,2025-03-28 02:00:00+00:00,affiliate,partner-network,click,0.9,0.0,True
usr-00864,jrn-01728,evt-0006289,2025-03-28 03:00:00+00:00,affiliate,partner-network,click,0.9,0.0,True
usr-00883,jrn-01766,evt-0006420,2025-03-28 05:00:00+00:00,affiliate,partner-network,impression,0.108,0.0,True
usr-00189,jrn-00379,evt-0001401,2025-03-28 05:00:00+00:00,display,display-retargeting,impression,0.036,0.0,True
usr-00411,jrn-00822,evt-0003054,2025-03-28 06:00:00+00:00,organic,seo-content,click,0.08,0.0,True
usr-00527,jrn-01054,evt-0003880,2025-03-28 06:00:00+00:00,email,lifecycle-email,click,0.04,0.0,True
usr-00539,jrn-01079,evt-0003969,2025-03-28 06:00:00+00:00,email,lifecycle-email,click,0.04,0.0,True
usr-00075,jrn-00150,evt-0000573,2025-03-28 07:00:00+00:00,paid_search,brand-search,click,1.2,0.0,True
usr-00864,jrn-01728,evt-0006290,2025-03-28 09:00:00+00:00,organic,seo-content,click,0.08,0.0,True
usr-00303,jrn-00606,evt-0002247,2025-03-28 09:00:00+00:00,paid_search,brand-search,impression,0.144,0.0,True
usr-00189,jrn-00379,evt-0001402,2025-03-28 09:00:00+00:00,affiliate,partner-network,impression,0.108,0.0,True
usr-00686,jrn-01372,evt-0005011,2025-03-28 09:00:00+00:00,organic,seo-content,impression,0.0096,0.0,True
usr-00431,jrn-00862,evt-0003196,2025-03-28 09:00:00+00:00,social,social-prospecting,click,0.65,0.0,True
usr-00579,jrn-01158,evt-0004242,2025-03-28 10:00:00+00:00,email,lifecycle-email,click,0.04,0.0,True
usr-00527,jrn-01054,evt-0003881,2025-03-28 11:00:00+00:00,affiliate,partner-network,impression,0.108,0.0,True
usr-00189,jrn-00379,evt-0001405,2025-03-28 13:00:00+00:00,email,lifecycle-email,click,0.04,0.0,True
usr-00539,jrn-01079,evt-0003970,2025-03-28 13:00:00+00:00,organic,seo-content,click,0.08,0.0,True
usr-00274,jrn-00549,evt-0002042,2025-03-28 14:00:00+00:00,organic,seo-content,impression,0.0096,0.0,True
usr-00221,jrn-00442,evt-0001638,2025-03-28 15:00:00+00:00,social,social-prospecting,click,0.65,0.0,True
usr-00303,jrn-00606,evt-0002246,2025-03-28 15:00:00+00:00,affiliate,partner-network,impression,0.108,0.0,True
usr-00883,jrn-01766,evt-0006422,2025-03-28 15:00:00+00:00,affiliate,partner-network,click,0.9,0.0,False
usr-00377,jrn-00754,evt-0002791,2025-03-28 16:00:00+00:00,organic,seo-content,impression,0.0096,0.0,True
usr-00579,jrn-01158,evt-0004244,2025-03-28 16:00:00+00:00,display,display-retargeting,impression,0.036,0.0,True
usr-00478,jrn-00956,evt-0003537,2025-03-28 18:00:00+00:00,display,display-retargeting,click,0.3,0.0,True
usr-00189,jrn-00379,evt-0001403,2025-03-28 19:00:00+00:00,social,social-prospecting,impression,0.078,0.0,True
usr-00883,jrn-01766,evt-0006425,2025-03-28 20:00:00+00:00,organic,seo-content,click,0.08,0.0,True
usr-00189,jrn-00379,evt-0001404,2025-03-28 20:00:00+00:00,display,display-retargeting,impression,0.036,0.0,True
usr-00377,jrn-00754,evt-0002792,2025-03-28 21:00:00+00:00,affiliate,partner-network,click,0.9,0.0,True
usr-00883,jrn-01766,evt-0006421,2025-03-28 21:00:00+00:00,paid_search,brand-search,click,1.2,0.0,True
usr-00306,jrn-00612,evt-0002272,2025-03-28 22:00:00+00:00,paid_search,brand-search,conversion,0.0,51.21,True
usr-00470,jrn-00941,evt-0003480,2025-03-29 00:00:00+00:00,social,social-prospecting,click,0.65,0.0,True
usr-00579,jrn-01158,evt-0004243,2025-03-29 01:00:00+00:00,email,lifecycle-email,click,0.04,0.0,True
usr-00613,jrn-01226,evt-0004480,2025-03-29 02:00:00+00:00,affiliate,partner-network,click,0.9,0.0,True
usr-00883,jrn-01766,evt-0006423,2025-03-29 02:00:00+00:00,display,display-retargeting,impression,0.036,0.0,True
usr-00613,jrn-01226,evt-0004481,2025-03-29 05:00:00+00:00,email,lifecycle-email,click,0.04,0.0,True
usr-00648,jrn-01296,evt-0004739,2025-03-29 05:00:00+00:00,display,display-retargeting,click,0.3,0.0,True
usr-00478,jrn-00956,evt-0003538,2025-03-29 05:00:00+00:00,display,display-retargeting,impression,0.036,0.0,True
usr-00377,jrn-00754,evt-0002794,2025-03-29 07:00:00+00:00,organic,seo-content,click,0.08,0.0,True
usr-00514,jrn-01028,evt-0003778,2025-03-29 08:00:00+00:00,display,display-retargeting,impression,0.036,0.0,True
usr-00037,jrn-00075,evt-0000286,2025-03-29 08:00:00+00:00,social,social-prospecting,impression,0.078,0.0,True
usr-00669,jrn-01339,evt-0004881,2025-03-29 09:00:00+00:00,affiliate,partner-network,click,0.9,0.0,True
usr-00883,jrn-01766,evt-0006424,2025-03-29 09:00:00+00:00,social,social-prospecting,impression,0.078,0.0,True
usr-00328,jrn-00656,evt-0002428,2025-03-29 09:00:00+00:00,paid_search,brand-search,click,1.2,0.0,True
usr-00037,jrn-00075,evt-0000287,2025-03-29 10:00:00+00:00,social,social-prospecting,impression,0.078,0.0,True
usr-00478,jrn-00956,evt-0003540,2025-03-29 12:00:00+00:00,display,display-retargeting,click,0.3,0.0,True
usr-00420,jrn-00841,evt-0003118,2025-03-29 12:00:00+00:00,organic,seo-content,click,0.08,0.0,True
usr-00008,jrn-00016,evt-0000065,2025-03-29 13:00:00+00:00,affiliate,partner-network,impression,0.108,0.0,True
usr-00724,jrn-01449,evt-0005264,2025-03-29 14:00:00+00:00,social,social-prospecting,click,0.65,0.0,True
usr-00613,jrn-01226,evt-0004483,2025-03-29 14:00:00+00:00,affiliate,partner-network,impression,0.108,0.0,True
usr-00514,jrn-01028,evt-0003779,2025-03-29 14:00:00+00:00,organic,seo-content,impression,0.0096,0.0,True
usr-00669,jrn-01338,evt-0004879,2025-03-29 16:00:00+00:00,display,display-retargeting,impression,0.036,0.0,True
usr-00377,jrn-00754,evt-0002793,2025-03-29 18:00:00+00:00,organic,seo-content,impression,0.0096,0.0,True
usr-00613,jrn-01226,evt-0004482,2025-03-29 18:00:00+00:00,affiliate,partner-network,click,0.9,0.0,False
usr-00648,jrn-01296,evt-0004740,2025-03-29 18:00:00+00:00,email,lifecycle-email,click,0.04,0.0,True
usr-00274,jrn-00549,evt-0002043,2025-03-29 18:00:00+00:00,organic,seo-content,conversion,0.0,23.37,True
usr-00751,jrn-01503,evt-0005469,2025-03-29 20:00:00+00:00,display,display-retargeting,impression,0.036,0.0,True
usr-00817,jrn-01634,evt-0005952,2025-03-29 21:00:00+00:00,email,lifecycle-email,impression,0.0048,0.0,True
usr-00165,jrn-00330,evt-0001209,2025-03-29 21:00:00+00:00,affiliate,partner-network,impression,0.108,0.0,True
usr-00328,jrn-00656,evt-0002429,2025-03-29 22:00:00+00:00,affiliate,partner-network,impression,0.108,0.0,True
usr-00669,jrn-01338,evt-0004880,2025-03-29 23:00:00+00:00,organic,seo-content,impression,0.0096,0.0,True
usr-00859,jrn-01718,evt-0006248,2025-03-30 00:00:00+00:00,social,social-prospecting,click,0.65,0.0,True
usr-00420,jrn-00841,evt-0003119,2025-03-30 02:00:00+00:00,display,display-retargeting,impression,0.036,0.0,True
usr-00751,jrn-01503,evt-0005470,2025-03-30 03:00:00+00:00,email,lifecycle-email,click,0.04,0.0,True
usr-00566,jrn-01133,evt-0004154,2025-03-30 03:00:00+00:00,email,lifecycle-email,click,0.04,0.0,True
usr-00248,jrn-00497,evt-0001841,2025-03-30 03:00:00+00:00,social,social-prospecting,impression,0.078,0.0,True
usr-00478,jrn-00956,evt-0003539,2025-03-30 04:00:00+00:00,organic,seo-content,impression,0.0096,0.0,True
usr-00817,jrn-01634,evt-0005953,2025-03-30 04:00:00+00:00,display,display-retargeting,click,0.3,0.0,True
usr-00420,jrn-00841,evt-0003120,2025-03-30 04:00:00+00:00,email,lifecycle-email,impression,0.0048,0.0,True
usr-00817,jrn-01634,evt-0005954,2025-03-30 05:00:00+00:00,affiliate,partner-network,impression,0.108,0.0,True
usr-00157,jrn-00315,evt-0001150,2025-03-30 06:00:00+00:00,email,lifecycle-email,impression,0.0048,0.0,True
usr-00384,jrn-00768,evt-0002842,2025-03-30 07:00:00+00:00,social,social-prospecting,click,0.65,0.0,True
usr-00316,jrn-00633,evt-0002350,2025-03-30 07:00:00+00:00,email,lifecycle-email,click,0.04,0.0,True
usr-00613,jrn-01226,evt-0004485,2025-03-30 08:00:00+00:00,email,lifecycle-email,impression,0.0048,0.0,True
usr-00514,jrn-01028,evt-0003780,2025-03-30 08:00:00+00:00,display,display-retargeting,click,0.3,0.0,True
usr-00248,jrn-00497,evt-0001843,2025-03-30 09:00:00+00:00,display,display-retargeting,click,0.3,0.0,True
usr-00566,jrn-01133,evt-0004155,2025-03-30 10:00:00+00:00,affiliate,partner-network,click,0.9,0.0,True
usr-00514,jrn-01028,evt-0003781,2025-03-30 11:00:00+00:00,email,lifecycle-email,impression,0.0048,0.0,True
usr-00316,jrn-00633,evt-0002351,2025-03-30 11:00:00+00:00,affiliate,partner-network,click,0.9,0.0,True
usr-00859,jrn-01718,evt-0006249,2025-03-30 12:00:00+00:00,social,social-prospecting,impression,0.078,0.0,True
usr-00165,jrn-00330,evt-0001210,2025-03-30 12:00:00+00:00,display,display-retargeting,impression,0.036,0.0,True
usr-00751,jrn-01503,evt-0005471,2025-03-30 12:00:00+00:00,display,display-retargeting,impression,0.036,0.0,True
usr-00566,jrn-01133,evt-0004157,2025-03-30 12:00:00+00:00,organic,seo-content,impression,0.0096,0.0,True
usr-00221,jrn-00442,evt-0001639,2025-03-30 13:00:00+00:00,social,social-prospecting,conversion,0.0,70.71,True
usr-00248,jrn-00497,evt-0001842,2025-03-30 14:00:00+00:00,email,lifecycle-email,impression,0.0048,0.0,True
usr-00384,jrn-00768,evt-0002843,2025-03-30 15:00:00+00:00,email,lifecycle-email,click,0.04,0.0,True
usr-00316,jrn-00633,evt-0002352,2025-03-30 15:00:00+00:00,social,social-prospecting,click,0.65,0.0,True
usr-00384,jrn-00768,evt-0002845,2025-03-30 16:00:00+00:00,display,display-retargeting,click,0.3,0.0,True
usr-00859,jrn-01718,evt-0006250,2025-03-30 16:00:00+00:00,social,social-prospecting,click,0.65,0.0,True
usr-00098,jrn-00196,evt-0000734,2025-03-30 16:00:00+00:00,social,social-prospecting,click,0.65,0.0,True
usr-00023,jrn-00047,evt-0000182,2025-03-30 17:00:00+00:00,organic,seo-content,impression,0.0096,0.0,True
usr-00727,jrn-01455,evt-0005283,2025-03-30 17:00:00+00:00,paid_search,brand-search,click,1.2,0.0,True
usr-00037,jrn-00075,evt-0000288,2025-03-30 18:00:00+00:00,affiliate,partner-network,click,0.9,0.0,True
usr-00817,jrn-01634,evt-0005955,2025-03-30 18:00:00+00:00,display,display-retargeting,click,0.3,0.0,True
usr-00316,jrn-00633,evt-0002353,2025-03-30 19:00:00+00:00,social,social-prospecting,click,0.65,0.0,True
usr-00157,jrn-00315,evt-0001151,2025-03-30 19:00:00+00:00,social,social-prospecting,impression,0.078,0.0,True
usr-00648,jrn-01296,evt-0004741,2025-03-30 20:00:00+00:00,email,lifecycle-email,conversion,0.0,56.73,True
usr-00859,jrn-01718,evt-0006253,2025-03-30 20:00:00+00:00,social,social-prospecting,impression,0.078,0.0,True
usr-00098,jrn-00196,evt-0000735,2025-03-30 21:00:00+00:00,email,lifecycle-email,click,0.04,0.0,True
usr-00221,jrn-00443,evt-0001640,2025-03-30 21:00:00+00:00,affiliate,partner-network,impression,0.108,0.0,True
usr-00165,jrn-00330,evt-0001212,2025-03-30 21:00:00+00:00,organic,seo-content,click,0.08,0.0,True
usr-00769,jrn-01538,evt-0005588,2025-03-30 21:00:00+00:00,display,display-retargeting,impression,0.036,0.0,True
usr-00817,jrn-01634,evt-0005957,2025-03-30 22:00:00+00:00,social,social-prospecting,click,0.65,0.0,True
usr-00277,jrn-00555,evt-0002061,2025-03-30 23:00:00+00:00,affiliate,partner-network,impression,0.108,0.0,True
usr-00566,jrn-01133,evt-0004156,2025-03-30 23:00:00+00:00,social,social-prospecting,impression,0.078,0.0,True
usr-00023,jrn-00047,evt-0000183,2025-03-30 23:00:00+00:00,paid_search,brand-search,impression,0.144,0.0,True
usr-00420,jrn-00841,evt-0003121,2025-03-31 00:00:00+00:00,social,social-prospecting,click,0.65,0.0,True
usr-00386,jrn-00772,evt-0002851,2025-03-31 00:00:00+00:00,social,social-prospecting,click,0.65,0.0,True
usr-00023,jrn-00047,evt-0000184,2025-03-31 03:00:00+00:00,organic,seo-content,click,0.08,0.0,True
usr-00727,jrn-01455,evt-0005284,2025-03-31 03:00:00+00:00,organic,seo-content,click,0.08,0.0,True
usr-00248,jrn-00497,evt-0001844,2025-03-31 03:00:00+00:00,paid_search,brand-search,click,1.2,0.0,True
usr-00859,jrn-01718,evt-0006251,2025-03-31 03:00:00+00:00,organic,seo-content,click,0.08,0.0,True
usr-00141,jrn-00282,evt-0001030,2025-03-31 07:00:00+00:00,display,display-retargeting,impression,0.036,0.0,True
usr-00384,jrn-00768,evt-0002844,2025-03-31 07:00:00+00:00,email,lifecycle-email,click,0.04,0.0,True
usr-00165,jrn-00330,evt-0001211,2025-03-31 07:00:00+00:00,social,social-prospecting,impression,0.078,0.0,True
usr-00751,jrn-01503,evt-0005472,2025-03-31 08:00:00+00:00,display,display-retargeting,click,0.3,0.0,True
usr-00687,jrn-01374,evt-0005015,2025-03-31 09:00:00+00:00,paid_search,brand-search,impression,0.144,0.0,True
usr-00817,jrn-01634,evt-0005956,2025-03-31 09:00:00+00:00,display,display-retargeting,impression,0.036,0.0,True
usr-00514,jrn-01028,evt-0003783,2025-03-31 10:00:00+00:00,organic,seo-content,click,0.08,0.0,True
usr-00105,jrn-00210,evt-0000784,2025-03-31 10:00:00+00:00,email,lifecycle-email,click,0.04,0.0,True
usr-00205,jrn-00411,evt-0001507,2025-03-31 10:00:00+00:00,organic,seo-content,impression,0.0096,0.0,True
usr-00221,jrn-00443,evt-0001641,2025-03-31 10:00:00+00:00,organic,seo-content,impression,0.0096,0.0,True
usr-00385,jrn-00770,evt-0002848,2025-03-31 10:00:00+00:00,email,lifecycle-email,click,0.04,0.0,True
usr-00386,jrn-00772,evt-0002852,2025-03-31 12:00:00+00:00,organic,seo-content,click,0.08,0.0,True
usr-00157,jrn-00315,evt-0001152,2025-03-31 12:00:00+00:00,affiliate,partner-network,impression,0.108,0.0,True
usr-00134,jrn-00268,evt-0000978,2025-03-31 12:00:00+00:00,affiliate,partner-network,impression,0.108,0.0,True
usr-00165,jrn-00330,evt-0001213,2025-03-31 13:00:00+00:00,paid_search,brand-search,impression,0.144,0.0,True
usr-00386,jrn-00772,evt-0002853,2025-03-31 14:00:00+00:00,paid_search,brand-search,impression,0.144,0.0,True
usr-00613,jrn-01226,evt-0004484,2025-03-31 14:00:00+00:00,organic,seo-content,click,0.08,0.0,True
usr-00769,jrn-01538,evt-0005589,2025-03-31 14:00:00+00:00,organic,seo-content,impression,0.0096,0.0,True
usr-00687,jrn-01374,evt-0005016,2025-03-31 15:00:00+00:00,organic,seo-content,impression,0.0096,0.0,True
usr-00385,jrn-00770,evt-0002849,2025-03-31 15:00:00+00:00,organic,seo-content,impression,0.0096,0.0,True
usr-00316,jrn-00633,evt-0002354,2025-03-31 15:00:00+00:00,affiliate,partner-network,impression,0.108,0.0,True
usr-00727,jrn-01455,evt-0005285,2025-03-31 15:00:00+00:00,paid_search,brand-search,click,1.2,0.0,True
usr-00687,jrn-01374,evt-0005017,2025-03-31 15:00:00+00:00,email,lifecycle-email,impression,0.0048,0.0,True
usr-00448,jrn-00896,evt-0003309,2025-03-31 15:00:00+00:00,email,lifecycle-email,impression,0.0048,0.0,True
usr-00455,jrn-00911,evt-0003362,2025-03-31 16:00:00+00:00,organic,seo-content,click,0.08,0.0,True
usr-00514,jrn-01028,evt-0003782,2025-03-31 16:00:00+00:00,social,social-prospecting,click,0.65,0.0,True
usr-00600,jrn-01200,evt-0004394,2025-03-31 16:00:00+00:00,paid_search,brand-search,click,1.2,0.0,True
usr-00141,jrn-00282,evt-0001031,2025-03-31 16:00:00+00:00,display,display-retargeting,click,0.3,0.0,True
usr-00105,jrn-00210,evt-0000785,2025-03-31 16:00:00+00:00,organic,seo-content,impression,0.0096,0.0,True
usr-00569,jrn-01138,evt-0004178,2025-03-31 17:00:00+00:00,affiliate,partner-network,click,0.9,0.0,True
usr-00608,jrn-01216,evt-0004445,2025-03-31 17:00:00+00:00,affiliate,partner-network,click,0.9,0.0,True
usr-00727,jrn-01455,evt-0005286,2025-03-31 17:00:00+00:00,paid_search,brand-search,click,1.2,0.0,True
usr-00098,jrn-00196,evt-0000736,2025-03-31 18:00:00+00:00,paid_search,brand-search,impression,0.144,0.0,True
usr-00065,jrn-00131,evt-0000499,2025-03-31 18:00:00+00:00,email,lifecycle-email,click,0.04,0.0,True
usr-00455,jrn-00911,evt-0003363,2025-03-31 19:00:00+00:00,organic,seo-content,click,0.08,0.0,True
usr-00455,jrn-00911,evt-0003364,2025-03-31 20:00:00+00:00,paid_search,brand-search,click,1.2,0.0,True
usr-00769,jrn-01538,evt-0005590,2025-03-31 21:00:00+00:00,email,lifecycle-email,click,0.04,0.0,True
usr-00157,jrn-00315,evt-0001154,2025-03-31 22:00:00+00:00,social,social-prospecting,impression,0.078,0.0,True
usr-00105,jrn-00210,evt-0000786,2025-03-31 22:00:00+00:00,social,social-prospecting,click,0.65,0.0,True
usr-00134,jrn-00268,evt-0000979,2025-04-01 00:00:00+00:00,affiliate,partner-network,click,0.9,0.0,True
usr-00134,jrn-00268,evt-0000980,2025-04-01 00:00:00+00:00,email,lifecycle-email,click,0.04,0.0,True
usr-00569,jrn-01139,evt-0004185,2025-04-01 01:00:00+00:00,affiliate,partner-network,click,0.9,0.0,True
usr-00448,jrn-00896,evt-0003310,2025-04-01 02:00:00+00:00,display,display-retargeting,click,0.3,0.0,True
usr-00677,jrn-01354,evt-0004934,2025-04-01 02:00:00+00:00,social,social-prospecting,impression,0.078,0.0,True
usr-00221,jrn-00443,evt-0001642,2025-04-01 03:00:00+00:00,organic,seo-content,impression,0.0096,0.0,True
usr-00065,jrn-00131,evt-0000500,2025-04-01 03:00:00+00:00,display,display-retargeting,impression,0.036,0.0,True
usr-00205,jrn-00411,evt-0001508,2025-04-01 03:00:00+00:00,affiliate,partner-network,impression,0.108,0.0,True
usr-00165,jrn-00330,evt-0001214,2025-04-01 04:00:00+00:00,paid_search,brand-search,impression,0.144,0.0,True
usr-00569,jrn-01138,evt-0004179,2025-04-01 05:00:00+00:00,social,social-prospecting,impression,0.078,0.0,True
usr-00608,jrn-01216,evt-0004446,2025-04-01 07:00:00+00:00,email,lifecycle-email,click,0.04,0.0,True
usr-00023,jrn-00047,evt-0000185,2025-04-01 08:00:00+00:00,affiliate,partner-network,impression,0.108,0.0,True
usr-00677,jrn-01354,evt-0004936,2025-04-01 08:00:00+00:00,paid_search,brand-search,click,1.2,0.0,True
usr-00859,jrn-01718,evt-0006252,2025-04-01 08:00:00+00:00,social,social-prospecting,click,0.65,0.0,True
usr-00598,jrn-01196,evt-0004380,2025-04-01 08:00:00+00:00,affiliate,partner-network,click,0.9,0.0,True
usr-00157,jrn-00315,evt-0001153,2025-04-01 09:00:00+00:00,display,display-retargeting,click,0.3,0.0,True
usr-00141,jrn-00282,evt-0001032,2025-04-01 09:00:00+00:00,email,lifecycle-email,impression,0.0048,0.0,True
usr-00569,jrn-01138,evt-0004182,2025-04-01 09:00:00+00:00,social,social-prospecting,impression,0.078,0.0,True
usr-00687,jrn-01374,evt-0005019,2025-04-01 09:00:00+00:00,paid_search,brand-search,click,1.2,0.0,True
usr-00384,jrn-00768,evt-0002846,2025-04-01 11:00:00+00:00,organic,seo-content,click,0.08,0.0,True
usr-00657,jrn-01315,evt-0004802,2025-04-01 11:00:00+00:00,paid_search,brand-search,impression,0.144,0.0,False
usr-00677,jrn-01354,evt-0004935,2025-04-01 12:00:00+00:00,email,lifecycle-email,click,0.04,0.0,True
usr-00776,jrn-01552,evt-0005638,2025-04-01 13:00:00+00:00,organic,seo-content,click,0.08,0.0,True
usr-00608,jrn-01216,evt-0004447,2025-04-01 13:00:00+00:00,affiliate,partner-network,impression,0.108,0.0,True
usr-00221,jrn-00443,evt-0001644,2025-04-01 13:00:00+00:00,affiliate,partner-network,click,0.9,0.0,True
usr-00567,jrn-01135,evt-0004167,2025-04-01 14:00:00+00:00,paid_search,brand-search,impression,0.144,0.0,True
usr-00205,jrn-00411,evt-0001511,2025-04-01 14:00:00+00:00,display,display-retargeting,click,0.3,0.0,True
usr-00248,jrn-00497,evt-0001846,2025-04-01 15:00:00+00:00,affiliate,partner-network,click,0.9,0.0,True
usr-00386,jrn-00772,evt-0002854,2025-04-01 15:00:00+00:00,display,display-retargeting,click,0.3,0.0,True
usr-00248,jrn-00497,evt-0001845,2025-04-01 15:00:00+00:00,organic,seo-content,click,0.08,0.0,True
usr-00830,jrn-01660,evt-0006051,2025-04-01 16:00:00+00:00,display,display-retargeting,click,0.3,0.0,True
usr-00776,jrn-01552,evt-0005639,2025-04-01 16:00:00+00:00,social,social-prospecting,click,0.65,0.0,True
usr-00641,jrn-01283,evt-0004703,2025-04-01 17:00:00+00:00,display,display-retargeting,click,0.3,0.0,True
usr-00378,jrn-00757,evt-0002804,2025-04-01 17:00:00+00:00,paid_search,brand-search,click,1.2,0.0,True
usr-00205,jrn-00411,evt-0001509,2025-04-01 18:00:00+00:00,affiliate,partner-network,click,0.9,0.0,True
usr-00814,jrn-01628,evt-0005928,2025-04-01 18:00:00+00:00,social,social-prospecting,click,0.65,0.0,True
usr-00569,jrn-01138,evt-0004183,2025-04-01 18:00:00+00:00,organic,seo-content,click,0.08,0.0,True
usr-00157,jrn-00315,evt-0001155,2025-04-01 18:00:00+00:00,email,lifecycle-email,click,0.04,0.0,False
usr-00221,jrn-00443,evt-0001643,2025-04-01 18:00:00+00:00,email,lifecycle-email,impression,0.0048,0.0,True
usr-00769,jrn-01538,evt-0005591,2025-04-01 18:00:00+00:00,email,lifecycle-email,click,0.04,0.0,True
usr-00774,jrn-01548,evt-0005624,2025-04-01 19:00:00+00:00,organic,seo-content,click,0.08,0.0,True
usr-00657,jrn-01315,evt-0004803,2025-04-01 19:00:00+00:00,paid_search,brand-search,click,1.2,0.0,True
usr-00727,jrn-01455,evt-0005287,2025-04-01 21:00:00+00:00,display,display-retargeting,impression,0.036,0.0,True
usr-00687,jrn-01374,evt-0005018,2025-04-01 21:00:00+00:00,display,display-retargeting,click,0.3,0.0,True
usr-00569,jrn-01138,evt-0004180,2025-04-01 21:00:00+00:00,organic,seo-content,click,0.08,0.0,True
usr-00677,jrn-01354,evt-0004938,2025-04-01 22:00:00+00:00,email,lifecycle-email,click,0.04,0.0,True
usr-00566,jrn-01133,evt-0004158,2025-04-01 23:00:00+00:00,social,social-prospecting,impression,0.078,0.0,True
usr-00567,jrn-01135,evt-0004172,2025-04-02 00:00:00+00:00,paid_search,brand-search,click,1.2,0.0,True
usr-00566,jrn-01133,evt-0004159,2025-04-02 01:00:00+00:00,affiliate,partner-network,click,0.9,0.0,True
usr-00598,jrn-01196,evt-0004381,2025-04-02 01:00:00+00:00,email,lifecycle-email,impression,0.0048,0.0,True
usr-00567,jrn-01135,evt-0004170,2025-04-02 02:00:00+00:00,display,display-retargeting,impression,0.036,0.0,True
usr-00452,jrn-00904,evt-0003332,2025-04-02 02:00:00+00:00,display,display-retargeting,impression,0.036,0.0,True
usr-00065,jrn-00131,evt-0000501,2025-04-02 02:00:00+00:00,display,display-retargeting,impression,0.036,0.0,True
usr-00768,jrn-01537,evt-0005584,2025-04-02 03:00:00+00:00,social,social-prospecting,click,0.65,0.0,True
usr-00567,jrn-01135,evt-0004168,2025-04-02 03:00:00+00:00,affiliate,partner-network,impression,0.108,0.0,True
usr-00814,jrn-01628,evt-0005929,2025-04-02 03:00:00+00:00,affiliate,partner-network,click,0.9,0.0,True
usr-00814,jrn-01628,evt-0005931,2025-04-02 03:00:00+00:00,social,social-prospecting,click,0.65,0.0,True
usr-00378,jrn-00757,evt-0002805,2025-04-02 04:00:00+00:00,email,lifecycle-email,click,0.04,0.0,True
usr-00569,jrn-01138,evt-0004181,2025-04-02 05:00:00+00:00,display,display-retargeting,click,0.3,0.0,True
usr-00205,jrn-00411,evt-0001510,2025-04-02 07:00:00+00:00,display,display-retargeting,click,0.3,0.0,True
usr-00452,jrn-00904,evt-0003333,2025-04-02 07:00:00+00:00,affiliate,partner-network,click,0.9,0.0,True
usr-00141,jrn-00282,evt-0001033,2025-04-02 07:00:00+00:00,social,social-prospecting,click,0.65,0.0,True
usr-00598,jrn-01196,evt-0004382,2025-04-02 08:00:00+00:00,organic,seo-content,click,0.08,0.0,True
usr-00774,jrn-01548,evt-0005626,2025-04-02 09:00:00+00:00,affiliate,partner-network,impression,0.108,0.0,True
usr-00768,jrn-01537,evt-0005586,2025-04-02 11:00:00+00:00,social,social-prospecting,click,0.65,0.0,False
usr-00774,jrn-01548,evt-0005625,2025-04-02 12:00:00+00:00,email,lifecycle-email,click,0.04,0.0,True
usr-00774,jrn-01548,evt-0005627,2025-04-02 13:00:00+00:00,affiliate,partner-network,impression,0.108,0.0,True
usr-00776,jrn-01552,evt-0005642,2025-04-02 13:00:00+00:00,organic,seo-content,click,0.08,0.0,True
usr-00768,jrn-01537,evt-0005585,2025-04-02 16:00:00+00:00,affiliate,partner-network,click,0.9,0.0,True
usr-00633,jrn-01267,evt-0004641,2025-04-02 17:00:00+00:00,display,display-retargeting,impression,0.036,0.0,True
usr-00869,jrn-01738,evt-0006325,2025-04-02 17:00:00+00:00,email,lifecycle-email,impression,0.0048,0.0,True
usr-00776,jrn-01552,evt-0005640,2025-04-02 19:00:00+00:00,social,social-prospecting,impression,0.078,0.0,True
usr-00677,jrn-01354,evt-0004937,2025-04-02 20:00:00+00:00,paid_search,brand-search,click,1.2,0.0,True
usr-00633,jrn-01267,evt-0004642,2025-04-02 23:00:00+00:00,social,social-prospecting,impression,0.078,0.0,True
usr-00774,jrn-01548,evt-0005628,2025-04-02 23:00:00+00:00,organic,seo-content,impression,0.0096,0.0,True
usr-00481,jrn-00962,evt-0003554,2025-04-02 23:00:00+00:00,paid_search,brand-search,impression,0.144,0.0,True
usr-00769,jrn-01538,evt-0005592,2025-04-02 23:00:00+00:00,email,lifecycle-email,conversion,0.0,58.44,True
usr-00567,jrn-01135,evt-0004169,2025-04-03 00:00:00+00:00,organic,seo-content,click,0.08,0.0,True
usr-00776,jrn-01552,evt-0005641,2025-04-03 01:00:00+00:00,organic,seo-content,click,0.08,0.0,True
usr-00869,jrn-01738,evt-0006329,2025-04-03 01:00:00+00:00,organic,seo-content,click,0.08,0.0,True
usr-00814,jrn-01628,evt-0005930,2025-04-03 04:00:00+00:00,display,display-retargeting,impression,0.036,0.0,True
usr-00442,jrn-00885,evt-0003275,2025-04-03 04:00:00+00:00,email,lifecycle-email,click,0.04,0.0,True
usr-00263,jrn-00526,evt-0001963,2025-04-03 05:00:00+00:00,social,social-prospecting,click,0.65,0.0,True
usr-00282,jrn-00565,evt-0002091,2025-04-03 05:00:00+00:00,organic,seo-content,impression,0.0096,0.0,True
usr-00869,jrn-01738,evt-0006327,2025-04-03 05:00:00+00:00,social,social-prospecting,impression,0.078,0.0,True
usr-00481,jrn-00962,evt-0003555,2025-04-03 06:00:00+00:00,paid_search,brand-search,click,1.2,0.0,True
usr-00442,jrn-00885,evt-0003276,2025-04-03 07:00:00+00:00,paid_search,brand-search,click,1.2,0.0,True
usr-00263,jrn-00526,evt-0001965,2025-04-03 09:00:00+00:00,affiliate,partner-network,impression,0.108,0.0,True
usr-00282,jrn-00565,evt-0002092,2025-04-03 09:00:00+00:00,display,display-retargeting,click,0.3,0.0,True
usr-00246,jrn-00492,evt-0001824,2025-04-03 09:00:00+00:00,social,social-prospecting,impression,0.078,0.0,True
usr-00869,jrn-01738,evt-0006326,2025-04-03 09:00:00+00:00,organic,seo-content,impression,0.0096,0.0,True
usr-00817,jrn-01634,evt-0005958,2025-04-03 10:00:00+00:00,social,social-prospecting,conversion,0.0,73.95,True
usr-00089,jrn-00178,evt-0000672,2025-04-03 10:00:00+00:00,affiliate,partner-network,impression,0.108,0.0,True
usr-00633,jrn-01266,evt-0004639,2025-04-03 11:00:00+00:00,social,social-prospecting,click,0.65,0.0,True
usr-00165,jrn-00330,evt-0001215,2025-04-03 12:00:00+00:00,paid_search,brand-search,conversion,0.0,60.18,True
usr-00724,jrn-01448,evt-0005259,2025-04-03 13:00:00+00:00,social,social-prospecting,click,0.65,0.0,True
usr-00246,jrn-00492,evt-0001825,2025-04-03 14:00:00+00:00,paid_search,brand-search,impression,0.144,0.0,True
usr-00869,jrn-01738,evt-0006328,2025-04-03 14:00:00+00:00,email,lifecycle-email,click,0.04,0.0,True
usr-00747,jrn-01495,evt-0005440,2025-04-03 14:00:00+00:00,organic,seo-content,click,0.08,0.0,True
usr-00633,jrn-01267,evt-0004644,2025-04-03 14:00:00+00:00,email,lifecycle-email,impression,0.0048,0.0,True
usr-00089,jrn-00178,evt-0000673,2025-04-03 15:00:00+00:00,organic,seo-content,impression,0.0096,0.0,True
usr-00633,jrn-01267,evt-0004643,2025-04-03 15:00:00+00:00,display,display-retargeting,click,0.3,0.0,True
usr-00263,jrn-00526,evt-0001964,2025-04-03 16:00:00+00:00,paid_search,brand-search,click,1.2,0.0,True
usr-00477,jrn-00955,evt-0003533,2025-04-03 17:00:00+00:00,social,social-prospecting,click,0.65,0.0,True
usr-00263,jrn-00526,evt-0001966,2025-04-03 17:00:00+00:00,display,display-retargeting,click,0.3,0.0,True
usr-00481,jrn-00962,evt-0003556,2025-04-03 19:00:00+00:00,display,display-retargeting,click,0.3,0.0,True
usr-00477,jrn-00955,evt-0003535,2025-04-03 21:00:00+00:00,display,display-retargeting,click,0.3,0.0,True
usr-00381,jrn-00763,evt-0002826,2025-04-03 23:00:00+00:00,organic,seo-content,impression,0.0096,0.0,False
usr-00724,jrn-01448,evt-0005261,2025-04-03 23:00:00+00:00,affiliate,partner-network,impression,0.108,0.0,True
usr-00400,jrn-00801,evt-0002976,2025-04-04 00:00:00+00:00,affiliate,partner-network,impression,0.108,0.0,True
usr-00089,jrn-00178,evt-0000674,2025-04-04 00:00:00+00:00,affiliate,partner-network,impression,0.108,0.0,True
usr-00757,jrn-01515,evt-0005509,2025-04-04 00:00:00+00:00,social,social-prospecting,click,0.65,0.0,True
usr-00282,jrn-00565,evt-0002093,2025-04-04 01:00:00+00:00,organic,seo-content,impression,0.0096,0.0,True
usr-00747,jrn-01495,evt-0005441,2025-04-04 02:00:00+00:00,paid_search,brand-search,impression,0.144,0.0,True
usr-00747,jrn-01495,evt-0005442,2025-04-04 02:00:00+00:00,display,display-retargeting,click,0.3,0.0,True
usr-00481,jrn-00962,evt-0003557,2025-04-04 02:00:00+00:00,display,display-retargeting,click,0.3,0.0,True
usr-00442,jrn-00885,evt-0003277,2025-04-04 04:00:00+00:00,paid_search,brand-search,click,1.2,0.0,True
usr-00633,jrn-01266,evt-0004640,2025-04-04 04:00:00+00:00,email,lifecycle-email,click,0.04,0.0,True
usr-00747,jrn-01495,evt-0005443,2025-04-04 05:00:00+00:00,organic,seo-content,click,0.08,0.0,True
usr-00724,jrn-01448,evt-0005260,2025-04-04 06:00:00+00:00,social,social-prospecting,impression,0.078,0.0,True
usr-00768,jrn-01537,evt-0005587,2025-04-04 06:00:00+00:00,affiliate,partner-network,click,0.9,0.0,True
usr-00895,jrn-01791,evt-0006520,2025-04-04 06:00:00+00:00,email,lifecycle-email,impression,0.0048,0.0,True
usr-00477,jrn-00955,evt-0003534,2025-04-04 08:00:00+00:00,affiliate,partner-network,impression,0.108,0.0,True
usr-00724,jrn-01448,evt-0005263,2025-04-04 09:00:00+00:00,organic,seo-content,click,0.08,0.0,True
usr-00442,jrn-00885,evt-0003278,2025-04-04 10:00:00+00:00,paid_search,brand-search,impression,0.144,0.0,True
usr-00757,jrn-01515,evt-0005510,2025-04-04 10:00:00+00:00,affiliate,partner-network,impression,0.108,0.0,False
usr-00567,jrn-01135,evt-0004171,2025-04-04 10:00:00+00:00,email,lifecycle-email,impression,0.0048,0.0,True
usr-00677,jrn-01354,evt-0004939,2025-04-04 10:00:00+00:00,paid_search,brand-search,click,1.2,0.0,True
usr-00400,jrn-00801,evt-0002977,2025-04-04 11:00:00+00:00,organic,seo-content,impression,0.0096,0.0,True
usr-00396,jrn-00792,evt-0002937,2025-04-04 13:00:00+00:00,display,display-retargeting,click,0.3,0.0,True
usr-00687,jrn-01375,evt-0005020,2025-04-04 13:00:00+00:00,paid_search,brand-search,click,1.2,0.0,True
usr-00895,jrn-01791,evt-0006521,2025-04-04 13:00:00+00:00,organic,seo-content,impression,0.0096,0.0,True
usr-00191,jrn-00383,evt-0001418,2025-04-04 14:00:00+00:00,organic,seo-content,click,0.08,0.0,True
usr-00477,jrn-00955,evt-0003536,2025-04-04 14:00:00+00:00,affiliate,partner-network,click,0.9,0.0,True
usr-00381,jrn-00763,evt-0002827,2025-04-04 14:00:00+00:00,social,social-prospecting,impression,0.078,0.0,True
usr-00285,jrn-00570,evt-0002110,2025-04-04 15:00:00+00:00,social,social-prospecting,click,0.65,0.0,True
usr-00633,jrn-01267,evt-0004645,2025-04-04 17:00:00+00:00,organic,seo-content,click,0.08,0.0,True
usr-00246,jrn-00492,evt-0001826,2025-04-04 17:00:00+00:00,paid_search,brand-search,click,1.2,0.0,True
usr-00396,jrn-00792,evt-0002938,2025-04-04 18:00:00+00:00,social,social-prospecting,impression,0.078,0.0,True
usr-00747,jrn-01495,evt-0005444,2025-04-04 18:00:00+00:00,social,social-prospecting,impression,0.078,0.0,True
usr-00133,jrn-00266,evt-0000974,2025-04-04 20:00:00+00:00,organic,seo-content,click,0.08,0.0,True
usr-00757,jrn-01515,evt-0005513,2025-04-04 20:00:00+00:00,display,display-retargeting,impression,0.036,0.0,True
usr-00400,jrn-00801,evt-0002978,2025-04-04 20:00:00+00:00,social,social-prospecting,click,0.65,0.0,True
usr-00396,jrn-00792,evt-0002939,2025-04-04 21:00:00+00:00,paid_search,brand-search,click,1.2,0.0,True
usr-00312,jrn-00624,evt-0002318,2025-04-04 21:00:00+00:00,social,social-prospecting,impression,0.078,0.0,True
usr-00704,jrn-01408,evt-0005123,2025-04-04 23:00:00+00:00,organic,seo-content,impression,0.0096,0.0,True
usr-00687,jrn-01375,evt-0005022,2025-04-04 23:00:00+00:00,email,lifecycle-email,click,0.04,0.0,True
usr-00246,jrn-00492,evt-0001827,2025-04-05 00:00:00+00:00,organic,seo-content,click,0.08,0.0,True
usr-00396,jrn-00792,evt-0002940,2025-04-05 01:00:00+00:00,social,social-prospecting,click,0.65,0.0,True
usr-00263,jrn-00526,evt-0001967,2025-04-05 01:00:00+00:00,email,lifecycle-email,impression,0.0048,0.0,True
usr-00687,jrn-01375,evt-0005023,2025-04-05 01:00:00+00:00,display,display-retargeting,impression,0.036,0.0,True
usr-00724,jrn-01448,evt-0005262,2025-04-05 01:00:00+00:00,organic,seo-content,click,0.08,0.0,True
usr-00191,jrn-00383,evt-0001419,2025-04-05 01:00:00+00:00,organic,seo-content,impression,0.0096,0.0,True
usr-00312,jrn-00624,evt-0002320,2025-04-05 03:00:00+00:00,display,display-retargeting,click,0.3,0.0,True
usr-00133,jrn-00266,evt-0000975,2025-04-05 03:00:00+00:00,email,lifecycle-email,click,0.04,0.0,True
usr-00312,jrn-00624,evt-0002319,2025-04-05 03:00:00+00:00,display,display-retargeting,click,0.3,0.0,True
usr-00687,jrn-01375,evt-0005021,2025-04-05 04:00:00+00:00,paid_search,brand-search,click,1.2,0.0,True
usr-00481,jrn-00962,evt-0003559,2025-04-05 06:00:00+00:00,organic,seo-content,click,0.08,0.0,True
usr-00246,jrn-00492,evt-0001829,2025-04-05 06:00:00+00:00,email,lifecycle-email,click,0.04,0.0,True
usr-00308,jrn-00617,evt-0002288,2025-04-05 07:00:00+00:00,email,lifecycle-email,impression,0.0048,0.0,True
usr-00569,jrn-01138,evt-0004184,2025-04-05 10:00:00+00:00,organic,seo-content,conversion,0.0,54.84,True
usr-00704,jrn-01408,evt-0005124,2025-04-05 10:00:00+00:00,display,display-retargeting,click,0.3,0.0,True
usr-00757,jrn-01515,evt-0005511,2025-04-05 10:00:00+00:00,affiliate,partner-network,impression,0.108,0.0,True
usr-00481,jrn-00962,evt-0003558,2025-04-05 11:00:00+00:00,social,social-prospecting,impression,0.078,0.0,True
usr-00191,jrn-00383,evt-0001420,2025-04-05 14:00:00+00:00,organic,seo-content,click,0.08,0.0,True
usr-00145,jrn-00290,evt-0001058,2025-04-05 15:00:00+00:00,organic,seo-content,click,0.08,0.0,True
usr-00757,jrn-01515,evt-0005512,2025-04-05 15:00:00+00:00,email,lifecycle-email,impression,0.0048,0.0,True
usr-00317,jrn-00634,evt-0002355,2025-04-05 16:00:00+00:00,affiliate,partner-network,click,0.9,0.0,True
usr-00308,jrn-00617,evt-0002291,2025-04-05 16:00:00+00:00,display,display-retargeting,impression,0.036,0.0,True
usr-00895,jrn-01791,evt-0006522,2025-04-05 16:00:00+00:00,email,lifecycle-email,impression,0.0048,0.0,True
usr-00246,jrn-00492,evt-0001828,2025-04-05 17:00:00+00:00,social,social-prospecting,impression,0.078,0.0,True
usr-00308,jrn-00617,evt-0002290,2025-04-05 17:00:00+00:00,email,lifecycle-email,impression,0.0048,0.0,True
usr-00799,jrn-01598,evt-0005818,2025-04-05 20:00:00+00:00,email,lifecycle-email,impression,0.0048,0.0,True
usr-00895,jrn-01791,evt-0006523,2025-04-05 21:00:00+00:00,social,social-prospecting,impression,0.078,0.0,True
usr-00736,jrn-01473,evt-0005358,2025-04-05 21:00:00+00:00,affiliate,partner-network,click,0.9,0.0,True
usr-00145,jrn-00290,evt-0001060,2025-04-05 21:00:00+00:00,email,lifecycle-email,click,0.04,0.0,True
usr-00308,jrn-00617,evt-0002289,2025-04-05 22:00:00+00:00,organic,seo-content,click,0.08,0.0,True
usr-00113,jrn-00227,evt-0000845,2025-04-05 22:00:00+00:00,paid_search,brand-search,click,1.2,0.0,True
usr-00247,jrn-00494,evt-0001834,2025-04-05 22:00:00+00:00,display,display-retargeting,click,0.3,0.0,True
usr-00895,jrn-01791,evt-0006524,2025-04-05 22:00:00+00:00,organic,seo-content,impression,0.0096,0.0,True
usr-00799,jrn-01598,evt-0005819,2025-04-05 23:00:00+00:00,social,social-prospecting,click,0.65,0.0,True
usr-00736,jrn-01473,evt-0005359,2025-04-05 23:00:00+00:00,social,social-prospecting,click,0.65,0.0,True
usr-00704,jrn-01408,evt-0005127,2025-04-05 23:00:00+00:00,paid_search,brand-search,click,1.2,0.0,True
usr-00641,jrn-01282,evt-0004701,2025-04-06 00:00:00+00:00,paid_search,brand-search,click,1.2,0.0,True
usr-00317,jrn-00634,evt-0002356,2025-04-06 00:00:00+00:00,social,social-prospecting,click,0.65,0.0,True
usr-00704,jrn-01408,evt-0005125,2025-04-06 01:00:00+00:00,affiliate,partner-network,click,0.9,0.0,False
usr-00191,jrn-00383,evt-0001421,2025-04-06 02:00:00+00:00,display,display-retargeting,click,0.3,0.0,True
usr-00736,jrn-01473,evt-0005360,2025-04-06 03:00:00+00:00,email,lifecycle-email,click,0.04,0.0,True
usr-00736,jrn-01473,evt-0005361,2025-04-06 03:00:00+00:00,paid_search,brand-search,impression,0.144,0.0,True
usr-00641,jrn-01282,evt-0004702,2025-04-06 03:00:00+00:00,affiliate,partner-network,impression,0.108,0.0,True
usr-00137,jrn-00275,evt-0001004,2025-04-06 03:00:00+00:00,email,lifecycle-email,impression,0.0048,0.0,True
usr-00268,jrn-00536,evt-0001999,2025-04-06 03:00:00+00:00,display,display-retargeting,impression,0.036,0.0,True
usr-00357,jrn-00714,evt-0002649,2025-04-06 04:00:00+00:00,organic,seo-content,impression,0.0096,0.0,True
usr-00247,jrn-00494,evt-0001835,2025-04-06 05:00:00+00:00,organic,seo-content,click,0.08,0.0,True
usr-00145,jrn-00290,evt-0001059,2025-04-06 05:00:00+00:00,display,display-retargeting,click,0.3,0.0,True
usr-00113,jrn-00227,evt-0000847,2025-04-06 06:00:00+00:00,affiliate,partner-network,click,0.9,0.0,True
usr-00317,jrn-00634,evt-0002357,2025-04-06 06:00:00+00:00,affiliate,partner-network,click,0.9,0.0,True
usr-00736,jrn-01473,evt-0005363,2025-04-06 07:00:00+00:00,display,display-retargeting,click,0.3,0.0,True
usr-00704,jrn-01408,evt-0005126,2025-04-06 08:00:00+00:00,display,display-retargeting,impression,0.036,0.0,True
usr-00113,jrn-00227,evt-0000846,2025-04-06 09:00:00+00:00,paid_search,brand-search,impression,0.144,0.0,True
usr-00312,jrn-00624,evt-0002321,2025-04-06 09:00:00+00:00,affiliate,partner-network,click,0.9,0.0,True
usr-00378,jrn-00756,evt-0002800,2025-04-06 10:00:00+00:00,email,lifecycle-email,impression,0.0048,0.0,True
usr-00191,jrn-00383,evt-0001423,2025-04-06 11:00:00+00:00,affiliate,partner-network,click,0.9,0.0,True
usr-00247,jrn-00494,evt-0001836,2025-04-06 12:00:00+00:00,display,display-retargeting,impression,0.036,0.0,True
usr-00864,jrn-01729,evt-0006291,2025-04-06 15:00:00+00:00,paid_search,brand-search,impression,0.144,0.0,True
usr-00095,jrn-00191,evt-0000713,2025-04-06 15:00:00+00:00,affiliate,partner-network,impression,0.108,0.0,True
usr-00633,jrn-01267,evt-0004646,2025-04-06 16:00:00+00:00,organic,seo-content,conversion,0.0,50.43,True
usr-00357,jrn-00714,evt-0002650,2025-04-06 16:00:00+00:00,email,lifecycle-email,click,0.04,0.0,True
usr-00635,jrn-01271,evt-0004662,2025-04-06 16:00:00+00:00,social,social-prospecting,click,0.65,0.0,True
usr-00349,jrn-00698,evt-0002591,2025-04-06 17:00:00+00:00,email,lifecycle-email,click,0.04,0.0,True
usr-00736,jrn-01473,evt-0005362,2025-04-06 17:00:00+00:00,display,display-retargeting,impression,0.036,0.0,True
usr-00268,jrn-00536,evt-0002000,2025-04-06 17:00:00+00:00,email,lifecycle-email,click,0.04,0.0,True
usr-00757,jrn-01515,evt-0005514,2025-04-06 17:00:00+00:00,paid_search,brand-search,impression,0.144,0.0,True
usr-00137,jrn-00275,evt-0001005,2025-04-06 19:00:00+00:00,organic,seo-content,click,0.08,0.0,True
usr-00378,jrn-00756,evt-0002801,2025-04-06 20:00:00+00:00,display,display-retargeting,click,0.3,0.0,True
usr-00799,jrn-01598,evt-0005820,2025-04-06 20:00:00+00:00,paid_search,brand-search,click,1.2,0.0,True
usr-00217,jrn-00435,evt-0001602,2025-04-06 20:00:00+00:00,paid_search,brand-search,click,1.2,0.0,True
usr-00864,jrn-01729,evt-0006293,2025-04-06 21:00:00+00:00,organic,seo-content,impression,0.0096,0.0,True
usr-00383,jrn-00767,evt-0002837,2025-04-06 21:00:00+00:00,email,lifecycle-email,impression,0.0048,0.0,True
usr-00142,jrn-00285,evt-0001045,2025-04-06 22:00:00+00:00,paid_search,brand-search,click,1.2,0.0,True
usr-00537,jrn-01074,evt-0003952,2025-04-06 22:00:00+00:00,affiliate,partner-network,click,0.9,0.0,True
usr-00317,jrn-00634,evt-0002358,2025-04-06 22:00:00+00:00,paid_search,brand-search,click,1.2,0.0,True
usr-00864,jrn-01729,evt-0006292,2025-04-06 22:00:00+00:00,paid_search,brand-search,click,1.2,0.0,True
usr-00349,jrn-00698,evt-0002592,2025-04-06 22:00:00+00:00,affiliate,partner-network,click,0.9,0.0,True
usr-00635,jrn-01271,evt-0004663,2025-04-06 23:00:00+00:00,affiliate,partner-network,click,0.9,0.0,True
usr-00312,jrn-00624,evt-0002323,2025-04-06 23:00:00+00:00,social,social-prospecting,impression,0.078,0.0,True
usr-00378,jrn-00756,evt-0002802,2025-04-07 00:00:00+00:00,email,lifecycle-email,impression,0.0048,0.0,True
usr-00635,jrn-01271,evt-0004665,2025-04-07 01:00:00+00:00,display,display-retargeting,impression,0.036,0.0,True
usr-00312,jrn-00624,evt-0002322,2025-04-07 01:00:00+00:00,email,lifecycle-email,click,0.04,0.0,True
usr-00357,jrn-00714,evt-0002652,2025-04-07 01:00:00+00:00,email,lifecycle-email,impression,0.0048,0.0,True
usr-00247,jrn-00494,evt-0001837,2025-04-07 01:00:00+00:00,social,social-prospecting,click,0.65,0.0,True
usr-00349,jrn-00698,evt-0002594,2025-04-07 02:00:00+00:00,email,lifecycle-email,impression,0.0048,0.0,True
usr-00799,jrn-01598,evt-0005821,2025-04-07 02:00:00+00:00,paid_search,brand-search,click,1.2,0.0,True
usr-00092,jrn-00185,evt-0000696,2025-04-07 02:00:00+00:00,organic,seo-content,impression,0.0096,0.0,False
usr-00452,jrn-00905,evt-0003334,2025-04-07 02:00:00+00:00,social,social-prospecting,click,0.65,0.0,True
usr-00317,jrn-00634,evt-0002360,2025-04-07 03:00:00+00:00,affiliate,partner-network,click,0.9,0.0,True
usr-00145,jrn-00290,evt-0001061,2025-04-07 03:00:00+00:00,social,social-prospecting,impression,0.078,0.0,True
usr-00145,jrn-00290,evt-0001062,2025-04-07 03:00:00+00:00,paid_search,brand-search,impression,0.144,0.0,True
usr-00644,jrn-01288,evt-0004719,2025-04-07 03:00:00+00:00,affiliate,partner-network,impression,0.108,0.0,True
usr-00268,jrn-00536,evt-0002001,2025-04-07 03:00:00+00:00,affiliate,partner-network,click,0.9,0.0,True
usr-00462,jrn-00925,evt-0003424,2025-04-07 03:00:00+00:00,affiliate,partner-network,click,0.9,0.0,True
usr-00217,jrn-00435,evt-0001603,2025-04-07 07:00:00+00:00,organic,seo-content,impression,0.0096,0.0,True
usr-00095,jrn-00191,evt-0000714,2025-04-07 07:00:00+00:00,display,display-retargeting,click,0.3,0.0,True
usr-00644,jrn-01288,evt-0004720,2025-04-07 07:00:00+00:00,social,social-prospecting,impression,0.078,0.0,True
usr-00799,jrn-01598,evt-0005823,2025-04-07 07:00:00+00:00,display,display-retargeting,impression,0.036,0.0,True
usr-00799,jrn-01598,evt-0005822,2025-04-07 08:00:00+00:00,display,display-retargeting,click,0.3,0.0,True
usr-00797,jrn-01594,evt-0005801,2025-04-07 09:00:00+00:00,email,lifecycle-email,impression,0.0048,0.0,True
usr-00462,jrn-00925,evt-0003426,2025-04-07 09:00:00+00:00,affiliate,partner-network,impression,0.108,0.0,True
usr-00383,jrn-00767,evt-0002840,2025-04-07 09:00:00+00:00,email,lifecycle-email,click,0.04,0.0,True
usr-00452,jrn-00905,evt-0003335,2025-04-07 10:00:00+00:00,affiliate,partner-network,click,0.9,0.0,True
usr-00191,jrn-00383,evt-0001422,2025-04-07 10:00:00+00:00,affiliate,partner-network,impression,0.108,0.0,True
usr-00383,jrn-00767,evt-0002838,2025-04-07 12:00:00+00:00,organic,seo-content,impression,0.0096,0.0,True
usr-00797,jrn-01594,evt-0005802,2025-04-07 13:00:00+00:00,paid_search,brand-search,impression,0.144,0.0,True
usr-00357,jrn-00714,evt-0002651,2025-04-07 14:00:00+00:00,email,lifecycle-email,click,0.04,0.0,True
usr-00383,jrn-00767,evt-0002839,2025-04-07 15:00:00+00:00,email,lifecycle-email,impression,0.0048,0.0,True
usr-00462,jrn-00925,evt-0003428,2025-04-07 15:00:00+00:00,display,display-retargeting,click,0.3,0.0,True
usr-00537,jrn-01074,evt-0003953,2025-04-07 15:00:00+00:00,affiliate,partner-network,impression,0.108,0.0,True
usr-00349,jrn-00698,evt-0002593,2025-04-07 15:00:00+00:00,affiliate,partner-network,click,0.9,0.0,True
usr-00357,jrn-00714,evt-0002653,2025-04-07 16:00:00+00:00,email,lifecycle-email,impression,0.0048,0.0,True
usr-00298,jrn-00596,evt-0002203,2025-04-07 16:00:00+00:00,organic,seo-content,impression,0.0096,0.0,True
usr-00203,jrn-00407,evt-0001488,2025-04-07 17:00:00+00:00,affiliate,partner-network,click,0.9,0.0,True
usr-00217,jrn-00435,evt-0001604,2025-04-07 18:00:00+00:00,email,lifecycle-email,impression,0.0048,0.0,True
usr-00635,jrn-01271,evt-0004664,2025-04-07 18:00:00+00:00,social,social-prospecting,click,0.65,0.0,False
usr-00452,jrn-00905,evt-0003336,2025-04-07 18:00:00+00:00,display,display-retargeting,impression,0.036,0.0,True
usr-00462,jrn-00925,evt-0003425,2025-04-07 19:00:00+00:00,social,social-prospecting,impression,0.078,0.0,True
usr-00092,jrn-00185,evt-0000697,2025-04-07 19:00:00+00:00,email,lifecycle-email,impression,0.0048,0.0,True
usr-00170,jrn-00341,evt-0001261,2025-04-07 19:00:00+00:00,organic,seo-content,click,0.08,0.0,True
usr-00644,jrn-01288,evt-0004721,2025-04-07 19:00:00+00:00,paid_search,brand-search,click,1.2,0.0,True
usr-00113,jrn-00227,evt-0000848,2025-04-07 19:00:00+00:00,affiliate,partner-network,impression,0.108,0.0,True
usr-00298,jrn-00596,evt-0002204,2025-04-07 19:00:00+00:00,paid_search,brand-search,click,1.2,0.0,True
usr-00176,jrn-00352,evt-0001300,2025-04-07 21:00:00+00:00,social,social-prospecting,click,0.65,0.0,True
usr-00537,jrn-01074,evt-0003955,2025-04-07 22:00:00+00:00,paid_search,brand-search,click,1.2,0.0,True
usr-00217,jrn-00435,evt-0001605,2025-04-07 23:00:00+00:00,paid_search,brand-search,click,1.2,0.0,True
usr-00797,jrn-01594,evt-0005805,2025-04-08 01:00:00+00:00,organic,seo-content,click,0.08,0.0,True
usr-00383,jrn-00767,evt-0002841,2025-04-08 01:00:00+00:00,affiliate,partner-network,click,0.9,0.0,True
usr-00338,jrn-00677,evt-0002511,2025-04-08 01:00:00+00:00,display,display-retargeting,click,0.3,0.0,True
usr-00203,jrn-00407,evt-0001489,2025-04-08 01:00:00+00:00,email,lifecycle-email,click,0.04,0.0,False
usr-00203,jrn-00407,evt-0001491,2025-04-08 02:00:00+00:00,display,display-retargeting,click,0.3,0.0,True
usr-00829,jrn-01658,evt-0006043,2025-04-08 03:00:00+00:00,display,display-retargeting,click,0.3,0.0,True
usr-00388,jrn-00776,evt-0002867,2025-04-08 03:00:00+00:00,social,social-prospecting,impression,0.078,0.0,True
usr-00654,jrn-01308,evt-0004780,2025-04-08 03:00:00+00:00,email,lifecycle-email,click,0.04,0.0,True
usr-00170,jrn-00341,evt-0001265,2025-04-08 03:00:00+00:00,email,lifecycle-email,impression,0.0048,0.0,True
usr-00298,jrn-00596,evt-0002205,2025-04-08 04:00:00+00:00,affiliate,partner-network,impression,0.108,0.0,True
usr-00338,jrn-00677,evt-0002512,2025-04-08 06:00:00+00:00,email,lifecycle-email,click,0.04,0.0,True
usr-00462,jrn-00925,evt-0003427,2025-04-08 06:00:00+00:00,email,lifecycle-email,impression,0.0048,0.0,True
usr-00537,jrn-01074,evt-0003954,2025-04-08 06:00:00+00:00,social,social-prospecting,impression,0.078,0.0,True
usr-00170,jrn-00341,evt-0001263,2025-04-08 07:00:00+00:00,display,display-retargeting,impression,0.036,0.0,True
usr-00307,jrn-00615,evt-0002282,2025-04-08 07:00:00+00:00,social,social-prospecting,click,0.65,0.0,True
usr-00635,jrn-01271,evt-0004666,2025-04-08 08:00:00+00:00,organic,seo-content,click,0.08,0.0,True
usr-00388,jrn-00776,evt-0002868,2025-04-08 08:00:00+00:00,paid_search,brand-search,impression,0.144,0.0,True
usr-00170,jrn-00341,evt-0001262,2025-04-08 08:00:00+00:00,social,social-prospecting,click,0.65,0.0,True
usr-00327,jrn-00655,evt-0002422,2025-04-08 08:00:00+00:00,affiliate,partner-network,click,0.9,0.0,True
usr-00203,jrn-00407,evt-0001490,2025-04-08 09:00:00+00:00,paid_search,brand-search,impression,0.144,0.0,True
usr-00797,jrn-01594,evt-0005804,2025-04-08 09:00:00+00:00,affiliate,partner-network,click,0.9,0.0,True
usr-00378,jrn-00756,evt-0002803,2025-04-08 10:00:00+00:00,organic,seo-content,click,0.08,0.0,True
usr-00744,jrn-01488,evt-0005417,2025-04-08 11:00:00+00:00,social,social-prospecting,click,0.65,0.0,True
usr-00654,jrn-01308,evt-0004781,2025-04-08 11:00:00+00:00,organic,seo-content,click,0.08,0.0,True
usr-00797,jrn-01594,evt-0005803,2025-04-08 11:00:00+00:00,email,lifecycle-email,click,0.04,0.0,True
usr-00317,jrn-00634,evt-0002359,2025-04-08 12:00:00+00:00,paid_search,brand-search,impression,0.144,0.0,True
usr-00176,jrn-00352,evt-0001303,2025-04-08 12:00:00+00:00,affiliate,partner-network,click,0.9,0.0,True
usr-00298,jrn-00596,evt-0002206,2025-04-08 13:00:00+00:00,display,display-retargeting,click,0.3,0.0,True
usr-00307,jrn-00615,evt-0002283,2025-04-08 13:00:00+00:00,display,display-retargeting,click,0.3,0.0,True
usr-00176,jrn-00352,evt-0001302,2025-04-08 13:00:00+00:00,paid_search,brand-search,impression,0.144,0.0,True
usr-00113,jrn-00227,evt-0000849,2025-04-08 14:00:00+00:00,affiliate,partner-network,impression,0.108,0.0,True
usr-00829,jrn-01658,evt-0006044,2025-04-08 14:00:00+00:00,organic,seo-content,impression,0.0096,0.0,True
usr-00176,jrn-00352,evt-0001301,2025-04-08 14:00:00+00:00,paid_search,brand-search,impression,0.144,0.0,True
usr-00628,jrn-01256,evt-0004596,2025-04-08 15:00:00+00:00,organic,seo-content,click,0.08,0.0,True
usr-00217,jrn-00435,evt-0001606,2025-04-08 16:00:00+00:00,organic,seo-content,impression,0.0096,0.0,True
usr-00746,jrn-01493,evt-0005436,2025-04-08 16:00:00+00:00,email,lifecycle-email,click,0.04,0.0,True
usr-00195,jrn-00391,evt-0001440,2025-04-08 16:00:00+00:00,paid_search,brand-search,click,1.2,0.0,True
usr-00308,jrn-00617,evt-0002292,2025-04-08 17:00:00+00:00,display,display-retargeting,conversion,0.0,35.88,True
usr-00307,jrn-00615,evt-0002284,2025-04-08 17:00:00+00:00,social,social-prospecting,click,0.65,0.0,True
usr-00327,jrn-00655,evt-0002423,2025-04-08 17:00:00+00:00,email,lifecycle-email,impression,0.0048,0.0,True
usr-00203,jrn-00407,evt-0001492,2025-04-08 17:00:00+00:00,organic,seo-content,impression,0.0096,0.0,True
usr-00353,jrn-00707,evt-0002620,2025-04-08 17:00:00+00:00,social,social-prospecting,click,0.65,0.0,True
usr-00535,jrn-01070,evt-0003932,2025-04-08 18:00:00+00:00,paid_search,brand-search,click,1.2,0.0,True
usr-00388,jrn-00776,evt-0002869,2025-04-08 19:00:00+00:00,organic,seo-content,click,0.08,0.0,True
usr-00523,jrn-01047,evt-0003849,2025-04-08 20:00:00+00:00,paid_search,brand-search,impression,0.144,0.0,True
usr-00452,jrn-00905,evt-0003337,2025-04-08 20:00:00+00:00,affiliate,partner-network,impression,0.108,0.0,True
usr-00851,jrn-01703,evt-0006189,2025-04-08 21:00:00+00:00,social,social-prospecting,impression,0.078,0.0,True
usr-00652,jrn-01305,evt-0004768,2025-04-08 22:00:00+00:00,social,social-prospecting,click,0.65,0.0,True
usr-00744,jrn-01488,evt-0005418,2025-04-08 23:00:00+00:00,social,social-prospecting,impression,0.078,0.0,True
usr-00595,jrn-01190,evt-0004355,2025-04-08 23:00:00+00:00,display,display-retargeting,click,0.3,0.0,True
usr-00462,jrn-00925,evt-0003429,2025-04-09 00:00:00+00:00,email,lifecycle-email,impression,0.0048,0.0,True
usr-00629,jrn-01258,evt-0004607,2025-04-09 00:00:00+00:00,organic,seo-content,click,0.08,0.0,True
usr-00535,jrn-01070,evt-0003933,2025-04-09 02:00:00+00:00,display,display-retargeting,impression,0.036,0.0,True
usr-00841,jrn-01683,evt-0006125,2025-04-09 03:00:00+00:00,email,lifecycle-email,impression,0.0048,0.0,True
usr-00353,jrn-00707,evt-0002622,2025-04-09 03:00:00+00:00,organic,seo-content,click,0.08,0.0,True
usr-00521,jrn-01042,evt-0003826,2025-04-09 04:00:00+00:00,affiliate,partner-network,click,0.9,0.0,True
usr-00523,jrn-01047,evt-0003850,2025-04-09 05:00:00+00:00,organic,seo-content,impression,0.0096,0.0,True
usr-00093,jrn-00187,evt-0000701,2025-04-09 06:00:00+00:00,paid_search,brand-search,click,1.2,0.0,True
usr-00535,jrn-01070,evt-0003934,2025-04-09 06:00:00+00:00,paid_search,brand-search,click,1.2,0.0,True
usr-00353,jrn-00707,evt-0002621,2025-04-09 06:00:00+00:00,paid_search,brand-search,click,1.2,0.0,True
usr-00195,jrn-00391,evt-0001441,2025-04-09 07:00:00+00:00,email,lifecycle-email,impression,0.0048,0.0,True
usr-00628,jrn-01256,evt-0004597,2025-04-09 07:00:00+00:00,organic,seo-content,click,0.08,0.0,True
usr-00523,jrn-01047,evt-0003853,2025-04-09 08:00:00+00:00,email,lifecycle-email,impression,0.0048,0.0,True
usr-00851,jrn-01703,evt-0006192,2025-04-09 09:00:00+00:00,organic,seo-content,click,0.08,0.0,True
usr-00851,jrn-01703,evt-0006190,2025-04-09 09:00:00+00:00,email,lifecycle-email,impression,0.0048,0.0,True
usr-00841,jrn-01683,evt-0006126,2025-04-09 10:00:00+00:00,organic,seo-content,click,0.08,0.0,True
usr-00170,jrn-00341,evt-0001264,2025-04-09 10:00:00+00:00,social,social-prospecting,impression,0.078,0.0,True
usr-00568,jrn-01137,evt-0004176,2025-04-09 10:00:00+00:00,social,social-prospecting,impression,0.078,0.0,True
usr-00513,jrn-01026,evt-0003768,2025-04-09 10:00:00+00:00,display,display-retargeting,click,0.3,0.0,True
usr-00628,jrn-01256,evt-0004598,2025-04-09 11:00:00+00:00,email,lifecycle-email,click,0.04,0.0,False
usr-00652,jrn-01305,evt-0004769,2025-04-09 11:00:00+00:00,affiliate,partner-network,click,0.9,0.0,True
usr-00096,jrn-00192,evt-0000715,2025-04-09 12:00:00+00:00,affiliate,partner-network,click,0.9,0.0,True
usr-00751,jrn-01502,evt-0005466,2025-04-09 13:00:00+00:00,paid_search,brand-search,click,1.2,0.0,True
usr-00595,jrn-01190,evt-0004356,2025-04-09 13:00:00+00:00,affiliate,partner-network,click,0.9,0.0,True
usr-00886,jrn-01773,evt-0006449,2025-04-09 13:00:00+00:00,organic,seo-content,impression,0.0096,0.0,True
usr-00829,jrn-01658,evt-0006045,2025-04-09 13:00:00+00:00,social,social-prospecting,impression,0.078,0.0,True
usr-00327,jrn-00655,evt-0002425,2025-04-09 14:00:00+00:00,paid_search,brand-search,impression,0.144,0.0,True
usr-00327,jrn-00655,evt-0002424,2025-04-09 14:00:00+00:00,email,lifecycle-email,click,0.04,0.0,True
usr-00523,jrn-01047,evt-0003852,2025-04-09 14:00:00+00:00,email,lifecycle-email,impression,0.0048,0.0,True
usr-00702,jrn-01404,evt-0005107,2025-04-09 14:00:00+00:00,display,display-retargeting,click,0.3,0.0,True
usr-00851,jrn-01703,evt-0006191,2025-04-09 15:00:00+00:00,social,social-prospecting,impression,0.078,0.0,True
usr-00145,jrn-00290,evt-0001063,2025-04-09 16:00:00+00:00,paid_search,brand-search,conversion,0.0,96.49,True
usr-00629,jrn-01258,evt-0004608,2025-04-09 16:00:00+00:00,email,lifecycle-email,impression,0.0048,0.0,True
usr-00702,jrn-01404,evt-0005108,2025-04-09 16:00:00+00:00,display,display-retargeting,click,0.3,0.0,False
usr-00462,jrn-00924,evt-0003420,2025-04-09 16:00:00+00:00,affiliate,partner-network,impression,0.108,0.0,True
usr-00176,jrn-00352,evt-0001304,2025-04-09 17:00:00+00:00,paid_search,brand-search,impression,0.144,0.0,True
usr-00568,jrn-01137,evt-0004177,2025-04-09 18:00:00+00:00,organic,seo-content,click,0.08,0.0,True
usr-00523,jrn-01047,evt-0003851,2025-04-09 18:00:00+00:00,display,display-retargeting,click,0.3,0.0,True
usr-00886,jrn-01773,evt-0006450,2025-04-09 18:00:00+00:00,organic,seo-content,click,0.08,0.0,False
usr-00652,jrn-01305,evt-0004771,2025-04-09 19:00:00+00:00,email,lifecycle-email,click,0.04,0.0,True
usr-00621,jrn-01243,evt-0004553,2025-04-09 20:00:00+00:00,paid_search,brand-search,impression,0.144,0.0,True
usr-00702,jrn-01404,evt-0005109,2025-04-09 20:00:00+00:00,organic,seo-content,click,0.08,0.0,True
usr-00535,jrn-01070,evt-0003935,2025-04-09 21:00:00+00:00,display,display-retargeting,impression,0.036,0.0,True
usr-00744,jrn-01488,evt-0005419,2025-04-09 21:00:00+00:00,organic,seo-content,click,0.08,0.0,True
usr-00462,jrn-00924,evt-0003421,2025-04-09 22:00:00+00:00,paid_search,brand-search,click,1.2,0.0,True
usr-00751,jrn-01502,evt-0005467,2025-04-09 23:00:00+00:00,social,social-prospecting,click,0.65,0.0,True
usr-00097,jrn-00194,evt-0000722,2025-04-10 00:00:00+00:00,affiliate,partner-network,impression,0.108,0.0,True
usr-00096,jrn-00192,evt-0000716,2025-04-10 00:00:00+00:00,affiliate,partner-network,impression,0.108,0.0,True
usr-00652,jrn-01305,evt-0004770,2025-04-10 00:00:00+00:00,affiliate,partner-network,click,0.9,0.0,True
usr-00170,jrn-00341,evt-0001266,2025-04-10 02:00:00+00:00,paid_search,brand-search,click,1.2,0.0,True
usr-00595,jrn-01190,evt-0004358,2025-04-10 02:00:00+00:00,social,social-prospecting,click,0.65,0.0,True
usr-00629,jrn-01258,evt-0004609,2025-04-10 02:00:00+00:00,email,lifecycle-email,click,0.04,0.0,True
usr-00349,jrn-00698,evt-0002595,2025-04-10 02:00:00+00:00,email,lifecycle-email,conversion,0.0,64.84,True
usr-00513,jrn-01026,evt-0003769,2025-04-10 02:00:00+00:00,affiliate,partner-network,click,0.9,0.0,True
usr-00702,jrn-01404,evt-0005112,2025-04-10 05:00:00+00:00,display,display-retargeting,click,0.3,0.0,True
usr-00702,jrn-01404,evt-0005111,2025-04-10 06:00:00+00:00,paid_search,brand-search,impression,0.144,0.0,True
usr-00096,jrn-00192,evt-0000717,2025-04-10 06:00:00+00:00,email,lifecycle-email,click,0.04,0.0,True
usr-00097,jrn-00194,evt-0000723,2025-04-10 06:00:00+00:00,paid_search,brand-search,impression,0.144,0.0,True
usr-00886,jrn-01773,evt-0006451,2025-04-10 07:00:00+00:00,affiliate,partner-network,click,0.9,0.0,True
usr-00759,jrn-01519,evt-0005525,2025-04-10 08:00:00+00:00,email,lifecycle-email,click,0.04,0.0,True
usr-00513,jrn-01026,evt-0003770,2025-04-10 08:00:00+00:00,display,display-retargeting,impression,0.036,0.0,True
usr-00841,jrn-01683,evt-0006127,2025-04-10 09:00:00+00:00,social,social-prospecting,impression,0.078,0.0,True
usr-00751,jrn-01502,evt-0005468,2025-04-10 09:00:00+00:00,display,display-retargeting,impression,0.036,0.0,True
usr-00595,jrn-01190,evt-0004357,2025-04-10 09:00:00+00:00,paid_search,brand-search,impression,0.144,0.0,True
usr-00759,jrn-01519,evt-0005527,2025-04-10 12:00:00+00:00,organic,seo-content,click,0.08,0.0,True
usr-00628,jrn-01256,evt-0004601,2025-04-10 12:00:00+00:00,paid_search,brand-search,click,1.2,0.0,True
usr-00861,jrn-01723,evt-0006272,2025-04-10 14:00:00+00:00,organic,seo-content,impression,0.0096,0.0,True
usr-00395,jrn-00791,evt-0002932,2025-04-10 14:00:00+00:00,display,display-retargeting,impression,0.036,0.0,True
usr-00628,jrn-01256,evt-0004599,2025-04-10 15:00:00+00:00,organic,seo-content,click,0.08,0.0,True
usr-00097,jrn-00194,evt-0000725,2025-04-10 15:00:00+00:00,display,display-retargeting,click,0.3,0.0,True
usr-00886,jrn-01773,evt-0006452,2025-04-10 16:00:00+00:00,email,lifecycle-email,click,0.04,0.0,True
usr-00223,jrn-00446,evt-0001647,2025-04-10 16:00:00+00:00,affiliate,partner-network,impression,0.108,0.0,True
usr-00363,jrn-00726,evt-0002685,2025-04-10 17:00:00+00:00,email,lifecycle-email,impression,0.0048,0.0,True
usr-00829,jrn-01658,evt-0006046,2025-04-10 17:00:00+00:00,social,social-prospecting,conversion,0.0,255.54,True
usr-00593,jrn-01187,evt-0004341,2025-04-10 18:00:00+00:00,affiliate,partner-network,impression,0.108,0.0,True
usr-00736,jrn-01473,evt-0005364,2025-04-10 20:00:00+00:00,display,display-retargeting,conversion,0.0,177.56,True
usr-00759,jrn-01519,evt-0005528,2025-04-10 20:00:00+00:00,social,social-prospecting,click,0.65,0.0,True
usr-00327,jrn-00655,evt-0002426,2025-04-10 20:00:00+00:00,organic,seo-content,click,0.08,0.0,True
usr-00363,jrn-00726,evt-0002686,2025-04-10 22:00:00+00:00,affiliate,partner-network,click,0.9,0.0,True
usr-00593,jrn-01187,evt-0004342,2025-04-10 22:00:00+00:00,social,social-prospecting,click,0.65,0.0,True
usr-00759,jrn-01519,evt-0005526,2025-04-10 23:00:00+00:00,social,social-prospecting,impression,0.078,0.0,True
usr-00593,jrn-01187,evt-0004344,2025-04-11 00:00:00+00:00,display,display-retargeting,impression,0.036,0.0,True
usr-00395,jrn-00791,evt-0002933,2025-04-11 01:00:00+00:00,email,lifecycle-email,click,0.04,0.0,True
usr-00327,jrn-00655,evt-0002427,2025-04-11 01:00:00+00:00,paid_search,brand-search,click,1.2,0.0,True
usr-00861,jrn-01723,evt-0006273,2025-04-11 01:00:00+00:00,social,social-prospecting,click,0.65,0.0,True
usr-00097,jrn-00194,evt-0000724,2025-04-11 02:00:00+00:00,display,display-retargeting,impression,0.036,0.0,True
usr-00070,jrn-00141,evt-0000536,2025-04-11 02:00:00+00:00,affiliate,partner-network,click,0.9,0.0,True
usr-00444,jrn-00889,evt-0003283,2025-04-11 02:00:00+00:00,display,display-retargeting,impression,0.036,0.0,True
usr-00462,jrn-00924,evt-0003422,2025-04-11 02:00:00+00:00,paid_search,brand-search,click,1.2,0.0,True
usr-00299,jrn-00599,evt-0002218,2025-04-11 03:00:00+00:00,display,display-retargeting,click,0.3,0.0,True
usr-00593,jrn-01187,evt-0004343,2025-04-11 04:00:00+00:00,display,display-retargeting,impression,0.036,0.0,True
usr-00208,jrn-00416,evt-0001527,2025-04-11 04:00:00+00:00,display,display-retargeting,click,0.3,0.0,True
usr-00851,jrn-01703,evt-0006193,2025-04-11 05:00:00+00:00,paid_search,brand-search,impression,0.144,0.0,True
usr-00535,jrn-01070,evt-0003936,2025-04-11 06:00:00+00:00,email,lifecycle-email,click,0.04,0.0,True
usr-00395,jrn-00791,evt-0002936,2025-04-11 06:00:00+00:00,affiliate,partner-network,click,0.9,0.0,True
usr-00513,jrn-01026,evt-0003771,2025-04-11 07:00:00+00:00,affiliate,partner-network,click,0.9,0.0,True
usr-00628,jrn-01256,evt-0004600,2025-04-11 11:00:00+00:00,affiliate,partner-network,click,0.9,0.0,True
usr-00070,jrn-00141,evt-0000537,2025-04-11 11:00:00+00:00,display,display-retargeting,click,0.3,0.0,True
usr-00444,jrn-00889,evt-0003285,2025-04-11 12:00:00+00:00,organic,seo-content,impression,0.0096,0.0,True
usr-00700,jrn-01401,evt-0005096,2025-04-11 12:00:00+00:00,paid_search,brand-search,click,1.2,0.0,True
usr-00497,jrn-00995,evt-0003661,2025-04-11 12:00:00+00:00,affiliate,partner-network,click,0.9,0.0,True
usr-00521,jrn-01043,evt-0003827,2025-04-11 13:00:00+00:00,social,social-prospecting,click,0.65,0.0,True
usr-00462,jrn-00924,evt-0003423,2025-04-11 13:00:00+00:00,email,lifecycle-email,impression,0.0048,0.0,True
usr-00702,jrn-01404,evt-0005110,2025-04-11 14:00:00+00:00,organic,seo-content,click,0.08,0.0,True
usr-00363,jrn-00726,evt-0002687,2025-04-11 15:00:00+00:00,social,social-prospecting,click,0.65,0.0,True
usr-00208,jrn-00416,evt-0001528,2025-04-11 15:00:00+00:00,email,lifecycle-email,click,0.04,0.0,True
usr-00444,jrn-00889,evt-0003284,2025-04-11 15:00:00+00:00,social,social-prospecting,impression,0.078,0.0,True
usr-00454,jrn-00908,evt-0003350,2025-04-11 15:00:00+00:00,organic,seo-content,impression,0.0096,0.0,True
usr-00097,jrn-00194,evt-0000726,2025-04-11 16:00:00+00:00,paid_search,brand-search,impression,0.144,0.0,True
usr-00497,jrn-00995,evt-0003662,2025-04-11 16:00:00+00:00,display,display-retargeting,click,0.3,0.0,True
usr-00454,jrn-00908,evt-0003351,2025-04-11 19:00:00+00:00,email,lifecycle-email,click,0.04,0.0,True
usr-00208,jrn-00416,evt-0001530,2025-04-11 19:00:00+00:00,paid_search,brand-search,click,1.2,0.0,True
usr-00732,jrn-01465,evt-0005320,2025-04-11 22:00:00+00:00,display,display-retargeting,impression,0.036,0.0,True
usr-00521,jrn-01043,evt-0003832,2025-04-11 23:00:00+00:00,paid_search,brand-search,impression,0.144,0.0,True
usr-00599,jrn-01198,evt-0004387,2025-04-11 23:00:00+00:00,email,lifecycle-email,impression,0.0048,0.0,True
usr-00523,jrn-01047,evt-0003854,2025-04-11 23:00:00+00:00,paid_search,brand-search,impression,0.144,0.0,True
usr-00521,jrn-01043,evt-0003828,2025-04-12 00:00:00+00:00,social,social-prospecting,impression,0.078,0.0,True
usr-00395,jrn-00791,evt-0002934,2025-04-12 00:00:00+00:00,affiliate,partner-network,click,0.9,0.0,True
usr-00576,jrn-01153,evt-0004227,2025-04-12 00:00:00+00:00,email,lifecycle-email,click,0.04,0.0,True
usr-00395,jrn-00791,evt-0002935,2025-04-12 02:00:00+00:00,organic,seo-content,click,0.08,0.0,True
usr-00208,jrn-00416,evt-0001529,2025-04-12 02:00:00+00:00,display,display-retargeting,click,0.3,0.0,True
usr-00057,jrn-00115,evt-0000434,2025-04-12 04:00:00+00:00,social,social-prospecting,click,0.65,0.0,True
usr-00070,jrn-00141,evt-0000538,2025-04-12 04:00:00+00:00,social,social-prospecting,impression,0.078,0.0,True
usr-00599,jrn-01198,evt-0004388,2025-04-12 05:00:00+00:00,affiliate,partner-network,click,0.9,0.0,True
usr-00645,jrn-01290,evt-0004725,2025-04-12 07:00:00+00:00,paid_search,brand-search,click,1.2,0.0,True
usr-00521,jrn-01043,evt-0003830,2025-04-12 07:00:00+00:00,affiliate,partner-network,impression,0.108,0.0,True
usr-00057,jrn-00115,evt-0000435,2025-04-12 08:00:00+00:00,email,lifecycle-email,click,0.04,0.0,True
usr-00363,jrn-00726,evt-0002688,2025-04-12 08:00:00+00:00,organic,seo-content,impression,0.0096,0.0,True
usr-00070,jrn-00141,evt-0000539,2025-04-12 08:00:00+00:00,paid_search,brand-search,impression,0.144,0.0,True
usr-00779,jrn-01559,evt-0005666,2025-04-12 10:00:00+00:00,affiliate,partner-network,impression,0.108,0.0,True
usr-00444,jrn-00889,evt-0003287,2025-04-12 10:00:00+00:00,paid_search,brand-search,impression,0.144,0.0,True
usr-00732,jrn-01465,evt-0005321,2025-04-12 11:00:00+00:00,paid_search,brand-search,click,1.2,0.0,True
usr-00521,jrn-01043,evt-0003829,2025-04-12 11:00:00+00:00,paid_search,brand-search,click,1.2,0.0,False
usr-00399,jrn-00799,evt-0002968,2025-04-12 12:00:00+00:00,organic,seo-content,impression,0.0096,0.0,True
usr-00826,jrn-01653,evt-0006028,2025-04-12 13:00:00+00:00,email,lifecycle-email,click,0.04,0.0,True
usr-00732,jrn-01465,evt-0005323,2025-04-12 13:00:00+00:00,social,social-prospecting,impression,0.078,0.0,True
usr-00485,jrn-00970,evt-0003577,2025-04-12 14:00:00+00:00,email,lifecycle-email,click,0.04,0.0,True
usr-00794,jrn-01588,evt-0005773,2025-04-12 15:00:00+00:00,display,display-retargeting,impression,0.036,0.0,True
usr-00170,jrn-00341,evt-0001267,2025-04-12 16:00:00+00:00,paid_search,brand-search,conversion,0.0,82.83,True
usr-00561,jrn-01123,evt-0004123,2025-04-12 17:00:00+00:00,organic,seo-content,click,0.08,0.0,True
usr-00548,jrn-01096,evt-0004034,2025-04-12 18:00:00+00:00,affiliate,partner-network,click,0.9,0.0,True
usr-00454,jrn-00908,evt-0003353,2025-04-12 18:00:00+00:00,paid_search,brand-search,impression,0.144,0.0,True
usr-00148,jrn-00297,evt-0001083,2025-04-12 18:00:00+00:00,paid_search,brand-search,click,1.2,0.0,True
usr-00794,jrn-01588,evt-0005774,2025-04-12 18:00:00+00:00,email,lifecycle-email,impression,0.0048,0.0,True
usr-00826,jrn-01653,evt-0006029,2025-04-12 19:00:00+00:00,email,lifecycle-email,click,0.04,0.0,True
usr-00593,jrn-01187,evt-0004346,2025-04-12 20:00:00+00:00,paid_search,brand-search,click,1.2,0.0,True
usr-00444,jrn-00889,evt-0003286,2025-04-12 20:00:00+00:00,email,lifecycle-email,click,0.04,0.0,True
usr-00057,jrn-00115,evt-0000438,2025-04-12 20:00:00+00:00,display,display-retargeting,impression,0.036,0.0,True
usr-00399,jrn-00799,evt-0002970,2025-04-12 20:00:00+00:00,display,display-retargeting,click,0.3,0.0,True
usr-00485,jrn-00970,evt-0003578,2025-04-12 21:00:00+00:00,organic,seo-content,click,0.08,0.0,True
usr-00363,jrn-00726,evt-0002689,2025-04-12 21:00:00+00:00,social,social-prospecting,click,0.65,0.0,True
usr-00645,jrn-01290,evt-0004726,2025-04-12 22:00:00+00:00,paid_search,brand-search,click,1.2,0.0,True
usr-00561,jrn-01123,evt-0004124,2025-04-12 22:00:00+00:00,organic,seo-content,click,0.08,0.0,True
usr-00070,jrn-00141,evt-0000540,2025-04-12 22:00:00+00:00,affiliate,partner-network,click,0.9,0.0,True
usr-00410,jrn-00821,evt-0003050,2025-04-12 22:00:00+00:00,social,social-prospecting,click,0.65,0.0,True
usr-00454,jrn-00908,evt-0003354,2025-04-12 23:00:00+00:00,display,display-retargeting,impression,0.036,0.0,True
usr-00070,jrn-00141,evt-0000541,2025-04-12 23:00:00+00:00,organic,seo-content,impression,0.0096,0.0,True
usr-00583,jrn-01167,evt-0004269,2025-04-12 23:00:00+00:00,organic,seo-content,click,0.08,0.0,True
usr-00454,jrn-00908,evt-0003352,2025-04-13 01:00:00+00:00,social,social-prospecting,click,0.65,0.0,True
usr-00410,jrn-00821,evt-0003051,2025-04-13 01:00:00+00:00,email,lifecycle-email,click,0.04,0.0,True
usr-00399,jrn-00799,evt-0002969,2025-04-13 01:00:00+00:00,display,display-retargeting,impression,0.036,0.0,True
usr-00148,jrn-00297,evt-0001084,2025-04-13 02:00:00+00:00,paid_search,brand-search,click,1.2,0.0,True
usr-00057,jrn-00115,evt-0000436,2025-04-13 02:00:00+00:00,email,lifecycle-email,impression,0.0048,0.0,True
usr-00057,jrn-00115,evt-0000437,2025-04-13 04:00:00+00:00,affiliate,partner-network,click,0.9,0.0,True
usr-00485,jrn-00970,evt-0003580,2025-04-13 05:00:00+00:00,email,lifecycle-email,click,0.04,0.0,True
usr-00548,jrn-01096,evt-0004035,2025-04-13 06:00:00+00:00,display,display-retargeting,click,0.3,0.0,True
usr-00178,jrn-00357,evt-0001318,2025-04-13 06:00:00+00:00,paid_search,brand-search,click,1.2,0.0,True
usr-00593,jrn-01187,evt-0004345,2025-04-13 06:00:00+00:00,social,social-prospecting,impression,0.078,0.0,True
usr-00732,jrn-01465,evt-0005322,2025-04-13 06:00:00+00:00,email,lifecycle-email,impression,0.0048,0.0,True
usr-00794,jrn-01588,evt-0005776,2025-04-13 06:00:00+00:00,organic,seo-content,click,0.08,0.0,True
usr-00645,jrn-01290,evt-0004727,2025-04-13 07:00:00+00:00,organic,seo-content,click,0.08,0.0,True
usr-00501,jrn-01003,evt-0003691,2025-04-13 07:00:00+00:00,display,display-retargeting,click,0.3,0.0,True
usr-00587,jrn-01175,evt-0004293,2025-04-13 08:00:00+00:00,organic,seo-content,impression,0.0096,0.0,True
usr-00693,jrn-01386,evt-0005059,2025-04-13 09:00:00+00:00,paid_search,brand-search,click,1.2,0.0,True
usr-00455,jrn-00910,evt-0003358,2025-04-13 09:00:00+00:00,email,lifecycle-email,click,0.04,0.0,True
usr-00178,jrn-00357,evt-0001319,2025-04-13 11:00:00+00:00,paid_search,brand-search,impression,0.144,0.0,True
usr-00628,jrn-01256,evt-0004602,2025-04-13 11:00:00+00:00,paid_search,brand-search,conversion,0.0,92.18,True
usr-00454,jrn-00908,evt-0003355,2025-04-13 12:00:00+00:00,display,display-retargeting,click,0.3,0.0,True
usr-00561,jrn-01123,evt-0004125,2025-04-13 13:00:00+00:00,paid_search,brand-search,impression,0.144,0.0,True
usr-00587,jrn-01175,evt-0004295,2025-04-13 14:00:00+00:00,organic,seo-content,impression,0.0096,0.0,True
usr-00485,jrn-00970,evt-0003579,2025-04-13 14:00:00+00:00,affiliate,partner-network,click,0.9,0.0,True
usr-00501,jrn-01003,evt-0003692,2025-04-13 15:00:00+00:00,paid_search,brand-search,click,1.2,0.0,True
usr-00178,jrn-00357,evt-0001321,2025-04-13 15:00:00+00:00,display,display-retargeting,impression,0.036,0.0,True
usr-00587,jrn-01175,evt-0004294,2025-04-13 19:00:00+00:00,paid_search,brand-search,click,1.2,0.0,False
usr-00561,jrn-01123,evt-0004126,2025-04-13 20:00:00+00:00,organic,seo-content,click,0.08,0.0,True
usr-00410,jrn-00821,evt-0003052,2025-04-13 22:00:00+00:00,organic,seo-content,click,0.08,0.0,True
usr-00178,jrn-00357,evt-0001322,2025-04-13 22:00:00+00:00,social,social-prospecting,click,0.65,0.0,True
usr-00794,jrn-01588,evt-0005775,2025-04-13 23:00:00+00:00,paid_search,brand-search,impression,0.144,0.0,True
usr-00455,jrn-00910,evt-0003359,2025-04-14 00:00:00+00:00,paid_search,brand-search,click,1.2,0.0,True
usr-00820,jrn-01641,evt-0005982,2025-04-14 01:00:00+00:00,email,lifecycle-email,click,0.04,0.0,True
usr-00057,jrn-00115,evt-0000439,2025-04-14 01:00:00+00:00,organic,seo-content,click,0.08,0.0,True
usr-00429,jrn-00858,evt-0003178,2025-04-14 02:00:00+00:00,paid_search,brand-search,impression,0.144,0.0,True
usr-00097,jrn-00194,evt-0000727,2025-04-14 03:00:00+00:00,paid_search,brand-search,conversion,0.0,152.29,True
usr-00509,jrn-01019,evt-0003740,2025-04-14 04:00:00+00:00,organic,seo-content,impression,0.0096,0.0,False
usr-00521,jrn-01043,evt-0003831,2025-04-14 05:00:00+00:00,paid_search,brand-search,impression,0.144,0.0,True
usr-00732,jrn-01465,evt-0005324,2025-04-14 06:00:00+00:00,social,social-prospecting,click,0.65,0.0,True
usr-00178,jrn-00357,evt-0001320,2025-04-14 06:00:00+00:00,display,display-retargeting,impression,0.036,0.0,True
usr-00435,jrn-00871,evt-0003226,2025-04-14 07:00:00+00:00,display,display-retargeting,impression,0.036,0.0,True
usr-00501,jrn-01003,evt-0003693,2025-04-14 07:00:00+00:00,display,display-retargeting,impression,0.036,0.0,True
usr-00030,jrn-00061,evt-0000236,2025-04-14 10:00:00+00:00,organic,seo-content,click,0.08,0.0,True
usr-00429,jrn-00858,evt-0003179,2025-04-14 11:00:00+00:00,affiliate,partner-network,impression,0.108,0.0,True
usr-00820,jrn-01641,evt-0005983,2025-04-14 13:00:00+00:00,paid_search,brand-search,impression,0.144,0.0,True
usr-00410,jrn-00821,evt-0003053,2025-04-14 13:00:00+00:00,social,social-prospecting,click,0.65,0.0,True
usr-00429,jrn-00858,evt-0003180,2025-04-14 14:00:00+00:00,paid_search,brand-search,click,1.2,0.0,True
usr-00794,jrn-01589,evt-0005777,2025-04-14 15:00:00+00:00,organic,seo-content,click,0.08,0.0,True
usr-00455,jrn-00910,evt-0003360,2025-04-14 15:00:00+00:00,email,lifecycle-email,click,0.04,0.0,True
usr-00509,jrn-01019,evt-0003741,2025-04-14 16:00:00+00:00,display,display-retargeting,impression,0.036,0.0,True
usr-00435,jrn-00871,evt-0003227,2025-04-14 16:00:00+00:00,display,display-retargeting,click,0.3,0.0,True
usr-00615,jrn-01230,evt-0004504,2025-04-14 16:00:00+00:00,paid_search,brand-search,impression,0.144,0.0,True
usr-00152,jrn-00305,evt-0001109,2025-04-14 18:00:00+00:00,social,social-prospecting,impression,0.078,0.0,True
usr-00363,jrn-00726,evt-0002690,2025-04-14 18:00:00+00:00,social,social-prospecting,conversion,0.0,41.7,True
usr-00615,jrn-01230,evt-0004505,2025-04-14 18:00:00+00:00,paid_search,brand-search,impression,0.144,0.0,True
usr-00670,jrn-01340,evt-0004882,2025-04-14 20:00:00+00:00,organic,seo-content,click,0.08,0.0,True
usr-00319,jrn-00638,evt-0002376,2025-04-14 20:00:00+00:00,organic,seo-content,click,0.08,0.0,True
usr-00794,jrn-01589,evt-0005779,2025-04-14 21:00:00+00:00,display,display-retargeting,click,0.3,0.0,True
usr-00485,jrn-00970,evt-0003582,2025-04-14 21:00:00+00:00,organic,seo-content,click,0.08,0.0,True
usr-00435,jrn-00871,evt-0003229,2025-04-14 22:00:00+00:00,paid_search,brand-search,click,1.2,0.0,True
usr-00794,jrn-01589,evt-0005778,2025-04-14 23:00:00+00:00,social,social-prospecting,impression,0.078,0.0,True
usr-00827,jrn-01655,evt-0006036,2025-04-14 23:00:00+00:00,display,display-retargeting,impression,0.036,0.0,True
usr-00670,jrn-01340,evt-0004884,2025-04-15 00:00:00+00:00,affiliate,partner-network,click,0.9,0.0,True
usr-00827,jrn-01655,evt-0006037,2025-04-15 01:00:00+00:00,paid_search,brand-search,click,1.2,0.0,True
usr-00670,jrn-01340,evt-0004883,2025-04-15 01:00:00+00:00,organic,seo-content,impression,0.0096,0.0,True
usr-00561,jrn-01123,evt-0004127,2025-04-15 01:00:00+00:00,email,lifecycle-email,click,0.04,0.0,True
usr-00485,jrn-00970,evt-0003581,2025-04-15 02:00:00+00:00,affiliate,partner-network,impression,0.108,0.0,True
usr-00615,jrn-01230,evt-0004506,2025-04-15 02:00:00+00:00,paid_search,brand-search,click,1.2,0.0,True
usr-00723,jrn-01447,evt-0005257,2025-04-15 02:00:00+00:00,email,lifecycle-email,impression,0.0048,0.0,True
usr-00827,jrn-01655,evt-0006038,2025-04-15 05:00:00+00:00,social,social-prospecting,click,0.65,0.0,True
usr-00402,jrn-00804,evt-0002986,2025-04-15 06:00:00+00:00,display,display-retargeting,impression,0.036,0.0,True
usr-00319,jrn-00638,evt-0002377,2025-04-15 06:00:00+00:00,paid_search,brand-search,impression,0.144,0.0,True
usr-00143,jrn-00287,evt-0001050,2025-04-15 06:00:00+00:00,affiliate,partner-network,click,0.9,0.0,True
usr-00618,jrn-01236,evt-0004524,2025-04-15 07:00:00+00:00,display,display-retargeting,impression,0.036,0.0,True
usr-00131,jrn-00263,evt-0000965,2025-04-15 09:00:00+00:00,email,lifecycle-email,impression,0.0048,0.0,True
usr-00435,jrn-00871,evt-0003228,2025-04-15 09:00:00+00:00,organic,seo-content,impression,0.0096,0.0,True
usr-00152,jrn-00305,evt-0001110,2025-04-15 10:00:00+00:00,affiliate,partner-network,impression,0.108,0.0,True
usr-00253,jrn-00506,evt-0001876,2025-04-15 10:00:00+00:00,organic,seo-content,click,0.08,0.0,True
usr-00618,jrn-01236,evt-0004526,2025-04-15 11:00:00+00:00,organic,seo-content,click,0.08,0.0,True
usr-00820,jrn-01641,evt-0005984,2025-04-15 11:00:00+00:00,affiliate,partner-network,click,0.9,0.0,True
usr-00587,jrn-01175,evt-0004296,2025-04-15 11:00:00+00:00,email,lifecycle-email,click,0.04,0.0,True
usr-00618,jrn-01236,evt-0004525,2025-04-15 12:00:00+00:00,display,display-retargeting,impression,0.036,0.0,True
usr-00280,jrn-00560,evt-0002077,2025-04-15 15:00:00+00:00,display,display-retargeting,click,0.3,0.0,True
usr-00322,jrn-00644,evt-0002393,2025-04-15 15:00:00+00:00,display,display-retargeting,click,0.3,0.0,True
usr-00723,jrn-01447,evt-0005258,2025-04-15 16:00:00+00:00,organic,seo-content,impression,0.0096,0.0,True
usr-00267,jrn-00534,evt-0001988,2025-04-15 17:00:00+00:00,display,display-retargeting,click,0.3,0.0,True
usr-00143,jrn-00287,evt-0001051,2025-04-15 17:00:00+00:00,affiliate,partner-network,click,0.9,0.0,True
usr-00538,jrn-01077,evt-0003958,2025-04-15 21:00:00+00:00,organic,seo-content,impression,0.0096,0.0,True
usr-00455,jrn-00910,evt-0003361,2025-04-15 23:00:00+00:00,email,lifecycle-email,conversion,0.0,53.44,True
usr-00402,jrn-00804,evt-0002987,2025-04-15 23:00:00+00:00,organic,seo-content,impression,0.0096,0.0,True
usr-00738,jrn-01476,evt-0005372,2025-04-15 23:00:00+00:00,organic,seo-content,impression,0.0096,0.0,True
usr-00429,jrn-00858,evt-0003181,2025-04-15 23:00:00+00:00,affiliate,partner-network,impression,0.108,0.0,True
usr-00396,jrn-00793,evt-0002941,2025-04-16 00:00:00+00:00,display,display-retargeting,click,0.3,0.0,True
usr-00899,jrn-01799,evt-0006542,2025-04-16 01:00:00+00:00,affiliate,partner-network,impression,0.108,0.0,True
usr-00267,jrn-00534,evt-0001992,2025-04-16 01:00:00+00:00,social,social-prospecting,impression,0.078,0.0,True
usr-00253,jrn-00506,evt-0001877,2025-04-16 02:00:00+00:00,affiliate,partner-network,impression,0.108,0.0,True
usr-00538,jrn-01077,evt-0003959,2025-04-16 02:00:00+00:00,social,social-prospecting,impression,0.078,0.0,True
usr-00152,jrn-00305,evt-0001111,2025-04-16 02:00:00+00:00,display,display-retargeting,click,0.3,0.0,True
usr-00322,jrn-00644,evt-0002395,2025-04-16 03:00:00+00:00,email,lifecycle-email,click,0.04,0.0,True
usr-00504,jrn-01009,evt-0003709,2025-04-16 03:00:00+00:00,display,display-retargeting,click,0.3,0.0,False
usr-00618,jrn-01236,evt-0004527,2025-04-16 04:00:00+00:00,paid_search,brand-search,click,1.2,0.0,True
usr-00402,jrn-00804,evt-0002988,2025-04-16 04:00:00+00:00,social,social-prospecting,click,0.65,0.0,True
usr-00319,jrn-00638,evt-0002378,2025-04-16 04:00:00+00:00,email,lifecycle-email,impression,0.0048,0.0,True
usr-00322,jrn-00644,evt-0002396,2025-04-16 06:00:00+00:00,paid_search,brand-search,impression,0.144,0.0,True
usr-00396,jrn-00793,evt-0002942,2025-04-16 06:00:00+00:00,paid_search,brand-search,click,1.2,0.0,True
usr-00322,jrn-00644,evt-0002394,2025-04-16 06:00:00+00:00,organic,seo-content,impression,0.0096,0.0,False
usr-00794,jrn-01589,evt-0005781,2025-04-16 07:00:00+00:00,affiliate,partner-network,click,0.9,0.0,True
usr-00253,jrn-00506,evt-0001879,2025-04-16 07:00:00+00:00,paid_search,brand-search,click,1.2,0.0,True
usr-00267,jrn-00534,evt-0001989,2025-04-16 07:00:00+00:00,organic,seo-content,click,0.08,0.0,True
usr-00504,jrn-01009,evt-0003710,2025-04-16 09:00:00+00:00,social,social-prospecting,impression,0.078,0.0,True
usr-00129,jrn-00258,evt-0000951,2025-04-16 10:00:00+00:00,display,display-retargeting,click,0.3,0.0,True
usr-00223,jrn-00447,evt-0001648,2025-04-16 10:00:00+00:00,affiliate,partner-network,click,0.9,0.0,True
usr-00681,jrn-01363,evt-0004973,2025-04-16 11:00:00+00:00,organic,seo-content,click,0.08,0.0,True
usr-00355,jrn-00710,evt-0002633,2025-04-16 12:00:00+00:00,social,social-prospecting,click,0.65,0.0,True
usr-00143,jrn-00287,evt-0001052,2025-04-16 12:00:00+00:00,affiliate,partner-network,impression,0.108,0.0,True
usr-00707,jrn-01415,evt-0005149,2025-04-16 13:00:00+00:00,paid_search,brand-search,click,1.2,0.0,True
usr-00538,jrn-01077,evt-0003962,2025-04-16 13:00:00+00:00,email,lifecycle-email,click,0.04,0.0,True
usr-00060,jrn-00121,evt-0000460,2025-04-16 14:00:00+00:00,email,lifecycle-email,click,0.04,0.0,True
usr-00794,jrn-01589,evt-0005780,2025-04-16 15:00:00+00:00,email,lifecycle-email,impression,0.0048,0.0,True
usr-00738,jrn-01476,evt-0005373,2025-04-16 16:00:00+00:00,social,social-prospecting,impression,0.078,0.0,True
usr-00355,jrn-00710,evt-0002634,2025-04-16 17:00:00+00:00,affiliate,partner-network,impression,0.108,0.0,True
usr-00024,jrn-00048,evt-0000186,2025-04-16 17:00:00+00:00,social,social-prospecting,click,0.65,0.0,True
usr-00429,jrn-00858,evt-0003182,2025-04-16 18:00:00+00:00,organic,seo-content,impression,0.0096,0.0,True
usr-00253,jrn-00506,evt-0001880,2025-04-16 18:00:00+00:00,paid_search,brand-search,click,1.2,0.0,True
usr-00060,jrn-00121,evt-0000461,2025-04-16 19:00:00+00:00,organic,seo-content,click,0.08,0.0,True
usr-00253,jrn-00506,evt-0001878,2025-04-16 20:00:00+00:00,social,social-prospecting,impression,0.078,0.0,True
usr-00223,jrn-00447,evt-0001649,2025-04-16 20:00:00+00:00,email,lifecycle-email,click,0.04,0.0,True
usr-00261,jrn-00523,evt-0001950,2025-04-16 20:00:00+00:00,social,social-prospecting,click,0.65,0.0,True
usr-00681,jrn-01363,evt-0004975,2025-04-16 21:00:00+00:00,display,display-retargeting,click,0.3,0.0,True
usr-00538,jrn-01077,evt-0003960,2025-04-16 21:00:00+00:00,display,display-retargeting,click,0.3,0.0,True
usr-00711,jrn-01423,evt-0005173,2025-04-16 21:00:00+00:00,display,display-retargeting,click,0.3,0.0,True
usr-00054,jrn-00108,evt-0000408,2025-04-16 21:00:00+00:00,email,lifecycle-email,impression,0.0048,0.0,True
usr-00129,jrn-00258,evt-0000952,2025-04-16 22:00:00+00:00,organic,seo-content,impression,0.0096,0.0,True
usr-00396,jrn-00793,evt-0002943,2025-04-16 22:00:00+00:00,social,social-prospecting,click,0.65,0.0,True
usr-00143,jrn-00287,evt-0001054,2025-04-16 22:00:00+00:00,social,social-prospecting,click,0.65,0.0,True
usr-00267,jrn-00534,evt-0001990,2025-04-16 23:00:00+00:00,display,display-retargeting,impression,0.036,0.0,True
usr-00054,jrn-00108,evt-0000409,2025-04-16 23:00:00+00:00,display,display-retargeting,click,0.3,0.0,True
usr-00143,jrn-00287,evt-0001053,2025-04-17 00:00:00+00:00,organic,seo-content,click,0.08,0.0,True
usr-00034,jrn-00068,evt-0000265,2025-04-17 00:00:00+00:00,paid_search,brand-search,click,1.2,0.0,True
usr-00770,jrn-01540,evt-0005594,2025-04-17 01:00:00+00:00,paid_search,brand-search,impression,0.144,0.0,True
usr-00681,jrn-01363,evt-0004974,2025-04-17 01:00:00+00:00,paid_search,brand-search,click,1.2,0.0,True
usr-00711,jrn-01423,evt-0005175,2025-04-17 01:00:00+00:00,paid_search,brand-search,click,1.2,0.0,True
usr-00504,jrn-01009,evt-0003711,2025-04-17 01:00:00+00:00,email,lifecycle-email,impression,0.0048,0.0,True
usr-00827,jrn-01655,evt-0006039,2025-04-17 02:00:00+00:00,email,lifecycle-email,click,0.04,0.0,True
usr-00322,jrn-00644,evt-0002398,2025-04-17 02:00:00+00:00,organic,seo-content,impression,0.0096,0.0,True
usr-00538,jrn-01077,evt-0003961,2025-04-17 03:00:00+00:00,affiliate,partner-network,click,0.9,0.0,True
usr-00129,jrn-00258,evt-0000953,2025-04-17 04:00:00+00:00,display,display-retargeting,click,0.3,0.0,True
usr-00711,jrn-01423,evt-0005174,2025-04-17 07:00:00+00:00,social,social-prospecting,impression,0.078,0.0,True
usr-00261,jrn-00523,evt-0001951,2025-04-17 08:00:00+00:00,email,lifecycle-email,click,0.04,0.0,True
usr-00024,jrn-00048,evt-0000187,2025-04-17 08:00:00+00:00,email,lifecycle-email,impression,0.0048,0.0,True
usr-00223,jrn-00447,evt-0001650,2025-04-17 08:00:00+00:00,affiliate,partner-network,impression,0.108,0.0,True
usr-00396,jrn-00793,evt-0002945,2025-04-17 08:00:00+00:00,affiliate,partner-network,click,0.9,0.0,True
usr-00021,jrn-00043,evt-0000165,2025-04-17 11:00:00+00:00,affiliate,partner-network,click,0.9,0.0,True
usr-00351,jrn-00702,evt-0002605,2025-04-17 11:00:00+00:00,organic,seo-content,click,0.08,0.0,True
usr-00504,jrn-01009,evt-0003713,2025-04-17 11:00:00+00:00,affiliate,partner-network,click,0.9,0.0,True
usr-00216,jrn-00432,evt-0001588,2025-04-17 12:00:00+00:00,display,display-retargeting,click,0.3,0.0,True
usr-00024,jrn-00048,evt-0000188,2025-04-17 13:00:00+00:00,display,display-retargeting,click,0.3,0.0,True
usr-00794,jrn-01589,evt-0005782,2025-04-17 13:00:00+00:00,email,lifecycle-email,impression,0.0048,0.0,True
usr-00395,jrn-00790,evt-0002930,2025-04-17 13:00:00+00:00,organic,seo-content,impression,0.0096,0.0,True
usr-00087,jrn-00174,evt-0000658,2025-04-17 14:00:00+00:00,display,display-retargeting,impression,0.036,0.0,True
usr-00117,jrn-00234,evt-0000868,2025-04-17 15:00:00+00:00,affiliate,partner-network,click,0.9,0.0,True
usr-00351,jrn-00702,evt-0002606,2025-04-17 16:00:00+00:00,organic,seo-content,impression,0.0096,0.0,True
usr-00395,jrn-00790,evt-0002931,2025-04-17 16:00:00+00:00,email,lifecycle-email,click,0.04,0.0,True
usr-00261,jrn-00523,evt-0001953,2025-04-17 17:00:00+00:00,email,lifecycle-email,click,0.04,0.0,True
usr-00267,jrn-00534,evt-0001991,2025-04-17 17:00:00+00:00,organic,seo-content,impression,0.0096,0.0,True
usr-00351,jrn-00702,evt-0002608,2025-04-17 17:00:00+00:00,organic,seo-content,impression,0.0096,0.0,True
usr-00396,jrn-00793,evt-0002944,2025-04-17 18:00:00+00:00,email,lifecycle-email,click,0.04,0.0,True
usr-00021,jrn-00043,evt-0000166,2025-04-17 18:00:00+00:00,social,social-prospecting,click,0.65,0.0,True
usr-00101,jrn-00203,evt-0000765,2025-04-17 18:00:00+00:00,affiliate,partner-network,click,0.9,0.0,True
usr-00322,jrn-00644,evt-0002397,2025-04-17 19:00:00+00:00,paid_search,brand-search,impression,0.144,0.0,True
usr-00216,jrn-00432,evt-0001592,2025-04-17 20:00:00+00:00,affiliate,partner-network,click,0.9,0.0,True
usr-00060,jrn-00121,evt-0000462,2025-04-17 20:00:00+00:00,paid_search,brand-search,click,1.2,0.0,True
usr-00834,jrn-01669,evt-0006078,2025-04-17 22:00:00+00:00,paid_search,brand-search,click,1.2,0.0,True
usr-00129,jrn-00258,evt-0000954,2025-04-17 22:00:00+00:00,social,social-prospecting,impression,0.078,0.0,True
usr-00216,jrn-00432,evt-0001589,2025-04-17 22:00:00+00:00,display,display-retargeting,impression,0.036,0.0,True
usr-00519,jrn-01039,evt-0003818,2025-04-17 23:00:00+00:00,social,social-prospecting,click,0.65,0.0,True
usr-00261,jrn-00523,evt-0001952,2025-04-18 00:00:00+00:00,email,lifecycle-email,impression,0.0048,0.0,True
usr-00216,jrn-00432,evt-0001591,2025-04-18 00:00:00+00:00,affiliate,partner-network,impression,0.108,0.0,True
usr-00267,jrn-00534,evt-0001993,2025-04-18 00:00:00+00:00,paid_search,brand-search,click,1.2,0.0,True
usr-00223,jrn-00447,evt-0001651,2025-04-18 01:00:00+00:00,affiliate,partner-network,impression,0.108,0.0,True
usr-00060,jrn-00121,evt-0000465,2025-04-18 01:00:00+00:00,affiliate,partner-network,click,0.9,0.0,True
usr-00087,jrn-00174,evt-0000659,2025-04-18 02:00:00+00:00,paid_search,brand-search,impression,0.144,0.0,True
usr-00804,jrn-01609,evt-0005859,2025-04-18 02:00:00+00:00,display,display-retargeting,click,0.3,0.0,True
usr-00504,jrn-01009,evt-0003712,2025-04-18 03:00:00+00:00,affiliate,partner-network,impression,0.108,0.0,True
usr-00054,jrn-00108,evt-0000410,2025-04-18 03:00:00+00:00,affiliate,partner-network,click,0.9,0.0,True
usr-00259,jrn-00518,evt-0001928,2025-04-18 03:00:00+00:00,paid_search,brand-search,click,1.2,0.0,True
usr-00021,jrn-00043,evt-0000167,2025-04-18 03:00:00+00:00,affiliate,partner-network,click,0.9,0.0,True
usr-00711,jrn-01423,evt-0005176,2025-04-18 03:00:00+00:00,display,display-retargeting,click,0.3,0.0,True
usr-00519,jrn-01039,evt-0003820,2025-04-18 03:00:00+00:00,affiliate,partner-network,impression,0.108,0.0,True
usr-00505,jrn-01010,evt-0003714,2025-04-18 04:00:00+00:00,social,social-prospecting,impression,0.078,0.0,True
usr-00087,jrn-00174,evt-0000660,2025-04-18 04:00:00+00:00,affiliate,partner-network,click,0.9,0.0,True
usr-00117,jrn-00234,evt-0000869,2025-04-18 04:00:00+00:00,affiliate,partner-network,click,0.9,0.0,True
usr-00679,jrn-01358,evt-0004955,2025-04-18 06:00:00+00:00,organic,seo-content,impression,0.0096,0.0,True
usr-00054,jrn-00108,evt-0000411,2025-04-18 06:00:00+00:00,email,lifecycle-email,click,0.04,0.0,True
usr-00223,jrn-00447,evt-0001652,2025-04-18 06:00:00+00:00,display,display-retargeting,impression,0.036,0.0,True
usr-00253,jrn-00506,evt-0001881,2025-04-18 08:00:00+00:00,display,display-retargeting,click,0.3,0.0,True
usr-00101,jrn-00203,evt-0000766,2025-04-18 08:00:00+00:00,email,lifecycle-email,click,0.04,0.0,True
usr-00519,jrn-01039,evt-0003819,2025-04-18 08:00:00+00:00,paid_search,brand-search,impression,0.144,0.0,True
usr-00804,jrn-01609,evt-0005862,2025-04-18 08:00:00+00:00,social,social-prospecting,click,0.65,0.0,True
usr-00505,jrn-01010,evt-0003715,2025-04-18 08:00:00+00:00,organic,seo-content,impression,0.0096,0.0,True
usr-00042,jrn-00084,evt-0000315,2025-04-18 09:00:00+00:00,paid_search,brand-search,impression,0.144,0.0,True
usr-00351,jrn-00702,evt-0002607,2025-04-18 09:00:00+00:00,email,lifecycle-email,impression,0.0048,0.0,True
usr-00119,jrn-00239,evt-0000890,2025-04-18 10:00:00+00:00,paid_search,brand-search,click,1.2,0.0,True
usr-00309,jrn-00618,evt-0002293,2025-04-18 10:00:00+00:00,paid_search,brand-search,impression,0.144,0.0,False
usr-00804,jrn-01609,evt-0005861,2025-04-18 10:00:00+00:00,social,social-prospecting,click,0.65,0.0,True
usr-00005,jrn-00010,evt-0000042,2025-04-18 10:00:00+00:00,organic,seo-content,click,0.08,0.0,True
usr-00259,jrn-00518,evt-0001929,2025-04-18 11:00:00+00:00,paid_search,brand-search,impression,0.144,0.0,True
usr-00117,jrn-00234,evt-0000871,2025-04-18 12:00:00+00:00,affiliate,partner-network,click,0.9,0.0,True
usr-00679,jrn-01358,evt-0004957,2025-04-18 12:00:00+00:00,paid_search,brand-search,click,1.2,0.0,True
usr-00396,jrn-00793,evt-0002946,2025-04-18 12:00:00+00:00,paid_search,brand-search,click,1.2,0.0,True
usr-00309,jrn-00618,evt-0002294,2025-04-18 13:00:00+00:00,paid_search,brand-search,click,1.2,0.0,True
usr-00060,jrn-00121,evt-0000463,2025-04-18 14:00:00+00:00,organic,seo-content,click,0.08,0.0,True
usr-00681,jrn-01363,evt-0004976,2025-04-18 14:00:00+00:00,organic,seo-content,click,0.08,0.0,True
usr-00005,jrn-00010,evt-0000043,2025-04-18 15:00:00+00:00,display,display-retargeting,click,0.3,0.0,True
usr-00834,jrn-01669,evt-0006079,2025-04-18 15:00:00+00:00,paid_search,brand-search,impression,0.144,0.0,True
usr-00804,jrn-01609,evt-0005860,2025-04-18 16:00:00+00:00,email,lifecycle-email,click,0.04,0.0,True
usr-00361,jrn-00723,evt-0002670,2025-04-18 17:00:00+00:00,organic,seo-content,click,0.08,0.0,True
usr-00060,jrn-00121,evt-0000464,2025-04-18 18:00:00+00:00,social,social-prospecting,click,0.65,0.0,True
usr-00679,jrn-01358,evt-0004956,2025-04-18 19:00:00+00:00,organic,seo-content,impression,0.0096,0.0,True
usr-00119,jrn-00239,evt-0000891,2025-04-18 19:00:00+00:00,display,display-retargeting,click,0.3,0.0,True
usr-00100,jrn-00200,evt-0000751,2025-04-18 19:00:00+00:00,social,social-prospecting,impression,0.078,0.0,True
usr-00881,jrn-01763,evt-0006409,2025-04-18 20:00:00+00:00,organic,seo-content,impression,0.0096,0.0,True
usr-00216,jrn-00432,evt-0001590,2025-04-18 20:00:00+00:00,affiliate,partner-network,click,0.9,0.0,True
usr-00024,jrn-00048,evt-0000189,2025-04-18 20:00:00+00:00,display,display-retargeting,impression,0.036,0.0,True
usr-00005,jrn-00010,evt-0000046,2025-04-18 22:00:00+00:00,organic,seo-content,click,0.08,0.0,True
usr-00117,jrn-00234,evt-0000870,2025-04-18 23:00:00+00:00,social,social-prospecting,click,0.65,0.0,True
usr-00563,jrn-01126,evt-0004131,2025-04-18 23:00:00+00:00,display,display-retargeting,click,0.3,0.0,False
usr-00259,jrn-00518,evt-0001931,2025-04-19 00:00:00+00:00,paid_search,brand-search,click,1.2,0.0,True
usr-00810,jrn-01621,evt-0005903,2025-04-19 00:00:00+00:00,affiliate,partner-network,click,0.9,0.0,True
usr-00361,jrn-00723,evt-0002671,2025-04-19 00:00:00+00:00,paid_search,brand-search,click,1.2,0.0,True
usr-00309,jrn-00618,evt-0002295,2025-04-19 00:00:00+00:00,organic,seo-content,impression,0.0096,0.0,True
usr-00100,jrn-00200,evt-0000753,2025-04-19 01:00:00+00:00,email,lifecycle-email,click,0.04,0.0,True
usr-00711,jrn-01423,evt-0005177,2025-04-19 01:00:00+00:00,email,lifecycle-email,click,0.04,0.0,True
usr-00212,jrn-00425,evt-0001564,2025-04-19 02:00:00+00:00,social,social-prospecting,click,0.65,0.0,True
usr-00810,jrn-01621,evt-0005904,2025-04-19 02:00:00+00:00,paid_search,brand-search,click,1.2,0.0,True
usr-00519,jrn-01039,evt-0003821,2025-04-19 02:00:00+00:00,display,display-retargeting,impression,0.036,0.0,True
usr-00101,jrn-00203,evt-0000767,2025-04-19 02:00:00+00:00,email,lifecycle-email,impression,0.0048,0.0,True
usr-00117,jrn-00234,evt-0000873,2025-04-19 02:00:00+00:00,organic,seo-content,impression,0.0096,0.0,True
usr-00361,jrn-00723,evt-0002672,2025-04-19 03:00:00+00:00,affiliate,partner-network,impression,0.108,0.0,True
usr-00259,jrn-00518,evt-0001930,2025-04-19 03:00:00+00:00,affiliate,partner-network,click,0.9,0.0,True
usr-00309,jrn-00618,evt-0002296,2025-04-19 04:00:00+00:00,paid_search,brand-search,click,1.2,0.0,True
usr-00261,jrn-00523,evt-0001954,2025-04-19 04:00:00+00:00,email,lifecycle-email,click,0.04,0.0,True
usr-00100,jrn-00200,evt-0000752,2025-04-19 05:00:00+00:00,email,lifecycle-email,click,0.04,0.0,True
usr-00119,jrn-00239,evt-0000892,2025-04-19 06:00:00+00:00,social,social-prospecting,click,0.65,0.0,True
usr-00881,jrn-01763,evt-0006410,2025-04-19 06:00:00+00:00,organic,seo-content,click,0.08,0.0,True
usr-00117,jrn-00234,evt-0000872,2025-04-19 07:00:00+00:00,display,display-retargeting,impression,0.036,0.0,True
usr-00505,jrn-01010,evt-0003716,2025-04-19 08:00:00+00:00,display,display-retargeting,click,0.3,0.0,True
usr-00021,jrn-00043,evt-0000168,2025-04-19 08:00:00+00:00,paid_search,brand-search,click,1.2,0.0,True
usr-00361,jrn-00723,evt-0002675,2025-04-19 08:00:00+00:00,email,lifecycle-email,impression,0.0048,0.0,True
usr-00242,jrn-00485,evt-0001797,2025-04-19 09:00:00+00:00,social,social-prospecting,click,0.65,0.0,True
usr-00005,jrn-00010,evt-0000044,2025-04-19 12:00:00+00:00,paid_search,brand-search,impression,0.144,0.0,True
usr-00273,jrn-00546,evt-0002028,2025-04-19 13:00:00+00:00,display,display-retargeting,impression,0.036,0.0,True
usr-00242,jrn-00485,evt-0001798,2025-04-19 13:00:00+00:00,display,display-retargeting,impression,0.036,0.0,True
usr-00054,jrn-00108,evt-0000413,2025-04-19 14:00:00+00:00,affiliate,partner-network,impression,0.108,0.0,True
usr-00804,jrn-01609,evt-0005863,2025-04-19 14:00:00+00:00,email,lifecycle-email,impression,0.0048,0.0,True
usr-00107,jrn-00214,evt-0000804,2025-04-19 15:00:00+00:00,social,social-prospecting,impression,0.078,0.0,True
usr-00679,jrn-01358,evt-0004958,2025-04-19 15:00:00+00:00,social,social-prospecting,click,0.65,0.0,True
usr-00005,jrn-00010,evt-0000045,2025-04-19 16:00:00+00:00,display,display-retargeting,click,0.3,0.0,True
usr-00260,jrn-00520,evt-0001939,2025-04-19 17:00:00+00:00,affiliate,partner-network,impression,0.108,0.0,True
usr-00212,jrn-00425,evt-0001565,2025-04-19 17:00:00+00:00,social,social-prospecting,click,0.65,0.0,True
usr-00054,jrn-00108,evt-0000412,2025-04-19 17:00:00+00:00,paid_search,brand-search,impression,0.144,0.0,True
usr-00261,jrn-00523,evt-0001955,2025-04-19 18:00:00+00:00,email,lifecycle-email,click,0.04,0.0,True
usr-00223,jrn-00447,evt-0001653,2025-04-19 18:00:00+00:00,affiliate,partner-network,impression,0.108,0.0,True
usr-00351,jrn-00702,evt-0002609,2025-04-19 19:00:00+00:00,affiliate,partner-network,impression,0.108,0.0,True
usr-00889,jrn-01779,evt-0006470,2025-04-19 19:00:00+00:00,email,lifecycle-email,impression,0.0048,0.0,True
usr-00107,jrn-00214,evt-0000805,2025-04-19 20:00:00+00:00,paid_search,brand-search,click,1.2,0.0,True
usr-00309,jrn-00618,evt-0002297,2025-04-19 22:00:00+00:00,organic,seo-content,impression,0.0096,0.0,True
usr-00260,jrn-00520,evt-0001940,2025-04-19 22:00:00+00:00,paid_search,brand-search,click,1.2,0.0,True
usr-00259,jrn-00518,evt-0001932,2025-04-19 23:00:00+00:00,social,social-prospecting,click,0.65,0.0,True
usr-00100,jrn-00200,evt-0000754,2025-04-20 01:00:00+00:00,display,display-retargeting,click,0.3,0.0,True
usr-00260,jrn-00520,evt-0001941,2025-04-20 01:00:00+00:00,affiliate,partner-network,click,0.9,0.0,True
usr-00361,jrn-00723,evt-0002674,2025-04-20 01:00:00+00:00,paid_search,brand-search,click,1.2,0.0,True
usr-00273,jrn-00546,evt-0002029,2025-04-20 01:00:00+00:00,social,social-prospecting,click,0.65,0.0,True
usr-00212,jrn-00425,evt-0001566,2025-04-20 02:00:00+00:00,email,lifecycle-email,impression,0.0048,0.0,True
usr-00242,jrn-00485,evt-0001800,2025-04-20 03:00:00+00:00,paid_search,brand-search,click,1.2,0.0,True
usr-00333,jrn-00667,evt-0002468,2025-04-20 06:00:00+00:00,paid_search,brand-search,click,1.2,0.0,True
usr-00889,jrn-01779,evt-0006472,2025-04-20 07:00:00+00:00,organic,seo-content,impression,0.0096,0.0,True
usr-00256,jrn-00512,evt-0001902,2025-04-20 08:00:00+00:00,email,lifecycle-email,impression,0.0048,0.0,True
usr-00804,jrn-01609,evt-0005864,2025-04-20 09:00:00+00:00,email,lifecycle-email,impression,0.0048,0.0,True
usr-00889,jrn-01779,evt-0006471,2025-04-20 09:00:00+00:00,affiliate,partner-network,impression,0.108,0.0,True
usr-00295,jrn-00591,evt-0002178,2025-04-20 10:00:00+00:00,display,display-retargeting,click,0.3,0.0,True
usr-00242,jrn-00485,evt-0001799,2025-04-20 11:00:00+00:00,display,display-retargeting,impression,0.036,0.0,True
usr-00889,jrn-01779,evt-0006474,2025-04-20 11:00:00+00:00,affiliate,partner-network,click,0.9,0.0,True
usr-00333,jrn-00667,evt-0002469,2025-04-20 12:00:00+00:00,organic,seo-content,click,0.08,0.0,False
usr-00256,jrn-00512,evt-0001904,2025-04-20 12:00:00+00:00,social,social-prospecting,click,0.65,0.0,True
usr-00260,jrn-00520,evt-0001942,2025-04-20 14:00:00+00:00,email,lifecycle-email,impression,0.0048,0.0,True
usr-00507,jrn-01015,evt-0003732,2025-04-20 14:00:00+00:00,affiliate,partner-network,click,0.9,0.0,True
usr-00683,jrn-01366,evt-0004984,2025-04-20 14:00:00+00:00,display,display-retargeting,click,0.3,0.0,True
usr-00100,jrn-00200,evt-0000756,2025-04-20 16:00:00+00:00,email,lifecycle-email,impression,0.0048,0.0,True
usr-00295,jrn-00591,evt-0002179,2025-04-20 17:00:00+00:00,organic,seo-content,impression,0.0096,0.0,True
usr-00273,jrn-00546,evt-0002032,2025-04-20 17:00:00+00:00,email,lifecycle-email,impression,0.0048,0.0,True
usr-00351,jrn-00702,evt-0002610,2025-04-20 19:00:00+00:00,social,social-prospecting,click,0.65,0.0,True
usr-00100,jrn-00200,evt-0000755,2025-04-20 19:00:00+00:00,social,social-prospecting,impression,0.078,0.0,True
usr-00004,jrn-00008,evt-0000035,2025-04-20 20:00:00+00:00,display,display-retargeting,impression,0.036,0.0,True
usr-00027,jrn-00055,evt-0000213,2025-04-20 20:00:00+00:00,organic,seo-content,click,0.08,0.0,True
usr-00361,jrn-00723,evt-0002673,2025-04-20 20:00:00+00:00,affiliate,partner-network,impression,0.108,0.0,True
usr-00216,jrn-00432,evt-0001593,2025-04-20 20:00:00+00:00,affiliate,partner-network,click,0.9,0.0,True
usr-00273,jrn-00546,evt-0002030,2025-04-20 21:00:00+00:00,organic,seo-content,impression,0.0096,0.0,True
usr-00256,jrn-00512,evt-0001903,2025-04-20 22:00:00+00:00,social,social-prospecting,impression,0.078,0.0,True
usr-00330,jrn-00661,evt-0002440,2025-04-20 23:00:00+00:00,affiliate,partner-network,click,0.9,0.0,True
usr-00004,jrn-00008,evt-0000036,2025-04-21 00:00:00+00:00,email,lifecycle-email,impression,0.0048,0.0,True
usr-00004,jrn-00008,evt-0000037,2025-04-21 00:00:00+00:00,organic,seo-content,impression,0.0096,0.0,True
usr-00273,jrn-00546,evt-0002031,2025-04-21 01:00:00+00:00,email,lifecycle-email,impression,0.0048,0.0,True
usr-00002,jrn-00004,evt-0000019,2025-04-21 03:00:00+00:00,email,lifecycle-email,click,0.04,0.0,True
usr-00683,jrn-01366,evt-0004985,2025-04-21 04:00:00+00:00,display,display-retargeting,click,0.3,0.0,True
usr-00187,jrn-00375,evt-0001385,2025-04-21 04:00:00+00:00,affiliate,partner-network,impression,0.108,0.0,True
usr-00377,jrn-00755,evt-0002795,2025-04-21 04:00:00+00:00,organic,seo-content,click,0.08,0.0,True
usr-00295,jrn-00591,evt-0002180,2025-04-21 06:00:00+00:00,email,lifecycle-email,click,0.04,0.0,True
usr-00027,jrn-00055,evt-0000214,2025-04-21 06:00:00+00:00,affiliate,partner-network,click,0.9,0.0,True
usr-00002,jrn-00004,evt-0000020,2025-04-21 06:00:00+00:00,display,display-retargeting,click,0.3,0.0,True
usr-00133,jrn-00267,evt-0000976,2025-04-21 08:00:00+00:00,affiliate,partner-network,click,0.9,0.0,True
usr-00213,jrn-00426,evt-0001567,2025-04-21 08:00:00+00:00,organic,seo-content,click,0.08,0.0,True
usr-00260,jrn-00520,evt-0001943,2025-04-21 09:00:00+00:00,affiliate,partner-network,click,0.9,0.0,True
usr-00773,jrn-01546,evt-0005618,2025-04-21 10:00:00+00:00,paid_search,brand-search,click,1.2,0.0,True
usr-00213,jrn-00426,evt-0001568,2025-04-21 10:00:00+00:00,paid_search,brand-search,impression,0.144,0.0,True
usr-00330,jrn-00661,evt-0002441,2025-04-21 10:00:00+00:00,organic,seo-content,click,0.08,0.0,True
usr-00273,jrn-00546,evt-0002033,2025-04-21 10:00:00+00:00,display,display-retargeting,impression,0.036,0.0,True
usr-00256,jrn-00512,evt-0001905,2025-04-21 11:00:00+00:00,affiliate,partner-network,impression,0.108,0.0,True
usr-00004,jrn-00008,evt-0000039,2025-04-21 12:00:00+00:00,organic,seo-content,click,0.08,0.0,True
usr-00197,jrn-00394,evt-0001450,2025-04-21 12:00:00+00:00,affiliate,partner-network,impression,0.108,0.0,True
usr-00333,jrn-00667,evt-0002470,2025-04-21 12:00:00+00:00,social,social-prospecting,impression,0.078,0.0,True
usr-00333,jrn-00667,evt-0002471,2025-04-21 12:00:00+00:00,affiliate,partner-network,click,0.9,0.0,True
usr-00808,jrn-01617,evt-0005887,2025-04-21 13:00:00+00:00,organic,seo-content,click,0.08,0.0,True
usr-00242,jrn-00485,evt-0001801,2025-04-21 13:00:00+00:00,display,display-retargeting,impression,0.036,0.0,True
usr-00330,jrn-00661,evt-0002442,2025-04-21 15:00:00+00:00,affiliate,partner-network,click,0.9,0.0,True
usr-00295,jrn-00591,evt-0002181,2025-04-21 16:00:00+00:00,display,display-retargeting,impression,0.036,0.0,True
usr-00118,jrn-00236,evt-0000876,2025-04-21 16:00:00+00:00,affiliate,partner-network,impression,0.108,0.0,True
usr-00683,jrn-01366,evt-0004986,2025-04-21 16:00:00+00:00,display,display-retargeting,click,0.3,0.0,True
usr-00187,jrn-00375,evt-0001386,2025-04-21 16:00:00+00:00,social,social-prospecting,impression,0.078,0.0,True
usr-00808,jrn-01617,evt-0005889,2025-04-21 17:00:00+00:00,social,social-prospecting,click,0.65,0.0,True
usr-00197,jrn-00394,evt-0001452,2025-04-21 18:00:00+00:00,affiliate,partner-network,click,0.9,0.0,True
usr-00115,jrn-00230,evt-0000858,2025-04-21 19:00:00+00:00,organic,seo-content,click,0.08,0.0,True
usr-00703,jrn-01407,evt-0005119,2025-04-21 19:00:00+00:00,organic,seo-content,impression,0.0096,0.0,True
usr-00197,jrn-00394,evt-0001451,2025-04-21 19:00:00+00:00,organic,seo-content,click,0.08,0.0,True
usr-00808,jrn-01617,evt-0005888,2025-04-21 19:00:00+00:00,affiliate,partner-network,click,0.9,0.0,True
usr-00187,jrn-00375,evt-0001389,2025-04-21 20:00:00+00:00,display,display-retargeting,impression,0.036,0.0,True
usr-00295,jrn-00591,evt-0002183,2025-04-21 21:00:00+00:00,social,social-prospecting,impression,0.078,0.0,True
usr-00133,jrn-00267,evt-0000977,2025-04-21 21:00:00+00:00,social,social-prospecting,impression,0.078,0.0,True
usr-00377,jrn-00755,evt-0002796,2025-04-21 21:00:00+00:00,display,display-retargeting,click,0.3,0.0,True
usr-00889,jrn-01779,evt-0006473,2025-04-21 22:00:00+00:00,affiliate,partner-network,click,0.9,0.0,True
usr-00377,jrn-00755,evt-0002798,2025-04-21 22:00:00+00:00,social,social-prospecting,click,0.65,0.0,True
usr-00118,jrn-00236,evt-0000878,2025-04-21 22:00:00+00:00,organic,seo-content,click,0.08,0.0,True
usr-00118,jrn-00236,evt-0000877,2025-04-21 22:00:00+00:00,display,display-retargeting,impression,0.036,0.0,True
usr-00002,jrn-00004,evt-0000021,2025-04-21 23:00:00+00:00,affiliate,partner-network,click,0.9,0.0,True
usr-00330,jrn-00661,evt-0002443,2025-04-21 23:00:00+00:00,display,display-retargeting,click,0.3,0.0,True
usr-00256,jrn-00512,evt-0001906,2025-04-22 00:00:00+00:00,display,display-retargeting,impression,0.036,0.0,True
usr-00260,jrn-00520,evt-0001944,2025-04-22 00:00:00+00:00,email,lifecycle-email,impression,0.0048,0.0,True
usr-00391,jrn-00782,evt-0002891,2025-04-22 01:00:00+00:00,affiliate,partner-network,click,0.9,0.0,True
usr-00377,jrn-00755,evt-0002797,2025-04-22 02:00:00+00:00,organic,seo-content,click,0.08,0.0,True
usr-00115,jrn-00230,evt-0000859,2025-04-22 03:00:00+00:00,paid_search,brand-search,click,1.2,0.0,True
usr-00118,jrn-00236,evt-0000880,2025-04-22 04:00:00+00:00,organic,seo-content,click,0.08,0.0,True
usr-00683,jrn-01366,evt-0004987,2025-04-22 05:00:00+00:00,display,display-retargeting,click,0.3,0.0,True
usr-00187,jrn-00375,evt-0001390,2025-04-22 05:00:00+00:00,affiliate,partner-network,click,0.9,0.0,True
usr-00773,jrn-01546,evt-0005619,2025-04-22 05:00:00+00:00,paid_search,brand-search,conversion,0.0,48.35,True
usr-00187,jrn-00375,evt-0001387,2025-04-22 06:00:00+00:00,organic,seo-content,impression,0.0096,0.0,True
usr-00671,jrn-01342,evt-0004889,2025-04-22 07:00:00+00:00,paid_search,brand-search,impression,0.144,0.0,True
usr-00703,jrn-01407,evt-0005120,2025-04-22 07:00:00+00:00,display,display-retargeting,click,0.3,0.0,True
usr-00213,jrn-00426,evt-0001569,2025-04-22 08:00:00+00:00,organic,seo-content,click,0.08,0.0,True
usr-00004,jrn-00008,evt-0000038,2025-04-22 08:00:00+00:00,display,display-retargeting,impression,0.036,0.0,True
usr-00765,jrn-01531,evt-0005564,2025-04-22 08:00:00+00:00,social,social-prospecting,impression,0.078,0.0,True
usr-00391,jrn-00782,evt-0002895,2025-04-22 09:00:00+00:00,social,social-prospecting,click,0.65,0.0,True
usr-00703,jrn-01407,evt-0005121,2025-04-22 09:00:00+00:00,display,display-retargeting,impression,0.036,0.0,True
usr-00295,jrn-00591,evt-0002182,2025-04-22 10:00:00+00:00,paid_search,brand-search,click,1.2,0.0,True
usr-00187,jrn-00375,evt-0001388,2025-04-22 10:00:00+00:00,affiliate,partner-network,impression,0.108,0.0,True
usr-00331,jrn-00662,evt-0002446,2025-04-22 10:00:00+00:00,social,social-prospecting,impression,0.078,0.0,True
usr-00391,jrn-00782,evt-0002893,2025-04-22 11:00:00+00:00,organic,seo-content,click,0.08,0.0,True
usr-00391,jrn-00782,evt-0002892,2025-04-22 12:00:00+00:00,organic,seo-content,impression,0.0096,0.0,True
usr-00118,jrn-00236,evt-0000881,2025-04-22 12:00:00+00:00,email,lifecycle-email,impression,0.0048,0.0,True
usr-00391,jrn-00782,evt-0002894,2025-04-22 13:00:00+00:00,affiliate,partner-network,impression,0.108,0.0,True
usr-00765,jrn-01531,evt-0005565,2025-04-22 13:00:00+00:00,social,social-prospecting,click,0.65,0.0,True
usr-00671,jrn-01342,evt-0004890,2025-04-22 16:00:00+00:00,display,display-retargeting,click,0.3,0.0,True
usr-00671,jrn-01342,evt-0004891,2025-04-22 17:00:00+00:00,display,display-retargeting,click,0.3,0.0,True
usr-00242,jrn-00485,evt-0001802,2025-04-22 17:00:00+00:00,social,social-prospecting,click,0.65,0.0,True
usr-00889,jrn-01779,evt-0006475,2025-04-22 17:00:00+00:00,email,lifecycle-email,click,0.04,0.0,True
usr-00115,jrn-00230,evt-0000860,2025-04-22 17:00:00+00:00,email,lifecycle-email,impression,0.0048,0.0,True
usr-00311,jrn-00623,evt-0002313,2025-04-22 18:00:00+00:00,social,social-prospecting,click,0.65,0.0,True
usr-00703,jrn-01407,evt-0005122,2025-04-22 19:00:00+00:00,email,lifecycle-email,click,0.04,0.0,True
usr-00666,jrn-01333,evt-0004869,2025-04-22 20:00:00+00:00,paid_search,brand-search,click,1.2,0.0,True
usr-00311,jrn-00623,evt-0002314,2025-04-22 22:00:00+00:00,display,display-retargeting,click,0.3,0.0,True
usr-00765,jrn-01531,evt-0005569,2025-04-22 23:00:00+00:00,affiliate,partner-network,impression,0.108,0.0,True
usr-00197,jrn-00394,evt-0001453,2025-04-23 00:00:00+00:00,social,social-prospecting,click,0.65,0.0,True
usr-00765,jrn-01531,evt-0005566,2025-04-23 02:00:00+00:00,paid_search,brand-search,impression,0.144,0.0,True
usr-00330,jrn-00661,evt-0002444,2025-04-23 03:00:00+00:00,display,display-retargeting,impression,0.036,0.0,True
usr-00331,jrn-00662,evt-0002447,2025-04-23 03:00:00+00:00,affiliate,partner-network,impression,0.108,0.0,True
usr-00808,jrn-01617,evt-0005890,2025-04-23 04:00:00+00:00,display,display-retargeting,impression,0.036,0.0,True
usr-00115,jrn-00230,evt-0000861,2025-04-23 04:00:00+00:00,paid_search,brand-search,impression,0.144,0.0,True
usr-00699,jrn-01398,evt-0005085,2025-04-23 04:00:00+00:00,organic,seo-content,impression,0.0096,0.0,True
usr-00286,jrn-00573,evt-0002119,2025-04-23 04:00:00+00:00,affiliate,partner-network,impression,0.108,0.0,True
usr-00311,jrn-00623,evt-0002315,2025-04-23 04:00:00+00:00,display,display-retargeting,impression,0.036,0.0,True
usr-00002,jrn-00004,evt-0000022,2025-04-23 06:00:00+00:00,email,lifecycle-email,click,0.04,0.0,True
usr-00141,jrn-00283,evt-0001034,2025-04-23 06:00:00+00:00,email,lifecycle-email,click,0.04,0.0,True
usr-00331,jrn-00662,evt-0002450,2025-04-23 06:00:00+00:00,affiliate,partner-network,click,0.9,0.0,True
usr-00671,jrn-01342,evt-0004893,2025-04-23 07:00:00+00:00,organic,seo-content,click,0.08,0.0,True
usr-00118,jrn-00236,evt-0000879,2025-04-23 07:00:00+00:00,organic,seo-content,click,0.08,0.0,True
usr-00115,jrn-00230,evt-0000862,2025-04-23 07:00:00+00:00,affiliate,partner-network,click,0.9,0.0,True
usr-00099,jrn-00199,evt-0000745,2025-04-23 09:00:00+00:00,affiliate,partner-network,click,0.9,0.0,True
usr-00141,jrn-00283,evt-0001035,2025-04-23 10:00:00+00:00,organic,seo-content,click,0.08,0.0,True
usr-00671,jrn-01342,evt-0004892,2025-04-23 10:00:00+00:00,email,lifecycle-email,click,0.04,0.0,True
usr-00699,jrn-01398,evt-0005086,2025-04-23 12:00:00+00:00,social,social-prospecting,click,0.65,0.0,True
usr-00141,jrn-00283,evt-0001037,2025-04-23 12:00:00+00:00,social,social-prospecting,click,0.65,0.0,True
usr-00099,jrn-00199,evt-0000746,2025-04-23 14:00:00+00:00,social,social-prospecting,impression,0.078,0.0,True
usr-00331,jrn-00662,evt-0002448,2025-04-23 14:00:00+00:00,display,display-retargeting,click,0.3,0.0,True
usr-00809,jrn-01619,evt-0005898,2025-04-23 14:00:00+00:00,email,lifecycle-email,click,0.04,0.0,True
usr-00765,jrn-01531,evt-0005567,2025-04-23 14:00:00+00:00,paid_search,brand-search,click,1.2,0.0,True
usr-00100,jrn-00200,evt-0000757,2025-04-23 15:00:00+00:00,email,lifecycle-email,conversion,0.0,230.46,True
usr-00197,jrn-00394,evt-0001454,2025-04-23 16:00:00+00:00,affiliate,partner-network,click,0.9,0.0,True
usr-00104,jrn-00209,evt-0000782,2025-04-23 17:00:00+00:00,display,display-retargeting,impression,0.036,0.0,True
usr-00808,jrn-01617,evt-0005891,2025-04-23 17:00:00+00:00,social,social-prospecting,impression,0.078,0.0,True
usr-00666,jrn-01333,evt-0004870,2025-04-23 17:00:00+00:00,paid_search,brand-search,conversion,0.0,84.94,True
usr-00675,jrn-01350,evt-0004917,2025-04-23 17:00:00+00:00,email,lifecycle-email,click,0.04,0.0,True
usr-00104,jrn-00209,evt-0000783,2025-04-23 19:00:00+00:00,affiliate,partner-network,click,0.9,0.0,True
usr-00377,jrn-00755,evt-0002799,2025-04-23 20:00:00+00:00,social,social-prospecting,click,0.65,0.0,True
usr-00311,jrn-00623,evt-0002317,2025-04-23 22:00:00+00:00,affiliate,partner-network,impression,0.108,0.0,True
usr-00809,jrn-01619,evt-0005899,2025-04-23 22:00:00+00:00,social,social-prospecting,impression,0.078,0.0,True
usr-00772,jrn-01545,evt-0005613,2025-04-24 00:00:00+00:00,organic,seo-content,impression,0.0096,0.0,True
usr-00265,jrn-00530,evt-0001973,2025-04-24 00:00:00+00:00,email,lifecycle-email,impression,0.0048,0.0,True
usr-00765,jrn-01531,evt-0005568,2025-04-24 00:00:00+00:00,display,display-retargeting,click,0.3,0.0,True
usr-00099,jrn-00199,evt-0000749,2025-04-24 01:00:00+00:00,display,display-retargeting,impression,0.036,0.0,True
usr-00694,jrn-01389,evt-0005063,2025-04-24 02:00:00+00:00,social,social-prospecting,click,0.65,0.0,True
usr-00321,jrn-00643,evt-0002389,2025-04-24 02:00:00+00:00,affiliate,partner-network,impression,0.108,0.0,True
usr-00311,jrn-00623,evt-0002316,2025-04-24 03:00:00+00:00,organic,seo-content,impression,0.0096,0.0,True
usr-00432,jrn-00864,evt-0003198,2025-04-24 03:00:00+00:00,display,display-retargeting,click,0.3,0.0,True
usr-00141,jrn-00283,evt-0001036,2025-04-24 04:00:00+00:00,email,lifecycle-email,impression,0.0048,0.0,True
usr-00081,jrn-00162,evt-0000610,2025-04-24 04:00:00+00:00,organic,seo-content,impression,0.0096,0.0,True
usr-00331,jrn-00662,evt-0002449,2025-04-24 04:00:00+00:00,display,display-retargeting,impression,0.036,0.0,True
usr-00276,jrn-00553,evt-0002053,2025-04-24 05:00:00+00:00,organic,seo-content,click,0.08,0.0,True
usr-00171,jrn-00343,evt-0001273,2025-04-24 05:00:00+00:00,social,social-prospecting,click,0.65,0.0,True
usr-00321,jrn-00643,evt-0002390,2025-04-24 05:00:00+00:00,organic,seo-content,click,0.08,0.0,True
usr-00252,jrn-00504,evt-0001871,2025-04-24 06:00:00+00:00,display,display-retargeting,click,0.3,0.0,True
usr-00699,jrn-01398,evt-0005087,2025-04-24 06:00:00+00:00,display,display-retargeting,impression,0.036,0.0,True
usr-00330,jrn-00661,evt-0002445,2025-04-24 07:00:00+00:00,email,lifecycle-email,click,0.04,0.0,True
usr-00276,jrn-00553,evt-0002054,2025-04-24 08:00:00+00:00,organic,seo-content,impression,0.0096,0.0,True
usr-00099,jrn-00199,evt-0000748,2025-04-24 09:00:00+00:00,display,display-retargeting,impression,0.036,0.0,True
usr-00722,jrn-01444,evt-0005251,2025-04-24 10:00:00+00:00,paid_search,brand-search,click,1.2,0.0,True
usr-00265,jrn-00530,evt-0001975,2025-04-24 10:00:00+00:00,email,lifecycle-email,click,0.04,0.0,True
usr-00772,jrn-01545,evt-0005614,2025-04-24 11:00:00+00:00,display,display-retargeting,click,0.3,0.0,True
usr-00265,jrn-00530,evt-0001974,2025-04-24 12:00:00+00:00,organic,seo-content,click,0.08,0.0,True
usr-00252,jrn-00504,evt-0001872,2025-04-24 13:00:00+00:00,email,lifecycle-email,impression,0.0048,0.0,True
usr-00099,jrn-00199,evt-0000747,2025-04-24 13:00:00+00:00,paid_search,brand-search,click,1.2,0.0,False
usr-00457,jrn-00915,evt-0003377,2025-04-24 14:00:00+00:00,organic,seo-content,click,0.08,0.0,True
usr-00689,jrn-01378,evt-0005031,2025-04-24 15:00:00+00:00,affiliate,partner-network,impression,0.108,0.0,True
usr-00699,jrn-01398,evt-0005088,2025-04-24 16:00:00+00:00,paid_search,brand-search,click,1.2,0.0,True
usr-00432,jrn-00864,evt-0003199,2025-04-24 17:00:00+00:00,affiliate,partner-network,click,0.9,0.0,True
usr-00750,jrn-01500,evt-0005460,2025-04-24 17:00:00+00:00,paid_search,brand-search,click,1.2,0.0,True
usr-00081,jrn-00162,evt-0000611,2025-04-24 19:00:00+00:00,display,display-retargeting,impression,0.036,0.0,True
usr-00099,jrn-00199,evt-0000750,2025-04-24 20:00:00+00:00,social,social-prospecting,click,0.65,0.0,True
usr-00321,jrn-00643,evt-0002392,2025-04-24 20:00:00+00:00,affiliate,partner-network,impression,0.108,0.0,True
usr-00688,jrn-01376,evt-0005024,2025-04-24 20:00:00+00:00,organic,seo-content,impression,0.0096,0.0,True
usr-00716,jrn-01432,evt-0005203,2025-04-24 20:00:00+00:00,paid_search,brand-search,impression,0.144,0.0,True
usr-00722,jrn-01444,evt-0005252,2025-04-24 21:00:00+00:00,organic,seo-content,click,0.08,0.0,True
usr-00081,jrn-00162,evt-0000612,2025-04-24 22:00:00+00:00,email,lifecycle-email,click,0.04,0.0,True
usr-00171,jrn-00343,evt-0001274,2025-04-24 22:00:00+00:00,email,lifecycle-email,click,0.04,0.0,True
usr-00688,jrn-01376,evt-0005025,2025-04-24 22:00:00+00:00,social,social-prospecting,impression,0.078,0.0,True
usr-00171,jrn-00343,evt-0001276,2025-04-24 23:00:00+00:00,display,display-retargeting,click,0.3,0.0,True
usr-00689,jrn-01378,evt-0005035,2025-04-24 23:00:00+00:00,organic,seo-content,click,0.08,0.0,True
usr-00432,jrn-00864,evt-0003200,2025-04-24 23:00:00+00:00,social,social-prospecting,impression,0.078,0.0,True
usr-00321,jrn-00643,evt-0002391,2025-04-25 00:00:00+00:00,affiliate,partner-network,click,0.9,0.0,True
usr-00457,jrn-00915,evt-0003379,2025-04-25 00:00:00+00:00,display,display-retargeting,click,0.3,0.0,True
usr-00457,jrn-00915,evt-0003378,2025-04-25 00:00:00+00:00,paid_search,brand-search,click,1.2,0.0,True
usr-00328,jrn-00657,evt-0002430,2025-04-25 00:00:00+00:00,paid_search,brand-search,click,1.2,0.0,True
usr-00150,jrn-00300,evt-0001094,2025-04-25 01:00:00+00:00,affiliate,partner-network,click,0.9,0.0,True
usr-00090,jrn-00181,evt-0000682,2025-04-25 02:00:00+00:00,display,display-retargeting,click,0.3,0.0,True
usr-00772,jrn-01545,evt-0005615,2025-04-25 02:00:00+00:00,social,social-prospecting,click,0.65,0.0,True
usr-00364,jrn-00728,evt-0002696,2025-04-25 03:00:00+00:00,social,social-prospecting,impression,0.078,0.0,True
usr-00689,jrn-01378,evt-0005032,2025-04-25 03:00:00+00:00,paid_search,brand-search,click,1.2,0.0,True
usr-00127,jrn-00254,evt-0000942,2025-04-25 04:00:00+00:00,affiliate,partner-network,click,0.9,0.0,True
usr-00596,jrn-01193,evt-0004366,2025-04-25 05:00:00+00:00,organic,seo-content,impression,0.0096,0.0,True
usr-00364,jrn-00728,evt-0002697,2025-04-25 05:00:00+00:00,paid_search,brand-search,impression,0.144,0.0,True
usr-00689,jrn-01378,evt-0005036,2025-04-25 06:00:00+00:00,social,social-prospecting,impression,0.078,0.0,True
usr-00214,jrn-00429,evt-0001576,2025-04-25 06:00:00+00:00,paid_search,brand-search,click,1.2,0.0,True
usr-00276,jrn-00553,evt-0002055,2025-04-25 07:00:00+00:00,display,display-retargeting,click,0.3,0.0,False
usr-00596,jrn-01193,evt-0004368,2025-04-25 09:00:00+00:00,paid_search,brand-search,impression,0.144,0.0,True
usr-00171,jrn-00343,evt-0001275,2025-04-25 09:00:00+00:00,social,social-prospecting,click,0.65,0.0,True
usr-00457,jrn-00915,evt-0003382,2025-04-25 10:00:00+00:00,email,lifecycle-email,impression,0.0048,0.0,True
usr-00772,jrn-01545,evt-0005617,2025-04-25 12:00:00+00:00,paid_search,brand-search,impression,0.144,0.0,True
usr-00699,jrn-01398,evt-0005089,2025-04-25 12:00:00+00:00,organic,seo-content,click,0.08,0.0,True
usr-00090,jrn-00181,evt-0000684,2025-04-25 12:00:00+00:00,affiliate,partner-network,impression,0.108,0.0,True
usr-00150,jrn-00300,evt-0001095,2025-04-25 13:00:00+00:00,organic,seo-content,click,0.08,0.0,True
usr-00328,jrn-00657,evt-0002431,2025-04-25 13:00:00+00:00,social,social-prospecting,impression,0.078,0.0,True
usr-00432,jrn-00864,evt-0003203,2025-04-25 14:00:00+00:00,social,social-prospecting,click,0.65,0.0,True
usr-00276,jrn-00553,evt-0002056,2025-04-25 14:00:00+00:00,organic,seo-content,click,0.08,0.0,True
usr-00858,jrn-01717,evt-0006244,2025-04-25 14:00:00+00:00,organic,seo-content,impression,0.0096,0.0,True
usr-00364,jrn-00728,evt-0002698,2025-04-25 15:00:00+00:00,display,display-retargeting,impression,0.036,0.0,True
usr-00614,jrn-01229,evt-0004498,2025-04-25 15:00:00+00:00,organic,seo-content,click,0.08,0.0,True
usr-00765,jrn-01530,evt-0005559,2025-04-25 15:00:00+00:00,organic,seo-content,impression,0.0096,0.0,True
usr-00249,jrn-00498,evt-0001847,2025-04-25 15:00:00+00:00,email,lifecycle-email,click,0.04,0.0,True
usr-00596,jrn-01193,evt-0004367,2025-04-25 15:00:00+00:00,email,lifecycle-email,impression,0.0048,0.0,True
usr-00081,jrn-00162,evt-0000613,2025-04-25 16:00:00+00:00,affiliate,partner-network,impression,0.108,0.0,True
usr-00197,jrn-00394,evt-0001455,2025-04-25 17:00:00+00:00,affiliate,partner-network,conversion,0.0,53.4,True
usr-00772,jrn-01545,evt-0005616,2025-04-25 18:00:00+00:00,paid_search,brand-search,click,1.2,0.0,True
usr-00614,jrn-01229,evt-0004499,2025-04-25 18:00:00+00:00,organic,seo-content,click,0.08,0.0,True
usr-00115,jrn-00230,evt-0000863,2025-04-25 18:00:00+00:00,affiliate,partner-network,conversion,0.0,42.07,True
usr-00090,jrn-00181,evt-0000683,2025-04-25 18:00:00+00:00,display,display-retargeting,click,0.3,0.0,True
usr-00614,jrn-01229,evt-0004500,2025-04-25 19:00:00+00:00,email,lifecycle-email,click,0.04,0.0,True
usr-00857,jrn-01715,evt-0006237,2025-04-25 19:00:00+00:00,affiliate,partner-network,impression,0.108,0.0,True
usr-00601,jrn-01202,evt-0004401,2025-04-25 19:00:00+00:00,display,display-retargeting,impression,0.036,0.0,True
usr-00281,jrn-00562,evt-0002083,2025-04-25 20:00:00+00:00,affiliate,partner-network,impression,0.108,0.0,True
usr-00765,jrn-01530,evt-0005560,2025-04-25 20:00:00+00:00,paid_search,brand-search,impression,0.144,0.0,True
usr-00689,jrn-01378,evt-0005033,2025-04-25 21:00:00+00:00,organic,seo-content,impression,0.0096,0.0,True
usr-00765,jrn-01530,evt-0005562,2025-04-25 21:00:00+00:00,organic,seo-content,click,0.08,0.0,True
usr-00664,jrn-01328,evt-0004848,2025-04-25 21:00:00+00:00,email,lifecycle-email,impression,0.0048,0.0,True
usr-00858,jrn-01717,evt-0006245,2025-04-25 23:00:00+00:00,social,social-prospecting,impression,0.078,0.0,True
usr-00558,jrn-01116,evt-0004102,2025-04-26 00:00:00+00:00,display,display-retargeting,impression,0.036,0.0,True
usr-00688,jrn-01376,evt-0005026,2025-04-26 00:00:00+00:00,affiliate,partner-network,click,0.9,0.0,True
usr-00853,jrn-01706,evt-0006202,2025-04-26 01:00:00+00:00,organic,seo-content,click,0.08,0.0,True
usr-00601,jrn-01202,evt-0004402,2025-04-26 01:00:00+00:00,paid_search,brand-search,click,1.2,0.0,True
usr-00857,jrn-01715,evt-0006238,2025-04-26 01:00:00+00:00,email,lifecycle-email,click,0.04,0.0,True
usr-00765,jrn-01530,evt-0005561,2025-04-26 01:00:00+00:00,display,display-retargeting,click,0.3,0.0,True
usr-00432,jrn-00864,evt-0003201,2025-04-26 03:00:00+00:00,email,lifecycle-email,click,0.04,0.0,True
usr-00857,jrn-01715,evt-0006239,2025-04-26 03:00:00+00:00,email,lifecycle-email,impression,0.0048,0.0,True
usr-00858,jrn-01717,evt-0006246,2025-04-26 04:00:00+00:00,organic,seo-content,impression,0.0096,0.0,True
usr-00432,jrn-00864,evt-0003202,2025-04-26 07:00:00+00:00,organic,seo-content,click,0.08,0.0,True
usr-00545,jrn-01091,evt-0004019,2025-04-26 08:00:00+00:00,display,display-retargeting,click,0.3,0.0,True
usr-00705,jrn-01410,evt-0005134,2025-04-26 10:00:00+00:00,organic,seo-content,impression,0.0096,0.0,True
usr-00276,jrn-00553,evt-0002058,2025-04-26 12:00:00+00:00,display,display-retargeting,click,0.3,0.0,True
usr-00664,jrn-01328,evt-0004849,2025-04-26 12:00:00+00:00,organic,seo-content,impression,0.0096,0.0,True
usr-00705,jrn-01410,evt-0005135,2025-04-26 12:00:00+00:00,display,display-retargeting,impression,0.036,0.0,True
usr-00276,jrn-00553,evt-0002057,2025-04-26 13:00:00+00:00,organic,seo-content,impression,0.0096,0.0,True
usr-00857,jrn-01715,evt-0006240,2025-04-26 13:00:00+00:00,organic,seo-content,impression,0.0096,0.0,True
usr-00281,jrn-00562,evt-0002084,2025-04-26 13:00:00+00:00,affiliate,partner-network,impression,0.108,0.0,True
usr-00457,jrn-00915,evt-0003380,2025-04-26 14:00:00+00:00,social,social-prospecting,click,0.65,0.0,True
usr-00689,jrn-01378,evt-0005034,2025-04-26 15:00:00+00:00,email,lifecycle-email,impression,0.0048,0.0,True
usr-00765,jrn-01530,evt-0005563,2025-04-26 15:00:00+00:00,organic,seo-content,click,0.08,0.0,True
usr-00516,jrn-01032,evt-0003793,2025-04-26 16:00:00+00:00,paid_search,brand-search,impression,0.144,0.0,True
usr-00664,jrn-01328,evt-0004853,2025-04-26 17:00:00+00:00,email,lifecycle-email,impression,0.0048,0.0,True
usr-00457,jrn-00915,evt-0003381,2025-04-26 18:00:00+00:00,affiliate,partner-network,click,0.9,0.0,True
usr-00853,jrn-01706,evt-0006203,2025-04-26 18:00:00+00:00,display,display-retargeting,impression,0.036,0.0,True
usr-00545,jrn-01091,evt-0004020,2025-04-26 19:00:00+00:00,display,display-retargeting,impression,0.036,0.0,True
usr-00310,jrn-00620,evt-0002302,2025-04-26 19:00:00+00:00,display,display-retargeting,click,0.3,0.0,True
usr-00364,jrn-00728,evt-0002700,2025-04-26 19:00:00+00:00,paid_search,brand-search,click,1.2,0.0,True
usr-00364,jrn-00728,evt-0002699,2025-04-26 21:00:00+00:00,social,social-prospecting,impression,0.078,0.0,True
usr-00183,jrn-00366,evt-0001349,2025-04-26 21:00:00+00:00,affiliate,partner-network,click,0.9,0.0,True
usr-00460,jrn-00920,evt-0003402,2025-04-26 22:00:00+00:00,display,display-retargeting,impression,0.036,0.0,True
usr-00460,jrn-00920,evt-0003405,2025-04-27 04:00:00+00:00,email,lifecycle-email,impression,0.0048,0.0,True
usr-00460,jrn-00920,evt-0003403,2025-04-27 04:00:00+00:00,affiliate,partner-network,click,0.9,0.0,True
usr-00664,jrn-01328,evt-0004850,2025-04-27 05:00:00+00:00,paid_search,brand-search,click,1.2,0.0,True
usr-00614,jrn-01229,evt-0004501,2025-04-27 06:00:00+00:00,paid_search,brand-search,impression,0.144,0.0,True
usr-00183,jrn-00366,evt-0001352,2025-04-27 06:00:00+00:00,social,social-prospecting,impression,0.078,0.0,False
usr-00581,jrn-01162,evt-0004252,2025-04-27 07:00:00+00:00,organic,seo-content,click,0.08,0.0,True
usr-00872,jrn-01745,evt-0006348,2025-04-27 08:00:00+00:00,paid_search,brand-search,click,1.2,0.0,True
usr-00545,jrn-01091,evt-0004021,2025-04-27 08:00:00+00:00,email,lifecycle-email,impression,0.0048,0.0,True
usr-00664,jrn-01328,evt-0004851,2025-04-27 09:00:00+00:00,display,display-retargeting,impression,0.036,0.0,True
usr-00310,jrn-00620,evt-0002303,2025-04-27 10:00:00+00:00,organic,seo-content,impression,0.0096,0.0,True
usr-00310,jrn-00620,evt-0002304,2025-04-27 11:00:00+00:00,social,social-prospecting,impression,0.078,0.0,True
usr-00063,jrn-00126,evt-0000471,2025-04-27 11:00:00+00:00,organic,seo-content,click,0.08,0.0,True
usr-00872,jrn-01745,evt-0006349,2025-04-27 12:00:00+00:00,paid_search,brand-search,click,1.2,0.0,True
usr-00425,jrn-00850,evt-0003155,2025-04-27 12:00:00+00:00,social,social-prospecting,click,0.65,0.0,True
usr-00183,jrn-00366,evt-0001350,2025-04-27 12:00:00+00:00,organic,seo-content,click,0.08,0.0,True
usr-00581,jrn-01162,evt-0004253,2025-04-27 13:00:00+00:00,email,lifecycle-email,click,0.04,0.0,True
usr-00664,jrn-01328,evt-0004852,2025-04-27 13:00:00+00:00,paid_search,brand-search,impression,0.144,0.0,True
usr-00705,jrn-01410,evt-0005136,2025-04-27 14:00:00+00:00,affiliate,partner-network,click,0.9,0.0,True
usr-00017,jrn-00034,evt-0000135,2025-04-27 14:00:00+00:00,social,social-prospecting,click,0.65,0.0,True
usr-00581,jrn-01162,evt-0004254,2025-04-27 15:00:00+00:00,social,social-prospecting,click,0.65,0.0,True
usr-00857,jrn-01715,evt-0006241,2025-04-27 15:00:00+00:00,affiliate,partner-network,impression,0.108,0.0,True
usr-00425,jrn-00850,evt-0003156,2025-04-27 17:00:00+00:00,affiliate,partner-network,impression,0.108,0.0,True
usr-00858,jrn-01717,evt-0006247,2025-04-27 17:00:00+00:00,display,display-retargeting,click,0.3,0.0,True
usr-00500,jrn-01001,evt-0003682,2025-04-27 17:00:00+00:00,email,lifecycle-email,click,0.04,0.0,True
usr-00183,jrn-00366,evt-0001351,2025-04-27 19:00:00+00:00,display,display-retargeting,impression,0.036,0.0,True
usr-00305,jrn-00610,evt-0002260,2025-04-27 19:00:00+00:00,affiliate,partner-network,click,0.9,0.0,True
usr-00842,jrn-01685,evt-0006130,2025-04-27 19:00:00+00:00,display,display-retargeting,click,0.3,0.0,True
usr-00409,jrn-00818,evt-0003039,2025-04-27 19:00:00+00:00,organic,seo-content,impression,0.0096,0.0,True
usr-00017,jrn-00034,evt-0000136,2025-04-27 20:00:00+00:00,affiliate,partner-network,click,0.9,0.0,True
usr-00842,jrn-01685,evt-0006131,2025-04-27 21:00:00+00:00,affiliate,partner-network,impression,0.108,0.0,True
usr-00460,jrn-00920,evt-0003407,2025-04-27 23:00:00+00:00,email,lifecycle-email,click,0.04,0.0,False
usr-00017,jrn-00034,evt-0000138,2025-04-27 23:00:00+00:00,affiliate,partner-network,click,0.9,0.0,True
usr-00305,jrn-00610,evt-0002261,2025-04-27 23:00:00+00:00,affiliate,partner-network,impression,0.108,0.0,True
usr-00186,jrn-00372,evt-0001374,2025-04-28 00:00:00+00:00,affiliate,partner-network,click,0.9,0.0,True
usr-00063,jrn-00126,evt-0000472,2025-04-28 01:00:00+00:00,display,display-retargeting,impression,0.036,0.0,True
usr-00425,jrn-00850,evt-0003157,2025-04-28 02:00:00+00:00,organic,seo-content,click,0.08,0.0,True
usr-00771,jrn-01543,evt-0005604,2025-04-28 02:00:00+00:00,email,lifecycle-email,click,0.04,0.0,True
usr-00460,jrn-00920,evt-0003404,2025-04-28 02:00:00+00:00,display,display-retargeting,impression,0.036,0.0,True
usr-00614,jrn-01229,evt-0004502,2025-04-28 03:00:00+00:00,affiliate,partner-network,click,0.9,0.0,True
usr-00771,jrn-01543,evt-0005605,2025-04-28 04:00:00+00:00,organic,seo-content,impression,0.0096,0.0,True
usr-00500,jrn-01001,evt-0003683,2025-04-28 05:00:00+00:00,paid_search,brand-search,click,1.2,0.0,True
usr-00187,jrn-00374,evt-0001380,2025-04-28 05:00:00+00:00,display,display-retargeting,impression,0.036,0.0,True
usr-00063,jrn-00126,evt-0000475,2025-04-28 07:00:00+00:00,organic,seo-content,impression,0.0096,0.0,True
usr-00785,jrn-01571,evt-0005715,2025-04-28 07:00:00+00:00,social,social-prospecting,click,0.65,0.0,True
usr-00500,jrn-01001,evt-0003684,2025-04-28 07:00:00+00:00,email,lifecycle-email,click,0.04,0.0,True
usr-00771,jrn-01543,evt-0005607,2025-04-28 08:00:00+00:00,organic,seo-content,click,0.08,0.0,True
usr-00614,jrn-01229,evt-0004503,2025-04-28 08:00:00+00:00,social,social-prospecting,click,0.65,0.0,True
usr-00697,jrn-01395,evt-0005079,2025-04-28 09:00:00+00:00,affiliate,partner-network,click,0.9,0.0,False
usr-00842,jrn-01685,evt-0006132,2025-04-28 09:00:00+00:00,organic,seo-content,click,0.08,0.0,True
usr-00557,jrn-01115,evt-0004098,2025-04-28 10:00:00+00:00,social,social-prospecting,impression,0.078,0.0,True
usr-00017,jrn-00034,evt-0000137,2025-04-28 10:00:00+00:00,paid_search,brand-search,click,1.2,0.0,True
usr-00310,jrn-00620,evt-0002307,2025-04-28 11:00:00+00:00,social,social-prospecting,impression,0.078,0.0,True
usr-00186,jrn-00372,evt-0001376,2025-04-28 12:00:00+00:00,affiliate,partner-network,click,0.9,0.0,True
usr-00187,jrn-00374,evt-0001381,2025-04-28 13:00:00+00:00,display,display-retargeting,click,0.3,0.0,True
usr-00581,jrn-01162,evt-0004255,2025-04-28 13:00:00+00:00,organic,seo-content,click,0.08,0.0,True
usr-00872,jrn-01745,evt-0006350,2025-04-28 14:00:00+00:00,affiliate,partner-network,click,0.9,0.0,True
usr-00063,jrn-00126,evt-0000473,2025-04-28 15:00:00+00:00,email,lifecycle-email,click,0.04,0.0,True
usr-00487,jrn-00975,evt-0003595,2025-04-28 15:00:00+00:00,email,lifecycle-email,impression,0.0048,0.0,True
usr-00557,jrn-01115,evt-0004099,2025-04-28 16:00:00+00:00,affiliate,partner-network,click,0.9,0.0,True
usr-00771,jrn-01543,evt-0005609,2025-04-28 17:00:00+00:00,social,social-prospecting,impression,0.078,0.0,False
usr-00186,jrn-00372,evt-0001375,2025-04-28 17:00:00+00:00,social,social-prospecting,click,0.65,0.0,True
usr-00187,jrn-00374,evt-0001382,2025-04-28 17:00:00+00:00,social,social-prospecting,click,0.65,0.0,True
usr-00487,jrn-00975,evt-0003596,2025-04-28 18:00:00+00:00,organic,seo-content,click,0.08,0.0,True
usr-00305,jrn-00610,evt-0002263,2025-04-28 19:00:00+00:00,organic,seo-content,click,0.08,0.0,True
usr-00581,jrn-01162,evt-0004256,2025-04-28 19:00:00+00:00,email,lifecycle-email,click,0.04,0.0,True
usr-00785,jrn-01571,evt-0005716,2025-04-28 19:00:00+00:00,social,social-prospecting,click,0.65,0.0,True
usr-00697,jrn-01395,evt-0005080,2025-04-28 19:00:00+00:00,display,display-retargeting,impression,0.036,0.0,True
usr-00832,jrn-01664,evt-0006062,2025-04-28 20:00:00+00:00,organic,seo-content,click,0.08,0.0,True
usr-00591,jrn-01182,evt-0004321,2025-04-28 21:00:00+00:00,paid_search,brand-search,click,1.2,0.0,True
usr-00187,jrn-00374,evt-0001384,2025-04-28 21:00:00+00:00,display,display-retargeting,impression,0.036,0.0,True
usr-00310,jrn-00620,evt-0002305,2025-04-28 22:00:00+00:00,paid_search,brand-search,impression,0.144,0.0,True
usr-00557,jrn-01115,evt-0004101,2025-04-28 22:00:00+00:00,affiliate,partner-network,click,0.9,0.0,True
usr-00460,jrn-00920,evt-0003406,2025-04-28 22:00:00+00:00,organic,seo-content,click,0.08,0.0,True
usr-00305,jrn-00610,evt-0002264,2025-04-28 23:00:00+00:00,affiliate,partner-network,click,0.9,0.0,True
usr-00305,jrn-00610,evt-0002262,2025-04-28 23:00:00+00:00,paid_search,brand-search,click,1.2,0.0,True
usr-00832,jrn-01664,evt-0006063,2025-04-29 00:00:00+00:00,affiliate,partner-network,click,0.9,0.0,True
usr-00364,jrn-00728,evt-0002701,2025-04-29 00:00:00+00:00,paid_search,brand-search,conversion,0.0,50.61,True
usr-00211,jrn-00422,evt-0001549,2025-04-29 01:00:00+00:00,organic,seo-content,click,0.08,0.0,True
usr-00626,jrn-01253,evt-0004582,2025-04-29 01:00:00+00:00,display,display-retargeting,click,0.3,0.0,True
usr-00626,jrn-01253,evt-0004583,2025-04-29 03:00:00+00:00,paid_search,brand-search,click,1.2,0.0,True
usr-00832,jrn-01664,evt-0006066,2025-04-29 04:00:00+00:00,email,lifecycle-email,click,0.04,0.0,True
usr-00714,jrn-01429,evt-0005194,2025-04-29 04:00:00+00:00,affiliate,partner-network,impression,0.108,0.0,True
usr-00063,jrn-00126,evt-0000474,2025-04-29 05:00:00+00:00,paid_search,brand-search,impression,0.144,0.0,True
usr-00500,jrn-01001,evt-0003685,2025-04-29 05:00:00+00:00,email,lifecycle-email,impression,0.0048,0.0,True
usr-00714,jrn-01429,evt-0005195,2025-04-29 06:00:00+00:00,paid_search,brand-search,impression,0.144,0.0,True
usr-00017,jrn-00034,evt-0000140,2025-04-29 06:00:00+00:00,email,lifecycle-email,impression,0.0048,0.0,True
usr-00310,jrn-00620,evt-0002306,2025-04-29 07:00:00+00:00,organic,seo-content,click,0.08,0.0,True
usr-00832,jrn-01664,evt-0006065,2025-04-29 08:00:00+00:00,paid_search,brand-search,impression,0.144,0.0,True
usr-00557,jrn-01115,evt-0004100,2025-04-29 08:00:00+00:00,organic,seo-content,click,0.08,0.0,True
usr-00211,jrn-00422,evt-0001550,2025-04-29 09:00:00+00:00,display,display-retargeting,click,0.3,0.0,True
usr-00728,jrn-01457,evt-0005292,2025-04-29 09:00:00+00:00,affiliate,partner-network,click,0.9,0.0,True
usr-00771,jrn-01543,evt-0005608,2025-04-29 10:00:00+00:00,affiliate,partner-network,click,0.9,0.0,True
usr-00771,jrn-01543,evt-0005606,2025-04-29 12:00:00+00:00,social,social-prospecting,impression,0.078,0.0,True
usr-00591,jrn-01182,evt-0004322,2025-04-29 13:00:00+00:00,display,display-retargeting,click,0.3,0.0,True
usr-00663,jrn-01326,evt-0004840,2025-04-29 17:00:00+00:00,display,display-retargeting,impression,0.036,0.0,True
usr-00017,jrn-00034,evt-0000139,2025-04-29 18:00:00+00:00,display,display-retargeting,impression,0.036,0.0,True
usr-00776,jrn-01553,evt-0005643,2025-04-29 19:00:00+00:00,paid_search,brand-search,click,1.2,0.0,True
usr-00512,jrn-01025,evt-0003766,2025-04-29 21:00:00+00:00,display,display-retargeting,impression,0.036,0.0,True
usr-00418,jrn-00837,evt-0003103,2025-04-29 22:00:00+00:00,paid_search,brand-search,impression,0.144,0.0,True
usr-00728,jrn-01457,evt-0005293,2025-04-29 23:00:00+00:00,organic,seo-content,click,0.08,0.0,True
usr-00211,jrn-00422,evt-0001551,2025-04-29 23:00:00+00:00,display,display-retargeting,click,0.3,0.0,True
usr-00573,jrn-01147,evt-0004207,2025-04-29 23:00:00+00:00,organic,seo-content,impression,0.0096,0.0,True
usr-00776,jrn-01553,evt-0005644,2025-04-29 23:00:00+00:00,display,display-retargeting,impression,0.036,0.0,True
usr-00832,jrn-01664,evt-0006064,2025-04-30 00:00:00+00:00,social,social-prospecting,click,0.65,0.0,True
usr-00581,jrn-01162,evt-0004257,2025-04-30 00:00:00+00:00,affiliate,partner-network,impression,0.108,0.0,True
usr-00776,jrn-01553,evt-0005645,2025-04-30 01:00:00+00:00,organic,seo-content,click,0.08,0.0,True
usr-00211,jrn-00422,evt-0001552,2025-04-30 01:00:00+00:00,email,lifecycle-email,impression,0.0048,0.0,True
usr-00500,jrn-01001,evt-0003686,2025-04-30 01:00:00+00:00,affiliate,partner-network,impression,0.108,0.0,True
usr-00187,jrn-00374,evt-0001383,2025-04-30 02:00:00+00:00,paid_search,brand-search,click,1.2,0.0,False
usr-00439,jrn-00878,evt-0003250,2025-04-30 03:00:00+00:00,paid_search,brand-search,click,1.2,0.0,True
usr-00591,jrn-01182,evt-0004323,2025-04-30 03:00:00+00:00,paid_search,brand-search,impression,0.144,0.0,True
usr-00154,jrn-00309,evt-0001125,2025-04-30 05:00:00+00:00,display,display-retargeting,impression,0.036,0.0,True
usr-00626,jrn-01253,evt-0004584,2025-04-30 05:00:00+00:00,email,lifecycle-email,click,0.04,0.0,True
usr-00663,jrn-01326,evt-0004843,2025-04-30 08:00:00+00:00,organic,seo-content,click,0.08,0.0,True
usr-00663,jrn-01326,evt-0004841,2025-04-30 09:00:00+00:00,affiliate,partner-network,click,0.9,0.0,True
usr-00415,jrn-00831,evt-0003080,2025-04-30 10:00:00+00:00,social,social-prospecting,impression,0.078,0.0,True
usr-00842,jrn-01685,evt-0006133,2025-04-30 10:00:00+00:00,organic,seo-content,conversion,0.0,133.46,True
usr-00573,jrn-01147,evt-0004208,2025-04-30 10:00:00+00:00,email,lifecycle-email,click,0.04,0.0,True
usr-00714,jrn-01429,evt-0005196,2025-04-30 12:00:00+00:00,affiliate,partner-network,click,0.9,0.0,True
usr-00439,jrn-00878,evt-0003251,2025-04-30 12:00:00+00:00,paid_search,brand-search,click,1.2,0.0,True
usr-00415,jrn-00831,evt-0003081,2025-04-30 12:00:00+00:00,display,display-retargeting,impression,0.036,0.0,True
usr-00512,jrn-01025,evt-0003767,2025-04-30 13:00:00+00:00,email,lifecycle-email,click,0.04,0.0,True
usr-00160,jrn-00321,evt-0001170,2025-04-30 14:00:00+00:00,affiliate,partner-network,click,0.9,0.0,True
usr-00418,jrn-00837,evt-0003104,2025-04-30 15:00:00+00:00,email,lifecycle-email,impression,0.0048,0.0,True
usr-00626,jrn-01253,evt-0004585,2025-04-30 19:00:00+00:00,social,social-prospecting,click,0.65,0.0,True
usr-00125,jrn-00250,evt-0000931,2025-04-30 20:00:00+00:00,display,display-retargeting,click,0.3,0.0,True
usr-00151,jrn-00302,evt-0001102,2025-04-30 20:00:00+00:00,organic,seo-content,impression,0.0096,0.0,True
usr-00774,jrn-01549,evt-0005629,2025-04-30 21:00:00+00:00,paid_search,brand-search,impression,0.144,0.0,True
usr-00154,jrn-00309,evt-0001126,2025-04-30 22:00:00+00:00,display,display-retargeting,click,0.3,0.0,True
usr-00418,jrn-00837,evt-0003106,2025-04-30 22:00:00+00:00,organic,seo-content,click,0.08,0.0,True
usr-00160,jrn-00321,evt-0001171,2025-04-30 23:00:00+00:00,affiliate,partner-network,click,0.9,0.0,True
usr-00663,jrn-01326,evt-0004842,2025-04-30 23:00:00+00:00,organic,seo-content,click,0.08,0.0,True
usr-00151,jrn-00303,evt-0001103,2025-05-01 00:00:00+00:00,social,social-prospecting,click,0.65,0.0,True
usr-00663,jrn-01326,evt-0004844,2025-05-01 01:00:00+00:00,affiliate,partner-network,click,0.9,0.0,True
usr-00305,jrn-00610,evt-0002265,2025-05-01 03:00:00+00:00,organic,seo-content,impression,0.0096,0.0,True
usr-00160,jrn-00321,evt-0001172,2025-05-01 04:00:00+00:00,organic,seo-content,click,0.08,0.0,True
usr-00151,jrn-00303,evt-0001104,2025-05-01 04:00:00+00:00,paid_search,brand-search,click,1.2,0.0,True
usr-00076,jrn-00153,evt-0000577,2025-05-01 04:00:00+00:00,email,lifecycle-email,click,0.04,0.0,True
usr-00245,jrn-00490,evt-0001819,2025-05-01 04:00:00+00:00,affiliate,partner-network,click,0.9,0.0,True
usr-00125,jrn-00250,evt-0000932,2025-05-01 07:00:00+00:00,social,social-prospecting,click,0.65,0.0,True
usr-00151,jrn-00303,evt-0001105,2025-05-01 08:00:00+00:00,display,display-retargeting,click,0.3,0.0,True
usr-00418,jrn-00837,evt-0003105,2025-05-01 08:00:00+00:00,paid_search,brand-search,click,1.2,0.0,True
usr-00063,jrn-00126,evt-0000476,2025-05-01 08:00:00+00:00,organic,seo-content,conversion,0.0,132.89,True
usr-00539,jrn-01078,evt-0003963,2025-05-01 09:00:00+00:00,organic,seo-content,impression,0.0096,0.0,True
usr-00154,jrn-00309,evt-0001127,2025-05-01 11:00:00+00:00,affiliate,partner-network,click,0.9,0.0,True
usr-00609,jrn-01218,evt-0004453,2025-05-01 12:00:00+00:00,social,social-prospecting,impression,0.078,0.0,True
usr-00483,jrn-00966,evt-0003568,2025-05-01 12:00:00+00:00,paid_search,brand-search,click,1.2,0.0,True
usr-00211,jrn-00422,evt-0001553,2025-05-01 13:00:00+00:00,display,display-retargeting,click,0.3,0.0,True
usr-00086,jrn-00173,evt-0000655,2025-05-01 14:00:00+00:00,organic,seo-content,click,0.08,0.0,True
usr-00415,jrn-00831,evt-0003082,2025-05-01 14:00:00+00:00,affiliate,partner-network,click,0.9,0.0,True
usr-00774,jrn-01549,evt-0005630,2025-05-01 14:00:00+00:00,display,display-retargeting,impression,0.036,0.0,True
usr-00086,jrn-00173,evt-0000656,2025-05-01 16:00:00+00:00,paid_search,brand-search,click,1.2,0.0,True
usr-00375,jrn-00750,evt-0002780,2025-05-01 18:00:00+00:00,email,lifecycle-email,click,0.04,0.0,True
usr-00470,jrn-00940,evt-0003476,2025-05-01 19:00:00+00:00,affiliate,partner-network,impression,0.108,0.0,False
usr-00076,jrn-00153,evt-0000578,2025-05-01 19:00:00+00:00,display,display-retargeting,click,0.3,0.0,True
usr-00160,jrn-00321,evt-0001173,2025-05-01 20:00:00+00:00,display,display-retargeting,click,0.3,0.0,False
usr-00245,jrn-00490,evt-0001820,2025-05-01 20:00:00+00:00,social,social-prospecting,click,0.65,0.0,True
usr-00076,jrn-00153,evt-0000581,2025-05-01 20:00:00+00:00,social,social-prospecting,click,0.65,0.0,True
usr-00500,jrn-01001,evt-0003687,2025-05-01 21:00:00+00:00,affiliate,partner-network,conversion,0.0,27.22,True
usr-00415,jrn-00831,evt-0003083,2025-05-01 22:00:00+00:00,social,social-prospecting,click,0.65,0.0,True
usr-00297,jrn-00595,evt-0002197,2025-05-02 01:00:00+00:00,affiliate,partner-network,click,0.9,0.0,True
usr-00539,jrn-01078,evt-0003964,2025-05-02 02:00:00+00:00,email,lifecycle-email,impression,0.0048,0.0,True
usr-00151,jrn-00303,evt-0001106,2025-05-02 03:00:00+00:00,social,social-prospecting,impression,0.078,0.0,True
usr-00325,jrn-00651,evt-0002409,2025-05-02 03:00:00+00:00,affiliate,partner-network,click,0.9,0.0,True
usr-00368,jrn-00736,evt-0002727,2025-05-02 03:00:00+00:00,social,social-prospecting,click,0.65,0.0,True
usr-00470,jrn-00940,evt-0003479,2025-05-02 04:00:00+00:00,display,display-retargeting,impression,0.036,0.0,True
usr-00375,jrn-00750,evt-0002781,2025-05-02 04:00:00+00:00,display,display-retargeting,click,0.3,0.0,True
usr-00245,jrn-00490,evt-0001821,2025-05-02 04:00:00+00:00,social,social-prospecting,click,0.65,0.0,True
usr-00470,jrn-00940,evt-0003477,2025-05-02 05:00:00+00:00,email,lifecycle-email,click,0.04,0.0,True
usr-00572,jrn-01145,evt-0004200,2025-05-02 08:00:00+00:00,organic,seo-content,impression,0.0096,0.0,True
usr-00297,jrn-00595,evt-0002198,2025-05-02 08:00:00+00:00,email,lifecycle-email,impression,0.0048,0.0,True
usr-00211,jrn-00422,evt-0001554,2025-05-02 09:00:00+00:00,social,social-prospecting,click,0.65,0.0,True
usr-00619,jrn-01239,evt-0004533,2025-05-02 10:00:00+00:00,display,display-retargeting,impression,0.036,0.0,True
usr-00403,jrn-00807,evt-0002996,2025-05-02 11:00:00+00:00,paid_search,brand-search,click,1.2,0.0,True
usr-00076,jrn-00153,evt-0000579,2025-05-02 14:00:00+00:00,organic,seo-content,click,0.08,0.0,True
usr-00086,jrn-00173,evt-0000657,2025-05-02 14:00:00+00:00,email,lifecycle-email,impression,0.0048,0.0,True
usr-00070,jrn-00140,evt-0000535,2025-05-02 15:00:00+00:00,display,display-retargeting,impression,0.036,0.0,True
usr-00619,jrn-01239,evt-0004535,2025-05-02 16:00:00+00:00,email,lifecycle-email,click,0.04,0.0,True
usr-00151,jrn-00303,evt-0001107,2025-05-02 16:00:00+00:00,social,social-prospecting,click,0.65,0.0,True
usr-00160,jrn-00321,evt-0001174,2025-05-02 18:00:00+00:00,display,display-retargeting,impression,0.036,0.0,True
usr-00368,jrn-00736,evt-0002728,2025-05-02 18:00:00+00:00,display,display-retargeting,click,0.3,0.0,True
usr-00154,jrn-00309,evt-0001128,2025-05-02 18:00:00+00:00,affiliate,partner-network,conversion,0.0,39.03,True
usr-00619,jrn-01239,evt-0004534,2025-05-02 19:00:00+00:00,email,lifecycle-email,click,0.04,0.0,True
usr-00470,jrn-00940,evt-0003478,2025-05-02 19:00:00+00:00,social,social-prospecting,impression,0.078,0.0,True
usr-00663,jrn-01326,evt-0004845,2025-05-02 20:00:00+00:00,social,social-prospecting,impression,0.078,0.0,True
usr-00403,jrn-00807,evt-0002998,2025-05-02 21:00:00+00:00,email,lifecycle-email,click,0.04,0.0,True
usr-00375,jrn-00750,evt-0002782,2025-05-03 00:00:00+00:00,paid_search,brand-search,click,1.2,0.0,True
usr-00403,jrn-00807,evt-0002997,2025-05-03 01:00:00+00:00,organic,seo-content,click,0.08,0.0,True
usr-00619,jrn-01239,evt-0004536,2025-05-03 01:00:00+00:00,social,social-prospecting,click,0.65,0.0,True
usr-00572,jrn-01145,evt-0004201,2025-05-03 01:00:00+00:00,display,display-retargeting,impression,0.036,0.0,True
usr-00239,jrn-00478,evt-0001763,2025-05-03 01:00:00+00:00,email,lifecycle-email,click,0.04,0.0,True
usr-00297,jrn-00595,evt-0002199,2025-05-03 01:00:00+00:00,paid_search,brand-search,click,1.2,0.0,True
usr-00415,jrn-00831,evt-0003084,2025-05-03 02:00:00+00:00,display,display-retargeting,click,0.3,0.0,True
usr-00368,jrn-00736,evt-0002729,2025-05-03 05:00:00+00:00,display,display-retargeting,impression,0.036,0.0,True
usr-00239,jrn-00478,evt-0001765,2025-05-03 05:00:00+00:00,social,social-prospecting,click,0.65,0.0,True
usr-00412,jrn-00825,evt-0003063,2025-05-03 06:00:00+00:00,affiliate,partner-network,impression,0.108,0.0,True
usr-00076,jrn-00153,evt-0000580,2025-05-03 07:00:00+00:00,paid_search,brand-search,click,1.2,0.0,True
usr-00245,jrn-00490,evt-0001822,2025-05-03 07:00:00+00:00,organic,seo-content,impression,0.0096,0.0,True
usr-00230,jrn-00461,evt-0001692,2025-05-03 08:00:00+00:00,paid_search,brand-search,click,1.2,0.0,True
usr-00412,jrn-00825,evt-0003064,2025-05-03 09:00:00+00:00,paid_search,brand-search,click,1.2,0.0,True
usr-00775,jrn-01550,evt-0005631,2025-05-03 12:00:00+00:00,affiliate,partner-network,impression,0.108,0.0,True
usr-00239,jrn-00478,evt-0001764,2025-05-03 14:00:00+00:00,email,lifecycle-email,click,0.04,0.0,True
usr-00735,jrn-01471,evt-0005348,2025-05-03 15:00:00+00:00,organic,seo-content,click,0.08,0.0,True
usr-00297,jrn-00595,evt-0002201,2025-05-03 17:00:00+00:00,paid_search,brand-search,click,1.2,0.0,True
usr-00412,jrn-00825,evt-0003065,2025-05-03 20:00:00+00:00,organic,seo-content,click,0.08,0.0,True
usr-00342,jrn-00685,evt-0002536,2025-05-03 21:00:00+00:00,organic,seo-content,impression,0.0096,0.0,True
usr-00735,jrn-01471,evt-0005349,2025-05-03 21:00:00+00:00,email,lifecycle-email,click,0.04,0.0,True
usr-00297,jrn-00595,evt-0002202,2025-05-03 22:00:00+00:00,social,social-prospecting,click,0.65,0.0,True
usr-00745,jrn-01491,evt-0005427,2025-05-04 00:00:00+00:00,paid_search,brand-search,impression,0.144,0.0,True
usr-00230,jrn-00461,evt-0001693,2025-05-04 00:00:00+00:00,paid_search,brand-search,click,1.2,0.0,True
usr-00775,jrn-01550,evt-0005635,2025-05-04 00:00:00+00:00,paid_search,brand-search,click,1.2,0.0,True
usr-00642,jrn-01285,evt-0004707,2025-05-04 03:00:00+00:00,organic,seo-content,click,0.08,0.0,False
usr-00368,jrn-00736,evt-0002730,2025-05-04 03:00:00+00:00,paid_search,brand-search,click,1.2,0.0,True
usr-00160,jrn-00321,evt-0001175,2025-05-04 03:00:00+00:00,affiliate,partner-network,click,0.9,0.0,True
usr-00894,jrn-01788,evt-0006508,2025-05-04 04:00:00+00:00,display,display-retargeting,click,0.3,0.0,True
usr-00297,jrn-00595,evt-0002200,2025-05-04 04:00:00+00:00,paid_search,brand-search,impression,0.144,0.0,True
usr-00775,jrn-01550,evt-0005632,2025-05-04 05:00:00+00:00,affiliate,partner-network,click,0.9,0.0,True
usr-00735,jrn-01471,evt-0005350,2025-05-04 07:00:00+00:00,affiliate,partner-network,click,0.9,0.0,True
usr-00752,jrn-01504,evt-0005473,2025-05-04 07:00:00+00:00,social,social-prospecting,click,0.65,0.0,True
usr-00289,jrn-00579,evt-0002137,2025-05-04 09:00:00+00:00,social,social-prospecting,click,0.65,0.0,True
usr-00069,jrn-00138,evt-0000529,2025-05-04 09:00:00+00:00,display,display-retargeting,click,0.3,0.0,True
usr-00565,jrn-01131,evt-0004145,2025-05-04 09:00:00+00:00,social,social-prospecting,click,0.65,0.0,True
usr-00745,jrn-01491,evt-0005430,2025-05-04 09:00:00+00:00,affiliate,partner-network,click,0.9,0.0,True
usr-00619,jrn-01239,evt-0004537,2025-05-04 10:00:00+00:00,email,lifecycle-email,impression,0.0048,0.0,True
usr-00775,jrn-01550,evt-0005633,2025-05-04 10:00:00+00:00,organic,seo-content,click,0.08,0.0,True
usr-00342,jrn-00685,evt-0002537,2025-05-04 11:00:00+00:00,affiliate,partner-network,impression,0.108,0.0,True
usr-00752,jrn-01504,evt-0005474,2025-05-04 12:00:00+00:00,social,social-prospecting,click,0.65,0.0,True
usr-00642,jrn-01285,evt-0004710,2025-05-04 12:00:00+00:00,affiliate,partner-network,impression,0.108,0.0,True
usr-00745,jrn-01491,evt-0005429,2025-05-04 14:00:00+00:00,paid_search,brand-search,click,1.2,0.0,True
usr-00745,jrn-01491,evt-0005428,2025-05-04 15:00:00+00:00,social,social-prospecting,click,0.65,0.0,True
usr-00894,jrn-01788,evt-0006511,2025-05-04 16:00:00+00:00,organic,seo-content,click,0.08,0.0,True
usr-00178,jrn-00356,evt-0001317,2025-05-04 16:00:00+00:00,social,social-prospecting,impression,0.078,0.0,True
usr-00735,jrn-01470,evt-0005344,2025-05-04 17:00:00+00:00,organic,seo-content,impression,0.0096,0.0,True
usr-00894,jrn-01788,evt-0006509,2025-05-04 17:00:00+00:00,organic,seo-content,impression,0.0096,0.0,True
usr-00192,jrn-00384,evt-0001424,2025-05-04 18:00:00+00:00,social,social-prospecting,click,0.65,0.0,True
usr-00565,jrn-01131,evt-0004146,2025-05-04 19:00:00+00:00,email,lifecycle-email,click,0.04,0.0,True
usr-00642,jrn-01285,evt-0004708,2025-05-04 19:00:00+00:00,display,display-retargeting,click,0.3,0.0,True
usr-00342,jrn-00685,evt-0002539,2025-05-04 21:00:00+00:00,display,display-retargeting,click,0.3,0.0,True
usr-00412,jrn-00825,evt-0003066,2025-05-04 21:00:00+00:00,organic,seo-content,click,0.08,0.0,True
usr-00334,jrn-00668,evt-0002472,2025-05-04 23:00:00+00:00,social,social-prospecting,click,0.65,0.0,True
usr-00786,jrn-01572,evt-0005717,2025-05-04 23:00:00+00:00,paid_search,brand-search,impression,0.144,0.0,True
usr-00069,jrn-00138,evt-0000530,2025-05-05 00:00:00+00:00,affiliate,partner-network,impression,0.108,0.0,True
usr-00894,jrn-01788,evt-0006510,2025-05-05 00:00:00+00:00,organic,seo-content,impression,0.0096,0.0,True
usr-00775,jrn-01550,evt-0005634,2025-05-05 00:00:00+00:00,email,lifecycle-email,click,0.04,0.0,True
usr-00735,jrn-01471,evt-0005352,2025-05-05 03:00:00+00:00,social,social-prospecting,click,0.65,0.0,True
usr-00735,jrn-01471,evt-0005351,2025-05-05 03:00:00+00:00,display,display-retargeting,impression,0.036,0.0,True
usr-00342,jrn-00685,evt-0002538,2025-05-05 03:00:00+00:00,organic,seo-content,impression,0.0096,0.0,True
usr-00192,jrn-00384,evt-0001425,2025-05-05 04:00:00+00:00,organic,seo-content,click,0.08,0.0,True
usr-00735,jrn-01470,evt-0005345,2025-05-05 05:00:00+00:00,affiliate,partner-network,click,0.9,0.0,True
usr-00642,jrn-01285,evt-0004709,2025-05-05 07:00:00+00:00,email,lifecycle-email,impression,0.0048,0.0,True
usr-00076,jrn-00153,evt-0000582,2025-05-05 07:00:00+00:00,social,social-prospecting,conversion,0.0,194.28,True
usr-00735,jrn-01470,evt-0005346,2025-05-05 09:00:00+00:00,organic,seo-content,click,0.08,0.0,True
usr-00441,jrn-00883,evt-0003267,2025-05-05 10:00:00+00:00,social,social-prospecting,impression,0.078,0.0,True
usr-00441,jrn-00883,evt-0003269,2025-05-05 14:00:00+00:00,email,lifecycle-email,impression,0.0048,0.0,True
usr-00334,jrn-00668,evt-0002473,2025-05-05 15:00:00+00:00,organic,seo-content,click,0.08,0.0,True
usr-00684,jrn-01368,evt-0004991,2025-05-05 15:00:00+00:00,paid_search,brand-search,click,1.2,0.0,True
usr-00752,jrn-01504,evt-0005475,2025-05-05 17:00:00+00:00,social,social-prospecting,impression,0.078,0.0,True
usr-00334,jrn-00668,evt-0002475,2025-05-05 17:00:00+00:00,display,display-retargeting,click,0.3,0.0,True
usr-00334,jrn-00668,evt-0002474,2025-05-05 17:00:00+00:00,social,social-prospecting,impression,0.078,0.0,True
usr-00441,jrn-00883,evt-0003268,2025-05-05 18:00:00+00:00,paid_search,brand-search,click,1.2,0.0,True
usr-00441,jrn-00883,evt-0003270,2025-05-05 19:00:00+00:00,paid_search,brand-search,click,1.2,0.0,True
usr-00786,jrn-01572,evt-0005718,2025-05-05 20:00:00+00:00,paid_search,brand-search,conversion,0.0,81.44,True
usr-00140,jrn-00280,evt-0001019,2025-05-05 21:00:00+00:00,organic,seo-content,impression,0.0096,0.0,True
usr-00684,jrn-01368,evt-0004992,2025-05-05 23:00:00+00:00,display,display-retargeting,click,0.3,0.0,True
usr-00565,jrn-01131,evt-0004147,2025-05-05 23:00:00+00:00,email,lifecycle-email,conversion,0.0,173.14,True
usr-00619,jrn-01239,evt-0004538,2025-05-05 23:00:00+00:00,organic,seo-content,click,0.08,0.0,True
usr-00171,jrn-00342,evt-0001268,2025-05-06 00:00:00+00:00,affiliate,partner-network,impression,0.108,0.0,True
usr-00775,jrn-01550,evt-0005636,2025-05-06 00:00:00+00:00,paid_search,brand-search,impression,0.144,0.0,True
usr-00318,jrn-00636,evt-0002366,2025-05-06 01:00:00+00:00,email,lifecycle-email,impression,0.0048,0.0,True
usr-00130,jrn-00261,evt-0000959,2025-05-06 01:00:00+00:00,display,display-retargeting,impression,0.036,0.0,True
usr-00747,jrn-01494,evt-0005437,2025-05-06 05:00:00+00:00,social,social-prospecting,impression,0.078,0.0,True
usr-00140,jrn-00280,evt-0001023,2025-05-06 05:00:00+00:00,organic,seo-content,click,0.08,0.0,True
usr-00318,jrn-00636,evt-0002367,2025-05-06 05:00:00+00:00,organic,seo-content,click,0.08,0.0,True
usr-00171,jrn-00342,evt-0001269,2025-05-06 07:00:00+00:00,email,lifecycle-email,click,0.04,0.0,True
usr-00334,jrn-00668,evt-0002476,2025-05-06 07:00:00+00:00,email,lifecycle-email,click,0.04,0.0,True
usr-00140,jrn-00280,evt-0001020,2025-05-06 09:00:00+00:00,affiliate,partner-network,click,0.9,0.0,True
usr-00130,jrn-00261,evt-0000960,2025-05-06 09:00:00+00:00,display,display-retargeting,click,0.3,0.0,True
usr-00318,jrn-00636,evt-0002368,2025-05-06 09:00:00+00:00,affiliate,partner-network,impression,0.108,0.0,True
usr-00684,jrn-01368,evt-0004993,2025-05-06 11:00:00+00:00,email,lifecycle-email,click,0.04,0.0,True
usr-00653,jrn-01306,evt-0004772,2025-05-06 12:00:00+00:00,email,lifecycle-email,impression,0.0048,0.0,True
usr-00747,jrn-01494,evt-0005438,2025-05-06 12:00:00+00:00,organic,seo-content,click,0.08,0.0,True
usr-00735,jrn-01470,evt-0005347,2025-05-06 14:00:00+00:00,social,social-prospecting,impression,0.078,0.0,True
usr-00653,jrn-01306,evt-0004773,2025-05-06 14:00:00+00:00,affiliate,partner-network,impression,0.108,0.0,True
usr-00745,jrn-01491,evt-0005431,2025-05-06 16:00:00+00:00,email,lifecycle-email,click,0.04,0.0,True
usr-00653,jrn-01306,evt-0004774,2025-05-06 18:00:00+00:00,display,display-retargeting,click,0.3,0.0,True
usr-00005,jrn-00011,evt-0000047,2025-05-06 19:00:00+00:00,paid_search,brand-search,click,1.2,0.0,True
usr-00642,jrn-01285,evt-0004711,2025-05-06 19:00:00+00:00,organic,seo-content,click,0.08,0.0,True
usr-00544,jrn-01089,evt-0004011,2025-05-06 19:00:00+00:00,display,display-retargeting,click,0.3,0.0,True
usr-00171,jrn-00342,evt-0001272,2025-05-06 20:00:00+00:00,display,display-retargeting,click,0.3,0.0,True
usr-00156,jrn-00312,evt-0001137,2025-05-06 22:00:00+00:00,organic,seo-content,click,0.08,0.0,True
usr-00016,jrn-00033,evt-0000133,2025-05-07 00:00:00+00:00,display,display-retargeting,impression,0.036,0.0,True
usr-00171,jrn-00342,evt-0001270,2025-05-07 00:00:00+00:00,paid_search,brand-search,click,1.2,0.0,True
usr-00318,jrn-00636,evt-0002370,2025-05-07 01:00:00+00:00,social,social-prospecting,click,0.65,0.0,True
usr-00653,jrn-01306,evt-0004775,2025-05-07 03:00:00+00:00,display,display-retargeting,click,0.3,0.0,True
usr-00805,jrn-01610,evt-0005865,2025-05-07 03:00:00+00:00,paid_search,brand-search,click,1.2,0.0,True
usr-00140,jrn-00280,evt-0001021,2025-05-07 03:00:00+00:00,display,display-retargeting,click,0.3,0.0,True
usr-00653,jrn-01306,evt-0004776,2025-05-07 04:00:00+00:00,social,social-prospecting,click,0.65,0.0,True
usr-00544,jrn-01089,evt-0004016,2025-05-07 05:00:00+00:00,organic,seo-content,click,0.08,0.0,True
usr-00852,jrn-01705,evt-0006200,2025-05-07 07:00:00+00:00,paid_search,brand-search,click,1.2,0.0,True
usr-00684,jrn-01368,evt-0004994,2025-05-07 09:00:00+00:00,affiliate,partner-network,click,0.9,0.0,True
usr-00846,jrn-01693,evt-0006150,2025-05-07 09:00:00+00:00,social,social-prospecting,click,0.65,0.0,True
usr-00544,jrn-01089,evt-0004012,2025-05-07 09:00:00+00:00,display,display-retargeting,impression,0.036,0.0,True
usr-00156,jrn-00312,evt-0001138,2025-05-07 10:00:00+00:00,affiliate,partner-network,click,0.9,0.0,True
usr-00805,jrn-01610,evt-0005866,2025-05-07 11:00:00+00:00,affiliate,partner-network,click,0.9,0.0,True
usr-00642,jrn-01285,evt-0004712,2025-05-07 11:00:00+00:00,social,social-prospecting,click,0.65,0.0,True
usr-00171,jrn-00342,evt-0001271,2025-05-07 12:00:00+00:00,social,social-prospecting,click,0.65,0.0,True
usr-00660,jrn-01321,evt-0004822,2025-05-07 13:00:00+00:00,email,lifecycle-email,click,0.04,0.0,True
usr-00318,jrn-00636,evt-0002369,2025-05-07 13:00:00+00:00,paid_search,brand-search,impression,0.144,0.0,True
usr-00849,jrn-01698,evt-0006171,2025-05-07 13:00:00+00:00,paid_search,brand-search,click,1.2,0.0,True
usr-00515,jrn-01030,evt-0003790,2025-05-07 13:00:00+00:00,paid_search,brand-search,impression,0.144,0.0,True
usr-00544,jrn-01089,evt-0004014,2025-05-07 13:00:00+00:00,display,display-retargeting,click,0.3,0.0,True
usr-00164,jrn-00329,evt-0001206,2025-05-07 14:00:00+00:00,social,social-prospecting,click,0.65,0.0,True
usr-00661,jrn-01322,evt-0004824,2025-05-07 15:00:00+00:00,display,display-retargeting,impression,0.036,0.0,True
usr-00846,jrn-01693,evt-0006151,2025-05-07 15:00:00+00:00,social,social-prospecting,click,0.65,0.0,True
usr-00294,jrn-00588,evt-0002167,2025-05-07 15:00:00+00:00,email,lifecycle-email,click,0.04,0.0,True
usr-00077,jrn-00154,evt-0000583,2025-05-07 15:00:00+00:00,organic,seo-content,impression,0.0096,0.0,True
usr-00016,jrn-00033,evt-0000134,2025-05-07 15:00:00+00:00,display,display-retargeting,click,0.3,0.0,True
usr-00667,jrn-01334,evt-0004871,2025-05-07 15:00:00+00:00,affiliate,partner-network,impression,0.108,0.0,True
usr-00852,jrn-01705,evt-0006201,2025-05-07 16:00:00+00:00,organic,seo-content,click,0.08,0.0,True
usr-00130,jrn-00261,evt-0000961,2025-05-07 16:00:00+00:00,display,display-retargeting,conversion,0.0,111.34,True
usr-00065,jrn-00130,evt-0000493,2025-05-07 17:00:00+00:00,display,display-retargeting,impression,0.036,0.0,True
usr-00544,jrn-01089,evt-0004013,2025-05-07 17:00:00+00:00,organic,seo-content,impression,0.0096,0.0,True
usr-00747,jrn-01494,evt-0005439,2025-05-07 18:00:00+00:00,organic,seo-content,conversion,0.0,26.31,True
usr-00164,jrn-00329,evt-0001208,2025-05-07 18:00:00+00:00,paid_search,brand-search,click,1.2,0.0,True
usr-00441,jrn-00883,evt-0003271,2025-05-07 18:00:00+00:00,affiliate,partner-network,impression,0.108,0.0,True
usr-00515,jrn-01030,evt-0003791,2025-05-07 19:00:00+00:00,email,lifecycle-email,click,0.04,0.0,True
usr-00752,jrn-01505,evt-0005476,2025-05-07 19:00:00+00:00,social,social-prospecting,impression,0.078,0.0,True
usr-00661,jrn-01322,evt-0004825,2025-05-07 20:00:00+00:00,display,display-retargeting,impression,0.036,0.0,True
usr-00140,jrn-00280,evt-0001022,2025-05-07 21:00:00+00:00,affiliate,partner-network,impression,0.108,0.0,True
usr-00849,jrn-01698,evt-0006172,2025-05-07 22:00:00+00:00,social,social-prospecting,impression,0.078,0.0,True
usr-00752,jrn-01505,evt-0005477,2025-05-07 22:00:00+00:00,paid_search,brand-search,click,1.2,0.0,True
usr-00164,jrn-00329,evt-0001207,2025-05-07 23:00:00+00:00,email,lifecycle-email,click,0.04,0.0,True
usr-00748,jrn-01496,evt-0005445,2025-05-08 00:00:00+00:00,social,social-prospecting,click,0.65,0.0,True
usr-00053,jrn-00107,evt-0000406,2025-05-08 00:00:00+00:00,affiliate,partner-network,click,0.9,0.0,True
usr-00156,jrn-00312,evt-0001139,2025-05-08 00:00:00+00:00,organic,seo-content,impression,0.0096,0.0,True
usr-00805,jrn-01610,evt-0005867,2025-05-08 01:00:00+00:00,social,social-prospecting,click,0.65,0.0,True
usr-00053,jrn-00107,evt-0000407,2025-05-08 02:00:00+00:00,email,lifecycle-email,click,0.04,0.0,True
usr-00660,jrn-01321,evt-0004823,2025-05-08 02:00:00+00:00,email,lifecycle-email,click,0.04,0.0,True
usr-00065,jrn-00130,evt-0000498,2025-05-08 03:00:00+00:00,organic,seo-content,click,0.08,0.0,True
usr-00294,jrn-00588,evt-0002168,2025-05-08 03:00:00+00:00,affiliate,partner-network,click,0.9,0.0,True
usr-00752,jrn-01505,evt-0005478,2025-05-08 05:00:00+00:00,paid_search,brand-search,impression,0.144,0.0,True
usr-00077,jrn-00155,evt-0000589,2025-05-08 06:00:00+00:00,paid_search,brand-search,click,1.2,0.0,True
usr-00156,jrn-00312,evt-0001141,2025-05-08 06:00:00+00:00,social,social-prospecting,impression,0.078,0.0,True
usr-00262,jrn-00525,evt-0001960,2025-05-08 06:00:00+00:00,paid_search,brand-search,click,1.2,0.0,True
usr-00752,jrn-01505,evt-0005480,2025-05-08 07:00:00+00:00,social,social-prospecting,click,0.65,0.0,True
usr-00077,jrn-00154,evt-0000585,2025-05-08 07:00:00+00:00,email,lifecycle-email,impression,0.0048,0.0,True
usr-00156,jrn-00312,evt-0001140,2025-05-08 07:00:00+00:00,paid_search,brand-search,impression,0.144,0.0,True
usr-00077,jrn-00154,evt-0000584,2025-05-08 07:00:00+00:00,display,display-retargeting,impression,0.036,0.0,True
usr-00065,jrn-00130,evt-0000494,2025-05-08 08:00:00+00:00,social,social-prospecting,impression,0.078,0.0,True
usr-00300,jrn-00601,evt-0002224,2025-05-08 08:00:00+00:00,email,lifecycle-email,impression,0.0048,0.0,True
usr-00629,jrn-01259,evt-0004610,2025-05-08 08:00:00+00:00,paid_search,brand-search,click,1.2,0.0,True
usr-00077,jrn-00155,evt-0000590,2025-05-08 08:00:00+00:00,affiliate,partner-network,click,0.9,0.0,False
usr-00849,jrn-01698,evt-0006173,2025-05-08 09:00:00+00:00,organic,seo-content,click,0.08,0.0,True
usr-00077,jrn-00155,evt-0000591,2025-05-08 10:00:00+00:00,social,social-prospecting,impression,0.078,0.0,True
usr-00846,jrn-01693,evt-0006152,2025-05-08 11:00:00+00:00,display,display-retargeting,click,0.3,0.0,True
usr-00661,jrn-01322,evt-0004827,2025-05-08 12:00:00+00:00,email,lifecycle-email,click,0.04,0.0,True
usr-00077,jrn-00154,evt-0000586,2025-05-08 12:00:00+00:00,affiliate,partner-network,click,0.9,0.0,True
usr-00441,jrn-00883,evt-0003272,2025-05-08 13:00:00+00:00,paid_search,brand-search,click,1.2,0.0,True
usr-00748,jrn-01496,evt-0005446,2025-05-08 13:00:00+00:00,email,lifecycle-email,click,0.04,0.0,True
usr-00629,jrn-01259,evt-0004612,2025-05-08 14:00:00+00:00,email,lifecycle-email,impression,0.0048,0.0,True
usr-00867,jrn-01734,evt-0006311,2025-05-08 14:00:00+00:00,paid_search,brand-search,click,1.2,0.0,True
usr-00830,jrn-01661,evt-0006052,2025-05-08 14:00:00+00:00,organic,seo-content,click,0.08,0.0,True
usr-00544,jrn-01089,evt-0004015,2025-05-08 15:00:00+00:00,paid_search,brand-search,click,1.2,0.0,True
usr-00846,jrn-01693,evt-0006153,2025-05-08 15:00:00+00:00,social,social-prospecting,impression,0.078,0.0,True
usr-00791,jrn-01582,evt-0005750,2025-05-08 16:00:00+00:00,affiliate,partner-network,impression,0.108,0.0,True
usr-00077,jrn-00154,evt-0000588,2025-05-08 16:00:00+00:00,paid_search,brand-search,impression,0.144,0.0,True
usr-00629,jrn-01259,evt-0004611,2025-05-08 18:00:00+00:00,social,social-prospecting,click,0.65,0.0,True
usr-00262,jrn-00525,evt-0001961,2025-05-08 20:00:00+00:00,paid_search,brand-search,click,1.2,0.0,True
usr-00216,jrn-00433,evt-0001594,2025-05-08 20:00:00+00:00,organic,seo-content,click,0.08,0.0,True
usr-00748,jrn-01496,evt-0005447,2025-05-08 20:00:00+00:00,paid_search,brand-search,impression,0.144,0.0,True
usr-00300,jrn-00601,evt-0002225,2025-05-08 21:00:00+00:00,email,lifecycle-email,click,0.04,0.0,False
usr-00216,jrn-00433,evt-0001595,2025-05-08 22:00:00+00:00,display,display-retargeting,click,0.3,0.0,False
usr-00065,jrn-00130,evt-0000495,2025-05-08 23:00:00+00:00,display,display-retargeting,impression,0.036,0.0,True
usr-00318,jrn-00636,evt-0002371,2025-05-08 23:00:00+00:00,organic,seo-content,click,0.08,0.0,True
usr-00065,jrn-00130,evt-0000496,2025-05-08 23:00:00+00:00,affiliate,partner-network,click,0.9,0.0,True
usr-00629,jrn-01259,evt-0004614,2025-05-09 00:00:00+00:00,organic,seo-content,impression,0.0096,0.0,True
usr-00661,jrn-01322,evt-0004826,2025-05-09 01:00:00+00:00,affiliate,partner-network,impression,0.108,0.0,True
usr-00472,jrn-00944,evt-0003485,2025-05-09 05:00:00+00:00,affiliate,partner-network,impression,0.108,0.0,True
usr-00830,jrn-01661,evt-0006053,2025-05-09 05:00:00+00:00,affiliate,partner-network,impression,0.108,0.0,True
usr-00216,jrn-00433,evt-0001596,2025-05-09 06:00:00+00:00,display,display-retargeting,click,0.3,0.0,True
usr-00661,jrn-01322,evt-0004828,2025-05-09 07:00:00+00:00,display,display-retargeting,click,0.3,0.0,True
usr-00216,jrn-00433,evt-0001597,2025-05-09 08:00:00+00:00,social,social-prospecting,impression,0.078,0.0,True
usr-00313,jrn-00627,evt-0002329,2025-05-09 08:00:00+00:00,email,lifecycle-email,click,0.04,0.0,True
usr-00262,jrn-00525,evt-0001962,2025-05-09 08:00:00+00:00,email,lifecycle-email,impression,0.0048,0.0,True
usr-00065,jrn-00130,evt-0000497,2025-05-09 09:00:00+00:00,organic,seo-content,click,0.08,0.0,True
usr-00472,jrn-00944,evt-0003486,2025-05-09 09:00:00+00:00,affiliate,partner-network,click,0.9,0.0,True
usr-00692,jrn-01385,evt-0005053,2025-05-09 09:00:00+00:00,organic,seo-content,click,0.08,0.0,True
usr-00748,jrn-01496,evt-0005448,2025-05-09 09:00:00+00:00,organic,seo-content,impression,0.0096,0.0,True
usr-00739,jrn-01479,evt-0005383,2025-05-09 11:00:00+00:00,paid_search,brand-search,impression,0.144,0.0,True
usr-00692,jrn-01385,evt-0005054,2025-05-09 11:00:00+00:00,affiliate,partner-network,impression,0.108,0.0,True
usr-00077,jrn-00154,evt-0000587,2025-05-09 11:00:00+00:00,social,social-prospecting,click,0.65,0.0,True
usr-00300,jrn-00601,evt-0002226,2025-05-09 12:00:00+00:00,social,social-prospecting,click,0.65,0.0,True
usr-00313,jrn-00627,evt-0002330,2025-05-09 12:00:00+00:00,social,social-prospecting,click,0.65,0.0,True
usr-00169,jrn-00339,evt-0001257,2025-05-09 15:00:00+00:00,display,display-retargeting,click,0.3,0.0,True
usr-00111,jrn-00223,evt-0000831,2025-05-09 17:00:00+00:00,affiliate,partner-network,impression,0.108,0.0,True
usr-00313,jrn-00627,evt-0002331,2025-05-09 18:00:00+00:00,affiliate,partner-network,impression,0.108,0.0,True
usr-00695,jrn-01391,evt-0005066,2025-05-09 19:00:00+00:00,affiliate,partner-network,impression,0.108,0.0,True
usr-00791,jrn-01582,evt-0005751,2025-05-09 19:00:00+00:00,affiliate,partner-network,conversion,0.0,159.02,True
usr-00752,jrn-01505,evt-0005479,2025-05-09 19:00:00+00:00,organic,seo-content,click,0.08,0.0,True
usr-00177,jrn-00354,evt-0001311,2025-05-09 20:00:00+00:00,paid_search,brand-search,click,1.2,0.0,True
usr-00111,jrn-00223,evt-0000832,2025-05-09 21:00:00+00:00,paid_search,brand-search,click,1.2,0.0,True
usr-00714,jrn-01428,evt-0005189,2025-05-09 23:00:00+00:00,affiliate,partner-network,click,0.9,0.0,True
usr-00286,jrn-00572,evt-0002116,2025-05-09 23:00:00+00:00,organic,seo-content,click,0.08,0.0,True
usr-00313,jrn-00627,evt-0002333,2025-05-10 00:00:00+00:00,email,lifecycle-email,impression,0.0048,0.0,True
usr-00739,jrn-01479,evt-0005384,2025-05-10 00:00:00+00:00,paid_search,brand-search,click,1.2,0.0,True
usr-00169,jrn-00339,evt-0001258,2025-05-10 00:00:00+00:00,organic,seo-content,click,0.08,0.0,True
usr-00584,jrn-01168,evt-0004270,2025-05-10 01:00:00+00:00,email,lifecycle-email,click,0.04,0.0,True
usr-00111,jrn-00223,evt-0000833,2025-05-10 01:00:00+00:00,social,social-prospecting,impression,0.078,0.0,True
usr-00177,jrn-00354,evt-0001313,2025-05-10 02:00:00+00:00,social,social-prospecting,click,0.65,0.0,True
usr-00216,jrn-00433,evt-0001599,2025-05-10 02:00:00+00:00,display,display-retargeting,click,0.3,0.0,True
usr-00472,jrn-00944,evt-0003487,2025-05-10 03:00:00+00:00,paid_search,brand-search,impression,0.144,0.0,True
usr-00773,jrn-01547,evt-0005620,2025-05-10 03:00:00+00:00,social,social-prospecting,click,0.65,0.0,True
usr-00695,jrn-01391,evt-0005069,2025-05-10 04:00:00+00:00,email,lifecycle-email,impression,0.0048,0.0,True
usr-00748,jrn-01496,evt-0005449,2025-05-10 04:00:00+00:00,display,display-retargeting,impression,0.036,0.0,True
usr-00714,jrn-01428,evt-0005190,2025-05-10 05:00:00+00:00,paid_search,brand-search,click,1.2,0.0,True
usr-00472,jrn-00944,evt-0003489,2025-05-10 05:00:00+00:00,display,display-retargeting,impression,0.036,0.0,True
usr-00563,jrn-01127,evt-0004132,2025-05-10 05:00:00+00:00,organic,seo-content,click,0.08,0.0,True
usr-00846,jrn-01693,evt-0006154,2025-05-10 05:00:00+00:00,paid_search,brand-search,impression,0.144,0.0,True
usr-00830,jrn-01661,evt-0006054,2025-05-10 06:00:00+00:00,affiliate,partner-network,conversion,0.0,51.68,True
usr-00106,jrn-00212,evt-0000793,2025-05-10 06:00:00+00:00,affiliate,partner-network,impression,0.108,0.0,True
usr-00695,jrn-01391,evt-0005067,2025-05-10 07:00:00+00:00,display,display-retargeting,impression,0.036,0.0,True
usr-00570,jrn-01141,evt-0004190,2025-05-10 10:00:00+00:00,paid_search,brand-search,click,1.2,0.0,True
usr-00563,jrn-01127,evt-0004133,2025-05-10 10:00:00+00:00,organic,seo-content,click,0.08,0.0,True
usr-00392,jrn-00784,evt-0002902,2025-05-10 11:00:00+00:00,paid_search,brand-search,click,1.2,0.0,True
usr-00692,jrn-01385,evt-0005055,2025-05-10 11:00:00+00:00,paid_search,brand-search,click,1.2,0.0,True
usr-00629,jrn-01259,evt-0004613,2025-05-10 11:00:00+00:00,organic,seo-content,impression,0.0096,0.0,True
usr-00584,jrn-01168,evt-0004271,2025-05-10 11:00:00+00:00,paid_search,brand-search,click,1.2,0.0,True
usr-00773,jrn-01547,evt-0005622,2025-05-10 11:00:00+00:00,display,display-retargeting,click,0.3,0.0,True
usr-00739,jrn-01479,evt-0005385,2025-05-10 13:00:00+00:00,organic,seo-content,click,0.08,0.0,True
usr-00177,jrn-00354,evt-0001312,2025-05-10 13:00:00+00:00,affiliate,partner-network,click,0.9,0.0,True
usr-00773,jrn-01547,evt-0005621,2025-05-10 15:00:00+00:00,affiliate,partner-network,impression,0.108,0.0,True
usr-00629,jrn-01259,evt-0004615,2025-05-10 15:00:00+00:00,email,lifecycle-email,impression,0.0048,0.0,True
usr-00855,jrn-01711,evt-0006223,2025-05-10 15:00:00+00:00,affiliate,partner-network,click,0.9,0.0,True
usr-00286,jrn-00572,evt-0002117,2025-05-10 15:00:00+00:00,paid_search,brand-search,click,1.2,0.0,True
usr-00106,jrn-00212,evt-0000794,2025-05-10 16:00:00+00:00,email,lifecycle-email,click,0.04,0.0,True
usr-00589,jrn-01179,evt-0004311,2025-05-10 18:00:00+00:00,email,lifecycle-email,impression,0.0048,0.0,True
usr-00695,jrn-01391,evt-0005068,2025-05-10 19:00:00+00:00,email,lifecycle-email,click,0.04,0.0,True
usr-00304,jrn-00608,evt-0002250,2025-05-10 20:00:00+00:00,social,social-prospecting,click,0.65,0.0,True
usr-00563,jrn-01127,evt-0004134,2025-05-10 21:00:00+00:00,email,lifecycle-email,click,0.04,0.0,True
usr-00570,jrn-01141,evt-0004191,2025-05-10 22:00:00+00:00,paid_search,brand-search,click,1.2,0.0,False
usr-00577,jrn-01155,evt-0004230,2025-05-10 23:00:00+00:00,email,lifecycle-email,click,0.04,0.0,True
usr-00714,jrn-01428,evt-0005193,2025-05-10 23:00:00+00:00,paid_search,brand-search,click,1.2,0.0,True
usr-00593,jrn-01186,evt-0004335,2025-05-11 00:00:00+00:00,display,display-retargeting,impression,0.036,0.0,True
usr-00589,jrn-01179,evt-0004312,2025-05-11 00:00:00+00:00,affiliate,partner-network,click,0.9,0.0,True
usr-00721,jrn-01443,evt-0005250,2025-05-11 00:00:00+00:00,email,lifecycle-email,impression,0.0048,0.0,True
usr-00108,jrn-00216,evt-0000809,2025-05-11 01:00:00+00:00,display,display-retargeting,impression,0.036,0.0,True
usr-00392,jrn-00784,evt-0002903,2025-05-11 02:00:00+00:00,display,display-retargeting,impression,0.036,0.0,True
usr-00878,jrn-01757,evt-0006392,2025-05-11 02:00:00+00:00,organic,seo-content,impression,0.0096,0.0,True
usr-00856,jrn-01713,evt-0006232,2025-05-11 02:00:00+00:00,paid_search,brand-search,click,1.2,0.0,True
usr-00304,jrn-00608,evt-0002252,2025-05-11 02:00:00+00:00,email,lifecycle-email,impression,0.0048,0.0,True
usr-00714,jrn-01428,evt-0005191,2025-05-11 03:00:00+00:00,organic,seo-content,click,0.08,0.0,True
usr-00584,jrn-01168,evt-0004272,2025-05-11 03:00:00+00:00,social,social-prospecting,click,0.65,0.0,True
usr-00783,jrn-01567,evt-0005698,2025-05-11 03:00:00+00:00,paid_search,brand-search,impression,0.144,0.0,True
usr-00106,jrn-00212,evt-0000795,2025-05-11 04:00:00+00:00,email,lifecycle-email,click,0.04,0.0,True
usr-00304,jrn-00608,evt-0002251,2025-05-11 05:00:00+00:00,affiliate,partner-network,impression,0.108,0.0,True
usr-00286,jrn-00572,evt-0002118,2025-05-11 05:00:00+00:00,email,lifecycle-email,click,0.04,0.0,True
usr-00593,jrn-01186,evt-0004336,2025-05-11 05:00:00+00:00,display,display-retargeting,click,0.3,0.0,True
usr-00577,jrn-01155,evt-0004231,2025-05-11 05:00:00+00:00,social,social-prospecting,impression,0.078,0.0,True
usr-00472,jrn-00944,evt-0003488,2025-05-11 05:00:00+00:00,social,social-prospecting,click,0.65,0.0,True
usr-00855,jrn-01711,evt-0006224,2025-05-11 07:00:00+00:00,paid_search,brand-search,impression,0.144,0.0,True
usr-00313,jrn-00627,evt-0002332,2025-05-11 08:00:00+00:00,affiliate,partner-network,click,0.9,0.0,True
usr-00783,jrn-01567,evt-0005699,2025-05-11 08:00:00+00:00,social,social-prospecting,click,0.65,0.0,True
usr-00860,jrn-01721,evt-0006264,2025-05-11 08:00:00+00:00,email,lifecycle-email,click,0.04,0.0,True
usr-00856,jrn-01713,evt-0006233,2025-05-11 09:00:00+00:00,paid_search,brand-search,impression,0.144,0.0,True
usr-00392,jrn-00785,evt-0002906,2025-05-11 10:00:00+00:00,paid_search,brand-search,impression,0.144,0.0,True
usr-00015,jrn-00030,evt-0000122,2025-05-11 10:00:00+00:00,affiliate,partner-network,click,0.9,0.0,True
usr-00589,jrn-01179,evt-0004313,2025-05-11 10:00:00+00:00,organic,seo-content,click,0.08,0.0,True
usr-00189,jrn-00378,evt-0001398,2025-05-11 11:00:00+00:00,organic,seo-content,impression,0.0096,0.0,True
usr-00692,jrn-01385,evt-0005056,2025-05-11 12:00:00+00:00,affiliate,partner-network,click,0.9,0.0,True
usr-00216,jrn-00433,evt-0001598,2025-05-11 12:00:00+00:00,organic,seo-content,click,0.08,0.0,True
usr-00593,jrn-01186,evt-0004337,2025-05-11 12:00:00+00:00,email,lifecycle-email,impression,0.0048,0.0,True
usr-00304,jrn-00608,evt-0002254,2025-05-11 12:00:00+00:00,social,social-prospecting,click,0.65,0.0,True
usr-00106,jrn-00212,evt-0000797,2025-05-11 14:00:00+00:00,paid_search,brand-search,click,1.2,0.0,True
usr-00345,jrn-00691,evt-0002556,2025-05-11 14:00:00+00:00,affiliate,partner-network,impression,0.108,0.0,True
usr-00577,jrn-01155,evt-0004232,2025-05-11 15:00:00+00:00,social,social-prospecting,impression,0.078,0.0,True
usr-00106,jrn-00212,evt-0000796,2025-05-11 15:00:00+00:00,display,display-retargeting,click,0.3,0.0,True
usr-00860,jrn-01721,evt-0006268,2025-05-11 16:00:00+00:00,display,display-retargeting,click,0.3,0.0,True
usr-00544,jrn-01089,evt-0004017,2025-05-11 17:00:00+00:00,organic,seo-content,conversion,0.0,133.41,True
usr-00189,jrn-00378,evt-0001399,2025-05-11 18:00:00+00:00,organic,seo-content,click,0.08,0.0,True
usr-00345,jrn-00691,evt-0002557,2025-05-11 18:00:00+00:00,social,social-prospecting,impression,0.078,0.0,True
usr-00773,jrn-01547,evt-0005623,2025-05-11 18:00:00+00:00,affiliate,partner-network,click,0.9,0.0,True
usr-00006,jrn-00012,evt-0000048,2025-05-11 18:00:00+00:00,paid_search,brand-search,click,1.2,0.0,True
usr-00860,jrn-01721,evt-0006265,2025-05-11 19:00:00+00:00,paid_search,brand-search,click,1.2,0.0,True
usr-00783,jrn-01567,evt-0005700,2025-05-11 19:00:00+00:00,email,lifecycle-email,click,0.04,0.0,True
usr-00689,jrn-01379,evt-0005037,2025-05-11 19:00:00+00:00,affiliate,partner-network,click,0.9,0.0,True
usr-00392,jrn-00784,evt-0002904,2025-05-11 19:00:00+00:00,display,display-retargeting,click,0.3,0.0,True
usr-00474,jrn-00948,evt-0003504,2025-05-11 20:00:00+00:00,social,social-prospecting,impression,0.078,0.0,True
usr-00392,jrn-00784,evt-0002905,2025-05-11 20:00:00+00:00,organic,seo-content,impression,0.0096,0.0,True
usr-00860,jrn-01721,evt-0006266,2025-05-11 20:00:00+00:00,affiliate,partner-network,click,0.9,0.0,True
usr-00860,jrn-01721,evt-0006267,2025-05-11 20:00:00+00:00,email,lifecycle-email,click,0.04,0.0,True
usr-00392,jrn-00785,evt-0002907,2025-05-11 21:00:00+00:00,organic,seo-content,impression,0.0096,0.0,True
usr-00222,jrn-00444,evt-0001645,2025-05-11 21:00:00+00:00,organic,seo-content,impression,0.0096,0.0,True
usr-00692,jrn-01385,evt-0005058,2025-05-11 21:00:00+00:00,display,display-retargeting,impression,0.036,0.0,True
usr-00677,jrn-01355,evt-0004940,2025-05-11 22:00:00+00:00,paid_search,brand-search,click,1.2,0.0,True
usr-00015,jrn-00030,evt-0000123,2025-05-11 22:00:00+00:00,email,lifecycle-email,click,0.04,0.0,True
usr-00714,jrn-01428,evt-0005192,2025-05-11 23:00:00+00:00,display,display-retargeting,impression,0.036,0.0,True
usr-00152,jrn-00304,evt-0001108,2025-05-11 23:00:00+00:00,affiliate,partner-network,click,0.9,0.0,True
usr-00584,jrn-01169,evt-0004274,2025-05-12 01:00:00+00:00,email,lifecycle-email,impression,0.0048,0.0,True
usr-00855,jrn-01711,evt-0006225,2025-05-12 01:00:00+00:00,social,social-prospecting,click,0.65,0.0,True
usr-00692,jrn-01385,evt-0005057,2025-05-12 01:00:00+00:00,affiliate,partner-network,impression,0.108,0.0,True
usr-00006,jrn-00012,evt-0000049,2025-05-12 02:00:00+00:00,email,lifecycle-email,click,0.04,0.0,True
usr-00856,jrn-01713,evt-0006234,2025-05-12 02:00:00+00:00,email,lifecycle-email,impression,0.0048,0.0,True
usr-00689,jrn-01379,evt-0005038,2025-05-12 03:00:00+00:00,email,lifecycle-email,click,0.04,0.0,True
usr-00106,jrn-00212,evt-0000798,2025-05-12 03:00:00+00:00,paid_search,brand-search,impression,0.144,0.0,True
usr-00584,jrn-01168,evt-0004273,2025-05-12 04:00:00+00:00,display,display-retargeting,click,0.3,0.0,True
usr-00677,jrn-01355,evt-0004944,2025-05-12 06:00:00+00:00,paid_search,brand-search,impression,0.144,0.0,True
usr-00474,jrn-00948,evt-0003506,2025-05-12 06:00:00+00:00,social,social-prospecting,impression,0.078,0.0,True
usr-00589,jrn-01179,evt-0004315,2025-05-12 06:00:00+00:00,organic,seo-content,click,0.08,0.0,True
usr-00788,jrn-01577,evt-0005732,2025-05-12 07:00:00+00:00,email,lifecycle-email,click,0.04,0.0,True
usr-00066,jrn-00132,evt-0000502,2025-05-12 07:00:00+00:00,display,display-retargeting,click,0.3,0.0,True
usr-00015,jrn-00030,evt-0000124,2025-05-12 08:00:00+00:00,email,lifecycle-email,click,0.04,0.0,True
usr-00677,jrn-01355,evt-0004941,2025-05-12 08:00:00+00:00,organic,seo-content,impression,0.0096,0.0,True
usr-00304,jrn-00608,evt-0002253,2025-05-12 11:00:00+00:00,display,display-retargeting,click,0.3,0.0,True
usr-00851,jrn-01702,evt-0006183,2025-05-12 11:00:00+00:00,social,social-prospecting,impression,0.078,0.0,True
usr-00593,jrn-01186,evt-0004339,2025-05-12 12:00:00+00:00,email,lifecycle-email,click,0.04,0.0,True
usr-00474,jrn-00948,evt-0003505,2025-05-12 13:00:00+00:00,affiliate,partner-network,click,0.9,0.0,True
usr-00856,jrn-01713,evt-0006235,2025-05-12 14:00:00+00:00,affiliate,partner-network,impression,0.108,0.0,True
usr-00015,jrn-00030,evt-0000126,2025-05-12 14:00:00+00:00,email,lifecycle-email,click,0.04,0.0,True
usr-00855,jrn-01711,evt-0006226,2025-05-12 15:00:00+00:00,paid_search,brand-search,click,1.2,0.0,True
usr-00589,jrn-01179,evt-0004314,2025-05-12 15:00:00+00:00,email,lifecycle-email,click,0.04,0.0,True
usr-00474,jrn-00948,evt-0003508,2025-05-12 16:00:00+00:00,paid_search,brand-search,click,1.2,0.0,True
usr-00677,jrn-01355,evt-0004942,2025-05-12 16:00:00+00:00,social,social-prospecting,click,0.65,0.0,True
usr-00788,jrn-01577,evt-0005733,2025-05-12 17:00:00+00:00,affiliate,partner-network,impression,0.108,0.0,True
usr-00006,jrn-00012,evt-0000050,2025-05-12 18:00:00+00:00,display,display-retargeting,click,0.3,0.0,True
usr-00345,jrn-00691,evt-0002558,2025-05-12 18:00:00+00:00,social,social-prospecting,click,0.65,0.0,True
usr-00803,jrn-01606,evt-0005851,2025-05-12 19:00:00+00:00,organic,seo-content,click,0.08,0.0,True
usr-00788,jrn-01577,evt-0005736,2025-05-12 19:00:00+00:00,paid_search,brand-search,click,1.2,0.0,True
usr-00189,jrn-00378,evt-0001400,2025-05-12 19:00:00+00:00,email,lifecycle-email,impression,0.0048,0.0,True
usr-00851,jrn-01702,evt-0006186,2025-05-12 20:00:00+00:00,paid_search,brand-search,impression,0.144,0.0,True
usr-00214,jrn-00428,evt-0001572,2025-05-12 20:00:00+00:00,affiliate,partner-network,impression,0.108,0.0,True
usr-00593,jrn-01186,evt-0004338,2025-05-12 21:00:00+00:00,paid_search,brand-search,impression,0.144,0.0,True
usr-00788,jrn-01577,evt-0005734,2025-05-12 21:00:00+00:00,email,lifecycle-email,impression,0.0048,0.0,True
usr-00066,jrn-00132,evt-0000504,2025-05-12 21:00:00+00:00,display,display-retargeting,impression,0.036,0.0,True
usr-00066,jrn-00132,evt-0000503,2025-05-12 22:00:00+00:00,email,lifecycle-email,impression,0.0048,0.0,True
usr-00211,jrn-00423,evt-0001555,2025-05-12 23:00:00+00:00,social,social-prospecting,click,0.65,0.0,True
usr-00851,jrn-01702,evt-0006184,2025-05-13 01:00:00+00:00,organic,seo-content,click,0.08,0.0,True
usr-00015,jrn-00030,evt-0000125,2025-05-13 01:00:00+00:00,social,social-prospecting,click,0.65,0.0,True
usr-00214,jrn-00428,evt-0001575,2025-05-13 02:00:00+00:00,affiliate,partner-network,click,0.9,0.0,True
usr-00211,jrn-00423,evt-0001557,2025-05-13 03:00:00+00:00,affiliate,partner-network,impression,0.108,0.0,True
usr-00788,jrn-01577,evt-0005735,2025-05-13 04:00:00+00:00,display,display-retargeting,click,0.3,0.0,True
usr-00474,jrn-00948,evt-0003507,2025-05-13 05:00:00+00:00,social,social-prospecting,impression,0.078,0.0,True
usr-00860,jrn-01721,evt-0006269,2025-05-13 05:00:00+00:00,social,social-prospecting,impression,0.078,0.0,True
usr-00211,jrn-00423,evt-0001556,2025-05-13 06:00:00+00:00,social,social-prospecting,impression,0.078,0.0,True
usr-00345,jrn-00691,evt-0002561,2025-05-13 06:00:00+00:00,email,lifecycle-email,impression,0.0048,0.0,True
usr-00200,jrn-00401,evt-0001469,2025-05-13 07:00:00+00:00,affiliate,partner-network,click,0.9,0.0,True
usr-00214,jrn-00428,evt-0001574,2025-05-13 08:00:00+00:00,display,display-retargeting,impression,0.036,0.0,True
usr-00392,jrn-00785,evt-0002908,2025-05-13 08:00:00+00:00,organic,seo-content,conversion,0.0,70.76,True
usr-00214,jrn-00428,evt-0001573,2025-05-13 09:00:00+00:00,email,lifecycle-email,impression,0.0048,0.0,True
usr-00270,jrn-00541,evt-0002014,2025-05-13 09:00:00+00:00,display,display-retargeting,click,0.3,0.0,True
usr-00277,jrn-00554,evt-0002059,2025-05-13 10:00:00+00:00,display,display-retargeting,click,0.3,0.0,True
usr-00200,jrn-00401,evt-0001470,2025-05-13 11:00:00+00:00,organic,seo-content,impression,0.0096,0.0,True
usr-00211,jrn-00423,evt-0001558,2025-05-13 11:00:00+00:00,paid_search,brand-search,click,1.2,0.0,True
usr-00851,jrn-01702,evt-0006188,2025-05-13 12:00:00+00:00,paid_search,brand-search,click,1.2,0.0,True
usr-00593,jrn-01186,evt-0004340,2025-05-13 12:00:00+00:00,paid_search,brand-search,impression,0.144,0.0,True
usr-00110,jrn-00220,evt-0000822,2025-05-13 12:00:00+00:00,social,social-prospecting,click,0.65,0.0,True
usr-00430,jrn-00861,evt-0003191,2025-05-13 14:00:00+00:00,email,lifecycle-email,impression,0.0048,0.0,True
usr-00270,jrn-00541,evt-0002015,2025-05-13 14:00:00+00:00,display,display-retargeting,impression,0.036,0.0,True
usr-00110,jrn-00220,evt-0000823,2025-05-13 14:00:00+00:00,social,social-prospecting,impression,0.078,0.0,True
usr-00851,jrn-01702,evt-0006187,2025-05-13 15:00:00+00:00,display,display-retargeting,click,0.3,0.0,True
usr-00851,jrn-01702,evt-0006185,2025-05-13 15:00:00+00:00,email,lifecycle-email,impression,0.0048,0.0,True
usr-00345,jrn-00691,evt-0002559,2025-05-13 17:00:00+00:00,paid_search,brand-search,click,1.2,0.0,True
usr-00345,jrn-00691,evt-0002560,2025-05-13 18:00:00+00:00,paid_search,brand-search,impression,0.144,0.0,True
usr-00277,jrn-00554,evt-0002060,2025-05-13 18:00:00+00:00,social,social-prospecting,click,0.65,0.0,True
usr-00200,jrn-00401,evt-0001471,2025-05-13 21:00:00+00:00,display,display-retargeting,click,0.3,0.0,True
usr-00200,jrn-00401,evt-0001472,2025-05-13 22:00:00+00:00,display,display-retargeting,click,0.3,0.0,True
usr-00677,jrn-01355,evt-0004943,2025-05-13 22:00:00+00:00,organic,seo-content,click,0.08,0.0,True
usr-00430,jrn-00861,evt-0003192,2025-05-14 01:00:00+00:00,email,lifecycle-email,impression,0.0048,0.0,False
usr-00499,jrn-00999,evt-0003672,2025-05-14 01:00:00+00:00,paid_search,brand-search,click,1.2,0.0,True
usr-00898,jrn-01796,evt-0006538,2025-05-14 03:00:00+00:00,organic,seo-content,click,0.08,0.0,True
usr-00499,jrn-00999,evt-0003673,2025-05-14 05:00:00+00:00,organic,seo-content,impression,0.0096,0.0,True
usr-00007,jrn-00015,evt-0000060,2025-05-14 05:00:00+00:00,paid_search,brand-search,click,1.2,0.0,True
usr-00499,jrn-00999,evt-0003676,2025-05-14 09:00:00+00:00,paid_search,brand-search,click,1.2,0.0,True
usr-00270,jrn-00541,evt-0002017,2025-05-14 09:00:00+00:00,email,lifecycle-email,impression,0.0048,0.0,True
usr-00130,jrn-00260,evt-0000958,2025-05-14 11:00:00+00:00,organic,seo-content,impression,0.0096,0.0,True
usr-00850,jrn-01700,evt-0006180,2025-05-14 11:00:00+00:00,email,lifecycle-email,click,0.04,0.0,True
usr-00110,jrn-00220,evt-0000824,2025-05-14 12:00:00+00:00,social,social-prospecting,click,0.65,0.0,True
usr-00270,jrn-00541,evt-0002016,2025-05-14 13:00:00+00:00,display,display-retargeting,click,0.3,0.0,True
usr-00788,jrn-01577,evt-0005737,2025-05-14 14:00:00+00:00,display,display-retargeting,click,0.3,0.0,True
usr-00499,jrn-00999,evt-0003674,2025-05-14 15:00:00+00:00,email,lifecycle-email,click,0.04,0.0,True
usr-00499,jrn-00999,evt-0003675,2025-05-14 16:00:00+00:00,organic,seo-content,impression,0.0096,0.0,True
usr-00014,jrn-00029,evt-0000117,2025-05-14 19:00:00+00:00,affiliate,partner-network,impression,0.108,0.0,True
usr-00430,jrn-00861,evt-0003193,2025-05-15 00:00:00+00:00,organic,seo-content,click,0.08,0.0,True
usr-00272,jrn-00545,evt-0002025,2025-05-15 00:00:00+00:00,display,display-retargeting,click,0.3,0.0,True
usr-00417,jrn-00834,evt-0003094,2025-05-15 01:00:00+00:00,social,social-prospecting,impression,0.078,0.0,True
usr-00899,jrn-01798,evt-0006540,2025-05-15 01:00:00+00:00,organic,seo-content,click,0.08,0.0,True
usr-00014,jrn-00029,evt-0000118,2025-05-15 02:00:00+00:00,social,social-prospecting,click,0.65,0.0,True
usr-00049,jrn-00099,evt-0000379,2025-05-15 03:00:00+00:00,email,lifecycle-email,impression,0.0048,0.0,True
usr-00406,jrn-00813,evt-0003021,2025-05-15 03:00:00+00:00,email,lifecycle-email,click,0.04,0.0,True
usr-00014,jrn-00029,evt-0000120,2025-05-15 04:00:00+00:00,organic,seo-content,impression,0.0096,0.0,True
usr-00525,jrn-01050,evt-0003864,2025-05-15 05:00:00+00:00,paid_search,brand-search,click,1.2,0.0,True
usr-00283,jrn-00567,evt-0002097,2025-05-15 06:00:00+00:00,affiliate,partner-network,click,0.9,0.0,True
usr-00406,jrn-00813,evt-0003022,2025-05-15 06:00:00+00:00,social,social-prospecting,impression,0.078,0.0,True
usr-00272,jrn-00545,evt-0002027,2025-05-15 06:00:00+00:00,organic,seo-content,click,0.08,0.0,True
usr-00430,jrn-00861,evt-0003194,2025-05-15 08:00:00+00:00,email,lifecycle-email,click,0.04,0.0,True
usr-00417,jrn-00834,evt-0003095,2025-05-15 09:00:00+00:00,social,social-prospecting,impression,0.078,0.0,True
usr-00417,jrn-00834,evt-0003097,2025-05-15 10:00:00+00:00,social,social-prospecting,click,0.65,0.0,True
usr-00406,jrn-00813,evt-0003023,2025-05-15 11:00:00+00:00,organic,seo-content,click,0.08,0.0,True
usr-00049,jrn-00099,evt-0000380,2025-05-15 11:00:00+00:00,email,lifecycle-email,impression,0.0048,0.0,True
usr-00605,jrn-01210,evt-0004427,2025-05-15 11:00:00+00:00,social,social-prospecting,click,0.65,0.0,True
usr-00272,jrn-00545,evt-0002026,2025-05-15 11:00:00+00:00,email,lifecycle-email,click,0.04,0.0,True
usr-00010,jrn-00020,evt-0000082,2025-05-15 14:00:00+00:00,social,social-prospecting,click,0.65,0.0,True
usr-00283,jrn-00567,evt-0002098,2025-05-15 14:00:00+00:00,email,lifecycle-email,click,0.04,0.0,True
usr-00525,jrn-01050,evt-0003865,2025-05-15 14:00:00+00:00,display,display-retargeting,click,0.3,0.0,True
usr-00014,jrn-00029,evt-0000121,2025-05-15 15:00:00+00:00,paid_search,brand-search,impression,0.144,0.0,True
usr-00899,jrn-01798,evt-0006541,2025-05-15 15:00:00+00:00,affiliate,partner-network,click,0.9,0.0,True
usr-00010,jrn-00020,evt-0000083,2025-05-15 16:00:00+00:00,organic,seo-content,click,0.08,0.0,True
usr-00525,jrn-01050,evt-0003866,2025-05-15 17:00:00+00:00,display,display-retargeting,impression,0.036,0.0,True
usr-00417,jrn-00834,evt-0003096,2025-05-15 17:00:00+00:00,social,social-prospecting,impression,0.078,0.0,False
usr-00014,jrn-00029,evt-0000119,2025-05-15 19:00:00+00:00,affiliate,partner-network,click,0.9,0.0,True
usr-00738,jrn-01477,evt-0005374,2025-05-15 19:00:00+00:00,organic,seo-content,click,0.08,0.0,True
usr-00283,jrn-00567,evt-0002099,2025-05-15 22:00:00+00:00,paid_search,brand-search,impression,0.144,0.0,False
usr-00010,jrn-00020,evt-0000084,2025-05-15 22:00:00+00:00,email,lifecycle-email,click,0.04,0.0,True
usr-00620,jrn-01241,evt-0004544,2025-05-15 23:00:00+00:00,display,display-retargeting,impression,0.036,0.0,True
usr-00010,jrn-00020,evt-0000087,2025-05-16 00:00:00+00:00,display,display-retargeting,click,0.3,0.0,True
usr-00276,jrn-00552,evt-0002050,2025-05-16 03:00:00+00:00,email,lifecycle-email,click,0.04,0.0,True
usr-00559,jrn-01118,evt-0004104,2025-05-16 03:00:00+00:00,paid_search,brand-search,click,1.2,0.0,True
usr-00283,jrn-00567,evt-0002100,2025-05-16 03:00:00+00:00,display,display-retargeting,click,0.3,0.0,True
usr-00738,jrn-01477,evt-0005375,2025-05-16 04:00:00+00:00,email,lifecycle-email,click,0.04,0.0,True
usr-00349,jrn-00699,evt-0002596,2025-05-16 04:00:00+00:00,organic,seo-content,impression,0.0096,0.0,True
usr-00416,jrn-00832,evt-0003085,2025-05-16 07:00:00+00:00,email,lifecycle-email,click,0.04,0.0,True
usr-00049,jrn-00099,evt-0000381,2025-05-16 09:00:00+00:00,display,display-retargeting,impression,0.036,0.0,True
usr-00325,jrn-00650,evt-0002408,2025-05-16 09:00:00+00:00,organic,seo-content,impression,0.0096,0.0,True
usr-00010,jrn-00020,evt-0000086,2025-05-16 10:00:00+00:00,organic,seo-content,click,0.08,0.0,True
usr-00436,jrn-00873,evt-0003231,2025-05-16 11:00:00+00:00,social,social-prospecting,click,0.65,0.0,True
usr-00276,jrn-00552,evt-0002051,2025-05-16 11:00:00+00:00,affiliate,partner-network,click,0.9,0.0,True
usr-00708,jrn-01416,evt-0005150,2025-05-16 11:00:00+00:00,display,display-retargeting,click,0.3,0.0,True
usr-00620,jrn-01241,evt-0004548,2025-05-16 11:00:00+00:00,display,display-retargeting,impression,0.036,0.0,True
usr-00898,jrn-01797,evt-0006539,2025-05-16 11:00:00+00:00,display,display-retargeting,click,0.3,0.0,True
usr-00416,jrn-00832,evt-0003086,2025-05-16 12:00:00+00:00,email,lifecycle-email,click,0.04,0.0,True
usr-00620,jrn-01241,evt-0004545,2025-05-16 13:00:00+00:00,affiliate,partner-network,impression,0.108,0.0,True
usr-00109,jrn-00218,evt-0000815,2025-05-16 14:00:00+00:00,social,social-prospecting,click,0.65,0.0,True
usr-00620,jrn-01241,evt-0004547,2025-05-16 14:00:00+00:00,paid_search,brand-search,impression,0.144,0.0,True
usr-00844,jrn-01689,evt-0006141,2025-05-16 15:00:00+00:00,social,social-prospecting,impression,0.078,0.0,True
usr-00109,jrn-00218,evt-0000816,2025-05-16 16:00:00+00:00,email,lifecycle-email,click,0.04,0.0,True
usr-00436,jrn-00873,evt-0003233,2025-05-16 17:00:00+00:00,email,lifecycle-email,click,0.04,0.0,True
usr-00358,jrn-00717,evt-0002659,2025-05-16 17:00:00+00:00,paid_search,brand-search,impression,0.144,0.0,True
usr-00875,jrn-01751,evt-0006367,2025-05-16 20:00:00+00:00,affiliate,partner-network,impression,0.108,0.0,True
usr-00416,jrn-00832,evt-0003087,2025-05-16 21:00:00+00:00,affiliate,partner-network,click,0.9,0.0,True
usr-00436,jrn-00873,evt-0003232,2025-05-16 22:00:00+00:00,organic,seo-content,impression,0.0096,0.0,True
usr-00836,jrn-01673,evt-0006090,2025-05-16 22:00:00+00:00,social,social-prospecting,click,0.65,0.0,True
usr-00458,jrn-00917,evt-0003387,2025-05-16 23:00:00+00:00,paid_search,brand-search,click,1.2,0.0,True
usr-00276,jrn-00552,evt-0002052,2025-05-17 01:00:00+00:00,email,lifecycle-email,impression,0.0048,0.0,True
usr-00458,jrn-00917,evt-0003388,2025-05-17 01:00:00+00:00,display,display-retargeting,click,0.3,0.0,True
usr-00875,jrn-01751,evt-0006368,2025-05-17 02:00:00+00:00,email,lifecycle-email,click,0.04,0.0,True
usr-00875,jrn-01751,evt-0006369,2025-05-17 02:00:00+00:00,paid_search,brand-search,click,1.2,0.0,True
usr-00458,jrn-00917,evt-0003389,2025-05-17 03:00:00+00:00,paid_search,brand-search,impression,0.144,0.0,True
usr-00844,jrn-01689,evt-0006142,2025-05-17 03:00:00+00:00,paid_search,brand-search,click,1.2,0.0,True
usr-00620,jrn-01241,evt-0004546,2025-05-17 03:00:00+00:00,paid_search,brand-search,impression,0.144,0.0,True
usr-00136,jrn-00272,evt-0000991,2025-05-17 04:00:00+00:00,paid_search,brand-search,impression,0.144,0.0,True
usr-00738,jrn-01477,evt-0005376,2025-05-17 05:00:00+00:00,social,social-prospecting,click,0.65,0.0,True
usr-00458,jrn-00917,evt-0003390,2025-05-17 05:00:00+00:00,email,lifecycle-email,impression,0.0048,0.0,True
usr-00447,jrn-00894,evt-0003304,2025-05-17 06:00:00+00:00,display,display-retargeting,click,0.3,0.0,True
usr-00283,jrn-00567,evt-0002101,2025-05-17 06:00:00+00:00,social,social-prospecting,click,0.65,0.0,True
usr-00010,jrn-00020,evt-0000085,2025-05-17 08:00:00+00:00,organic,seo-content,click,0.08,0.0,True
usr-00160,jrn-00320,evt-0001169,2025-05-17 08:00:00+00:00,paid_search,brand-search,impression,0.144,0.0,False
usr-00499,jrn-00999,evt-0003677,2025-05-17 09:00:00+00:00,social,social-prospecting,click,0.65,0.0,True
usr-00825,jrn-01651,evt-0006019,2025-05-17 09:00:00+00:00,organic,seo-content,click,0.08,0.0,True
usr-00680,jrn-01361,evt-0004966,2025-05-17 09:00:00+00:00,paid_search,brand-search,click,1.2,0.0,True
usr-00465,jrn-00930,evt-0003442,2025-05-17 09:00:00+00:00,affiliate,partner-network,impression,0.108,0.0,True
usr-00370,jrn-00740,evt-0002744,2025-05-17 10:00:00+00:00,organic,seo-content,click,0.08,0.0,True
usr-00416,jrn-00832,evt-0003088,2025-05-17 10:00:00+00:00,paid_search,brand-search,click,1.2,0.0,True
usr-00433,jrn-00866,evt-0003207,2025-05-17 11:00:00+00:00,paid_search,brand-search,impression,0.144,0.0,True
usr-00738,jrn-01477,evt-0005378,2025-05-17 11:00:00+00:00,display,display-retargeting,impression,0.036,0.0,False
usr-00136,jrn-00272,evt-0000992,2025-05-17 13:00:00+00:00,affiliate,partner-network,impression,0.108,0.0,True
usr-00283,jrn-00567,evt-0002102,2025-05-17 13:00:00+00:00,social,social-prospecting,impression,0.078,0.0,True
usr-00465,jrn-00930,evt-0003443,2025-05-17 14:00:00+00:00,email,lifecycle-email,click,0.04,0.0,True
usr-00368,jrn-00737,evt-0002731,2025-05-17 14:00:00+00:00,affiliate,partner-network,click,0.9,0.0,True
usr-00836,jrn-01673,evt-0006091,2025-05-17 15:00:00+00:00,display,display-retargeting,impression,0.036,0.0,True
usr-00368,jrn-00737,evt-0002732,2025-05-17 16:00:00+00:00,organic,seo-content,click,0.08,0.0,True
usr-00738,jrn-01477,evt-0005377,2025-05-17 16:00:00+00:00,organic,seo-content,click,0.08,0.0,True
usr-00370,jrn-00740,evt-0002745,2025-05-17 18:00:00+00:00,social,social-prospecting,impression,0.078,0.0,True
usr-00136,jrn-00272,evt-0000993,2025-05-17 18:00:00+00:00,display,display-retargeting,click,0.3,0.0,True
usr-00069,jrn-00139,evt-0000531,2025-05-17 19:00:00+00:00,paid_search,brand-search,click,1.2,0.0,True
usr-00433,jrn-00866,evt-0003209,2025-05-17 19:00:00+00:00,affiliate,partner-network,click,0.9,0.0,True
usr-00553,jrn-01107,evt-0004071,2025-05-17 19:00:00+00:00,social,social-prospecting,click,0.65,0.0,True
usr-00433,jrn-00866,evt-0003208,2025-05-17 20:00:00+00:00,affiliate,partner-network,click,0.9,0.0,True
usr-00069,jrn-00139,evt-0000532,2025-05-17 21:00:00+00:00,paid_search,brand-search,click,1.2,0.0,True
usr-00352,jrn-00704,evt-0002614,2025-05-17 23:00:00+00:00,display,display-retargeting,impression,0.036,0.0,True
usr-00680,jrn-01361,evt-0004967,2025-05-18 00:00:00+00:00,organic,seo-content,click,0.08,0.0,True
usr-00553,jrn-01107,evt-0004072,2025-05-18 01:00:00+00:00,social,social-prospecting,impression,0.078,0.0,True
usr-00825,jrn-01651,evt-0006020,2025-05-18 01:00:00+00:00,organic,seo-content,impression,0.0096,0.0,True
usr-00370,jrn-00740,evt-0002746,2025-05-18 02:00:00+00:00,social,social-prospecting,impression,0.078,0.0,True
usr-00465,jrn-00930,evt-0003444,2025-05-18 03:00:00+00:00,organic,seo-content,click,0.08,0.0,True
usr-00825,jrn-01651,evt-0006021,2025-05-18 05:00:00+00:00,affiliate,partner-network,click,0.9,0.0,True
usr-00440,jrn-00880,evt-0003253,2025-05-18 05:00:00+00:00,organic,seo-content,impression,0.0096,0.0,True
usr-00620,jrn-01241,evt-0004549,2025-05-18 06:00:00+00:00,paid_search,brand-search,impression,0.144,0.0,True
usr-00504,jrn-01008,evt-0003705,2025-05-18 06:00:00+00:00,organic,seo-content,click,0.08,0.0,True
usr-00804,jrn-01608,evt-0005853,2025-05-18 06:00:00+00:00,email,lifecycle-email,impression,0.0048,0.0,True
usr-00843,jrn-01686,evt-0006134,2025-05-18 06:00:00+00:00,paid_search,brand-search,click,1.2,0.0,True
usr-00205,jrn-00410,evt-0001501,2025-05-18 07:00:00+00:00,paid_search,brand-search,impression,0.144,0.0,True
usr-00205,jrn-00410,evt-0001502,2025-05-18 09:00:00+00:00,social,social-prospecting,click,0.65,0.0,True
usr-00843,jrn-01686,evt-0006135,2025-05-18 10:00:00+00:00,organic,seo-content,click,0.08,0.0,True
usr-00836,jrn-01673,evt-0006092,2025-05-18 11:00:00+00:00,display,display-retargeting,conversion,0.0,106.06,True
usr-00458,jrn-00917,evt-0003391,2025-05-18 11:00:00+00:00,social,social-prospecting,impression,0.078,0.0,True
usr-00680,jrn-01361,evt-0004968,2025-05-18 11:00:00+00:00,affiliate,partner-network,click,0.9,0.0,True
usr-00875,jrn-01751,evt-0006370,2025-05-18 11:00:00+00:00,affiliate,partner-network,impression,0.108,0.0,True
usr-00804,jrn-01608,evt-0005854,2025-05-18 14:00:00+00:00,organic,seo-content,click,0.08,0.0,True
usr-00401,jrn-00803,evt-0002980,2025-05-18 14:00:00+00:00,social,social-prospecting,impression,0.078,0.0,True
usr-00440,jrn-00880,evt-0003254,2025-05-18 14:00:00+00:00,display,display-retargeting,impression,0.036,0.0,True
usr-00069,jrn-00139,evt-0000533,2025-05-18 15:00:00+00:00,affiliate,partner-network,click,0.9,0.0,True
usr-00627,jrn-01254,evt-0004586,2025-05-18 16:00:00+00:00,email,lifecycle-email,impression,0.0048,0.0,True
usr-00875,jrn-01751,evt-0006371,2025-05-18 16:00:00+00:00,organic,seo-content,click,0.08,0.0,True
usr-00069,jrn-00139,evt-0000534,2025-05-18 16:00:00+00:00,email,lifecycle-email,impression,0.0048,0.0,True
usr-00504,jrn-01008,evt-0003707,2025-05-18 16:00:00+00:00,social,social-prospecting,impression,0.078,0.0,True
usr-00504,jrn-01008,evt-0003706,2025-05-18 17:00:00+00:00,social,social-prospecting,click,0.65,0.0,True
usr-00843,jrn-01686,evt-0006137,2025-05-18 18:00:00+00:00,affiliate,partner-network,impression,0.108,0.0,True
usr-00696,jrn-01393,evt-0005073,2025-05-18 18:00:00+00:00,affiliate,partner-network,click,0.9,0.0,True
usr-00627,jrn-01254,evt-0004587,2025-05-18 19:00:00+00:00,affiliate,partner-network,impression,0.108,0.0,True
usr-00553,jrn-01107,evt-0004074,2025-05-18 19:00:00+00:00,affiliate,partner-network,impression,0.108,0.0,True
usr-00737,jrn-01474,evt-0005365,2025-05-18 20:00:00+00:00,email,lifecycle-email,impression,0.0048,0.0,True
usr-00258,jrn-00516,evt-0001917,2025-05-18 20:00:00+00:00,social,social-prospecting,impression,0.078,0.0,True
usr-00825,jrn-01651,evt-0006022,2025-05-18 21:00:00+00:00,social,social-prospecting,impression,0.078,0.0,True
usr-00401,jrn-00803,evt-0002981,2025-05-18 21:00:00+00:00,display,display-retargeting,impression,0.036,0.0,True
usr-00368,jrn-00737,evt-0002733,2025-05-18 22:00:00+00:00,affiliate,partner-network,click,0.9,0.0,True
usr-00370,jrn-00740,evt-0002747,2025-05-18 22:00:00+00:00,paid_search,brand-search,impression,0.144,0.0,True
usr-00433,jrn-00866,evt-0003210,2025-05-18 23:00:00+00:00,social,social-prospecting,click,0.65,0.0,True
usr-00737,jrn-01474,evt-0005366,2025-05-18 23:00:00+00:00,email,lifecycle-email,click,0.04,0.0,True
usr-00205,jrn-00410,evt-0001505,2025-05-18 23:00:00+00:00,email,lifecycle-email,click,0.04,0.0,True
usr-00436,jrn-00873,evt-0003234,2025-05-18 23:00:00+00:00,email,lifecycle-email,conversion,0.0,37.87,True
usr-00804,jrn-01608,evt-0005856,2025-05-19 00:00:00+00:00,organic,seo-content,click,0.08,0.0,True
usr-00205,jrn-00410,evt-0001503,2025-05-19 01:00:00+00:00,social,social-prospecting,click,0.65,0.0,True
usr-00379,jrn-00758,evt-0002806,2025-05-19 01:00:00+00:00,email,lifecycle-email,impression,0.0048,0.0,True
usr-00458,jrn-00917,evt-0003392,2025-05-19 01:00:00+00:00,display,display-retargeting,click,0.3,0.0,True
usr-00688,jrn-01377,evt-0005027,2025-05-19 01:00:00+00:00,display,display-retargeting,click,0.3,0.0,True
usr-00787,jrn-01575,evt-0005725,2025-05-19 02:00:00+00:00,social,social-prospecting,impression,0.078,0.0,True
usr-00387,jrn-00775,evt-0002864,2025-05-19 02:00:00+00:00,email,lifecycle-email,impression,0.0048,0.0,True
usr-00258,jrn-00516,evt-0001920,2025-05-19 02:00:00+00:00,email,lifecycle-email,click,0.04,0.0,True
usr-00401,jrn-00803,evt-0002984,2025-05-19 02:00:00+00:00,display,display-retargeting,click,0.3,0.0,True
usr-00553,jrn-01107,evt-0004073,2025-05-19 03:00:00+00:00,organic,seo-content,impression,0.0096,0.0,True
usr-00688,jrn-01377,evt-0005028,2025-05-19 03:00:00+00:00,paid_search,brand-search,impression,0.144,0.0,True
usr-00258,jrn-00516,evt-0001919,2025-05-19 04:00:00+00:00,paid_search,brand-search,click,1.2,0.0,True
usr-00311,jrn-00622,evt-0002309,2025-05-19 04:00:00+00:00,social,social-prospecting,impression,0.078,0.0,True
usr-00627,jrn-01254,evt-0004588,2025-05-19 06:00:00+00:00,social,social-prospecting,click,0.65,0.0,True
usr-00627,jrn-01254,evt-0004589,2025-05-19 07:00:00+00:00,organic,seo-content,impression,0.0096,0.0,True
usr-00804,jrn-01608,evt-0005855,2025-05-19 08:00:00+00:00,paid_search,brand-search,impression,0.144,0.0,True
usr-00789,jrn-01579,evt-0005742,2025-05-19 09:00:00+00:00,social,social-prospecting,click,0.65,0.0,True
usr-00825,jrn-01651,evt-0006023,2025-05-19 09:00:00+00:00,affiliate,partner-network,click,0.9,0.0,True
usr-00258,jrn-00516,evt-0001918,2025-05-19 10:00:00+00:00,display,display-retargeting,click,0.3,0.0,True
usr-00804,jrn-01608,evt-0005857,2025-05-19 10:00:00+00:00,email,lifecycle-email,impression,0.0048,0.0,False
usr-00205,jrn-00410,evt-0001504,2025-05-19 10:00:00+00:00,email,lifecycle-email,click,0.04,0.0,True
usr-00242,jrn-00484,evt-0001790,2025-05-19 11:00:00+00:00,paid_search,brand-search,click,1.2,0.0,True
usr-00379,jrn-00758,evt-0002807,2025-05-19 11:00:00+00:00,social,social-prospecting,impression,0.078,0.0,True
usr-00804,jrn-01608,evt-0005858,2025-05-19 12:00:00+00:00,social,social-prospecting,click,0.65,0.0,True
usr-00136,jrn-00272,evt-0000994,2025-05-19 13:00:00+00:00,display,display-retargeting,conversion,0.0,34.97,True
usr-00843,jrn-01686,evt-0006136,2025-05-19 14:00:00+00:00,email,lifecycle-email,impression,0.0048,0.0,False
usr-00787,jrn-01575,evt-0005728,2025-05-19 14:00:00+00:00,affiliate,partner-network,impression,0.108,0.0,True
usr-00787,jrn-01575,evt-0005727,2025-05-19 14:00:00+00:00,organic,seo-content,click,0.08,0.0,True
usr-00688,jrn-01377,evt-0005029,2025-05-19 15:00:00+00:00,paid_search,brand-search,click,1.2,0.0,True
usr-00787,jrn-01575,evt-0005726,2025-05-19 15:00:00+00:00,affiliate,partner-network,impression,0.108,0.0,True
usr-00387,jrn-00775,evt-0002865,2025-05-19 15:00:00+00:00,affiliate,partner-network,click,0.9,0.0,True
usr-00401,jrn-00803,evt-0002982,2025-05-19 16:00:00+00:00,social,social-prospecting,click,0.65,0.0,True
usr-00311,jrn-00622,evt-0002310,2025-05-19 16:00:00+00:00,social,social-prospecting,click,0.65,0.0,True
usr-00242,jrn-00484,evt-0001792,2025-05-19 17:00:00+00:00,organic,seo-content,click,0.08,0.0,True
usr-00504,jrn-01008,evt-0003708,2025-05-19 21:00:00+00:00,display,display-retargeting,impression,0.036,0.0,True
usr-00401,jrn-00803,evt-0002983,2025-05-19 23:00:00+00:00,social,social-prospecting,impression,0.078,0.0,True
usr-00311,jrn-00622,evt-0002311,2025-05-20 00:00:00+00:00,affiliate,partner-network,click,0.9,0.0,True
usr-00738,jrn-01477,evt-0005379,2025-05-20 00:00:00+00:00,display,display-retargeting,conversion,0.0,63.3,True
usr-00387,jrn-00775,evt-0002866,2025-05-20 02:00:00+00:00,display,display-retargeting,click,0.3,0.0,True
usr-00242,jrn-00484,evt-0001793,2025-05-20 02:00:00+00:00,organic,seo-content,impression,0.0096,0.0,True
usr-00787,jrn-01575,evt-0005729,2025-05-20 02:00:00+00:00,email,lifecycle-email,click,0.04,0.0,True
usr-00376,jrn-00753,evt-0002788,2025-05-20 02:00:00+00:00,organic,seo-content,click,0.08,0.0,True
usr-00235,jrn-00470,evt-0001729,2025-05-20 03:00:00+00:00,affiliate,partner-network,impression,0.108,0.0,True
usr-00242,jrn-00484,evt-0001791,2025-05-20 04:00:00+00:00,social,social-prospecting,click,0.65,0.0,True
usr-00205,jrn-00410,evt-0001506,2025-05-20 04:00:00+00:00,display,display-retargeting,click,0.3,0.0,True
usr-00737,jrn-01474,evt-0005367,2025-05-20 04:00:00+00:00,organic,seo-content,click,0.08,0.0,True
usr-00258,jrn-00516,evt-0001921,2025-05-20 08:00:00+00:00,display,display-retargeting,click,0.3,0.0,True
usr-00263,jrn-00527,evt-0001968,2025-05-20 09:00:00+00:00,display,display-retargeting,click,0.3,0.0,True
usr-00235,jrn-00470,evt-0001730,2025-05-20 10:00:00+00:00,display,display-retargeting,click,0.3,0.0,True
usr-00688,jrn-01377,evt-0005030,2025-05-20 10:00:00+00:00,display,display-retargeting,click,0.3,0.0,True
usr-00155,jrn-00310,evt-0001129,2025-05-20 11:00:00+00:00,social,social-prospecting,impression,0.078,0.0,True
usr-00242,jrn-00484,evt-0001794,2025-05-20 11:00:00+00:00,display,display-retargeting,click,0.3,0.0,True
usr-00386,jrn-00773,evt-0002855,2025-05-20 12:00:00+00:00,social,social-prospecting,click,0.65,0.0,True
usr-00386,jrn-00773,evt-0002856,2025-05-20 14:00:00+00:00,email,lifecycle-email,click,0.04,0.0,True
usr-00114,jrn-00229,evt-0000854,2025-05-20 14:00:00+00:00,affiliate,partner-network,click,0.9,0.0,True
usr-00376,jrn-00753,evt-0002789,2025-05-20 15:00:00+00:00,email,lifecycle-email,click,0.04,0.0,True
usr-00155,jrn-00310,evt-0001130,2025-05-20 17:00:00+00:00,organic,seo-content,click,0.08,0.0,True
usr-00235,jrn-00470,evt-0001731,2025-05-20 19:00:00+00:00,organic,seo-content,click,0.08,0.0,True
usr-00155,jrn-00310,evt-0001132,2025-05-20 20:00:00+00:00,organic,seo-content,click,0.08,0.0,False
usr-00627,jrn-01254,evt-0004590,2025-05-20 20:00:00+00:00,email,lifecycle-email,click,0.04,0.0,True
usr-00340,jrn-00680,evt-0002517,2025-05-20 21:00:00+00:00,affiliate,partner-network,impression,0.108,0.0,True
usr-00099,jrn-00198,evt-0000743,2025-05-20 22:00:00+00:00,social,social-prospecting,click,0.65,0.0,True
usr-00114,jrn-00229,evt-0000856,2025-05-20 22:00:00+00:00,organic,seo-content,click,0.08,0.0,True
usr-00340,jrn-00680,evt-0002518,2025-05-20 23:00:00+00:00,paid_search,brand-search,impression,0.144,0.0,True
usr-00658,jrn-01316,evt-0004804,2025-05-21 01:00:00+00:00,paid_search,brand-search,impression,0.144,0.0,True
usr-00453,jrn-00906,evt-0003338,2025-05-21 01:00:00+00:00,affiliate,partner-network,impression,0.108,0.0,True
usr-00482,jrn-00965,evt-0003565,2025-05-21 02:00:00+00:00,display,display-retargeting,impression,0.036,0.0,True
usr-00114,jrn-00229,evt-0000857,2025-05-21 02:00:00+00:00,social,social-prospecting,click,0.65,0.0,True
usr-00386,jrn-00773,evt-0002858,2025-05-21 03:00:00+00:00,social,social-prospecting,click,0.65,0.0,True
usr-00094,jrn-00188,evt-0000702,2025-05-21 05:00:00+00:00,paid_search,brand-search,impression,0.144,0.0,True
usr-00235,jrn-00470,evt-0001732,2025-05-21 06:00:00+00:00,paid_search,brand-search,click,1.2,0.0,True
usr-00551,jrn-01103,evt-0004062,2025-05-21 06:00:00+00:00,affiliate,partner-network,click,0.9,0.0,True
usr-00311,jrn-00622,evt-0002312,2025-05-21 07:00:00+00:00,affiliate,partner-network,impression,0.108,0.0,True
usr-00080,jrn-00161,evt-0000607,2025-05-21 07:00:00+00:00,display,display-retargeting,click,0.3,0.0,True
usr-00114,jrn-00229,evt-0000855,2025-05-21 07:00:00+00:00,display,display-retargeting,click,0.3,0.0,True
usr-00242,jrn-00484,evt-0001795,2025-05-21 08:00:00+00:00,affiliate,partner-network,click,0.9,0.0,False
usr-00482,jrn-00965,evt-0003566,2025-05-21 08:00:00+00:00,social,social-prospecting,impression,0.078,0.0,True
usr-00386,jrn-00773,evt-0002857,2025-05-21 08:00:00+00:00,affiliate,partner-network,click,0.9,0.0,True
usr-00682,jrn-01364,evt-0004977,2025-05-21 09:00:00+00:00,affiliate,partner-network,impression,0.108,0.0,True
usr-00570,jrn-01140,evt-0004186,2025-05-21 10:00:00+00:00,display,display-retargeting,impression,0.036,0.0,True
usr-00482,jrn-00965,evt-0003567,2025-05-21 10:00:00+00:00,organic,seo-content,impression,0.0096,0.0,True
usr-00623,jrn-01247,evt-0004562,2025-05-21 10:00:00+00:00,paid_search,brand-search,click,1.2,0.0,False
usr-00572,jrn-01144,evt-0004199,2025-05-21 10:00:00+00:00,display,display-retargeting,click,0.3,0.0,True
usr-00266,jrn-00532,evt-0001982,2025-05-21 10:00:00+00:00,organic,seo-content,click,0.08,0.0,True
usr-00857,jrn-01714,evt-0006236,2025-05-21 11:00:00+00:00,organic,seo-content,click,0.08,0.0,True
usr-00266,jrn-00532,evt-0001983,2025-05-21 12:00:00+00:00,organic,seo-content,click,0.08,0.0,True
usr-00825,jrn-01651,evt-0006024,2025-05-21 12:00:00+00:00,affiliate,partner-network,conversion,0.0,66.63,True
usr-00401,jrn-00803,evt-0002985,2025-05-21 12:00:00+00:00,display,display-retargeting,click,0.3,0.0,True
usr-00376,jrn-00753,evt-0002790,2025-05-21 12:00:00+00:00,paid_search,brand-search,click,1.2,0.0,True
usr-00453,jrn-00906,evt-0003342,2025-05-21 13:00:00+00:00,email,lifecycle-email,impression,0.0048,0.0,True
usr-00453,jrn-00906,evt-0003339,2025-05-21 14:00:00+00:00,organic,seo-content,impression,0.0096,0.0,True
usr-00099,jrn-00198,evt-0000744,2025-05-21 14:00:00+00:00,social,social-prospecting,click,0.65,0.0,True
usr-00080,jrn-00161,evt-0000609,2025-05-21 15:00:00+00:00,affiliate,partner-network,click,0.9,0.0,True
usr-00570,jrn-01140,evt-0004187,2025-05-21 15:00:00+00:00,social,social-prospecting,click,0.65,0.0,True
usr-00658,jrn-01316,evt-0004806,2025-05-21 15:00:00+00:00,display,display-retargeting,impression,0.036,0.0,True
usr-00682,jrn-01364,evt-0004978,2025-05-21 15:00:00+00:00,affiliate,partner-network,impression,0.108,0.0,True
usr-00658,jrn-01316,evt-0004805,2025-05-21 16:00:00+00:00,paid_search,brand-search,click,1.2,0.0,True
usr-00570,jrn-01140,evt-0004189,2025-05-21 16:00:00+00:00,affiliate,partner-network,click,0.9,0.0,True
usr-00551,jrn-01103,evt-0004065,2025-05-21 18:00:00+00:00,email,lifecycle-email,click,0.04,0.0,True
usr-00155,jrn-00310,evt-0001133,2025-05-21 19:00:00+00:00,organic,seo-content,impression,0.0096,0.0,True
usr-00155,jrn-00310,evt-0001131,2025-05-21 19:00:00+00:00,display,display-retargeting,click,0.3,0.0,True
usr-00623,jrn-01247,evt-0004563,2025-05-21 20:00:00+00:00,display,display-retargeting,impression,0.036,0.0,True
usr-00551,jrn-01103,evt-0004063,2025-05-21 20:00:00+00:00,email,lifecycle-email,impression,0.0048,0.0,True
usr-00080,jrn-00161,evt-0000608,2025-05-21 20:00:00+00:00,display,display-retargeting,click,0.3,0.0,True
usr-00340,jrn-00680,evt-0002519,2025-05-21 21:00:00+00:00,affiliate,partner-network,impression,0.108,0.0,True
usr-00682,jrn-01364,evt-0004979,2025-05-22 01:00:00+00:00,social,social-prospecting,click,0.65,0.0,True
usr-00266,jrn-00532,evt-0001985,2025-05-22 01:00:00+00:00,email,lifecycle-email,click,0.04,0.0,True
usr-00895,jrn-01790,evt-0006514,2025-05-22 02:00:00+00:00,social,social-prospecting,click,0.65,0.0,True
usr-00235,jrn-00470,evt-0001733,2025-05-22 03:00:00+00:00,display,display-retargeting,impression,0.036,0.0,True
usr-00551,jrn-01103,evt-0004064,2025-05-22 04:00:00+00:00,email,lifecycle-email,click,0.04,0.0,True
usr-00658,jrn-01316,evt-0004807,2025-05-22 04:00:00+00:00,organic,seo-content,click,0.08,0.0,True
usr-00895,jrn-01790,evt-0006515,2025-05-22 04:00:00+00:00,organic,seo-content,impression,0.0096,0.0,True
usr-00627,jrn-01254,evt-0004591,2025-05-22 05:00:00+00:00,paid_search,brand-search,click,1.2,0.0,True
usr-00453,jrn-00906,evt-0003341,2025-05-22 07:00:00+00:00,social,social-prospecting,click,0.65,0.0,True
usr-00570,jrn-01140,evt-0004188,2025-05-22 08:00:00+00:00,email,lifecycle-email,impression,0.0048,0.0,True
usr-00453,jrn-00906,evt-0003340,2025-05-22 09:00:00+00:00,organic,seo-content,impression,0.0096,0.0,True
usr-00895,jrn-01790,evt-0006516,2025-05-22 14:00:00+00:00,email,lifecycle-email,click,0.04,0.0,True
usr-00895,jrn-01790,evt-0006517,2025-05-22 14:00:00+00:00,affiliate,partner-network,impression,0.108,0.0,True
usr-00162,jrn-00324,evt-0001183,2025-05-22 17:00:00+00:00,affiliate,partner-network,click,0.9,0.0,True
usr-00682,jrn-01364,evt-0004981,2025-05-22 17:00:00+00:00,email,lifecycle-email,click,0.04,0.0,True
usr-00897,jrn-01794,evt-0006532,2025-05-22 18:00:00+00:00,paid_search,brand-search,click,1.2,0.0,True
usr-00266,jrn-00532,evt-0001984,2025-05-22 20:00:00+00:00,social,social-prospecting,click,0.65,0.0,True
usr-00185,jrn-00371,evt-0001370,2025-05-23 00:00:00+00:00,organic,seo-content,click,0.08,0.0,True
usr-00640,jrn-01280,evt-0004691,2025-05-23 00:00:00+00:00,social,social-prospecting,click,0.65,0.0,True
usr-00162,jrn-00324,evt-0001184,2025-05-23 00:00:00+00:00,paid_search,brand-search,impression,0.144,0.0,True
usr-00038,jrn-00076,evt-0000289,2025-05-23 02:00:00+00:00,paid_search,brand-search,impression,0.144,0.0,True
usr-00266,jrn-00532,evt-0001986,2025-05-23 02:00:00+00:00,paid_search,brand-search,impression,0.144,0.0,True
usr-00185,jrn-00371,evt-0001371,2025-05-23 03:00:00+00:00,social,social-prospecting,click,0.65,0.0,True
usr-00623,jrn-01247,evt-0004564,2025-05-23 03:00:00+00:00,display,display-retargeting,conversion,0.0,72.81,True
usr-00373,jrn-00747,evt-0002770,2025-05-23 05:00:00+00:00,paid_search,brand-search,click,1.2,0.0,True
usr-00162,jrn-00324,evt-0001186,2025-05-23 05:00:00+00:00,paid_search,brand-search,click,1.2,0.0,True
usr-00038,jrn-00076,evt-0000290,2025-05-23 06:00:00+00:00,email,lifecycle-email,impression,0.0048,0.0,True
usr-00453,jrn-00906,evt-0003343,2025-05-23 08:00:00+00:00,email,lifecycle-email,impression,0.0048,0.0,True
usr-00337,jrn-00675,evt-0002502,2025-05-23 09:00:00+00:00,email,lifecycle-email,click,0.04,0.0,True
usr-00897,jrn-01794,evt-0006533,2025-05-23 09:00:00+00:00,display,display-retargeting,click,0.3,0.0,False
usr-00674,jrn-01348,evt-0004912,2025-05-23 10:00:00+00:00,email,lifecycle-email,click,0.04,0.0,True
usr-00640,jrn-01280,evt-0004693,2025-05-23 10:00:00+00:00,social,social-prospecting,click,0.65,0.0,True
usr-00895,jrn-01790,evt-0006518,2025-05-23 10:00:00+00:00,social,social-prospecting,click,0.65,0.0,True
usr-00551,jrn-01103,evt-0004066,2025-05-23 10:00:00+00:00,organic,seo-content,impression,0.0096,0.0,True
usr-00009,jrn-00019,evt-0000077,2025-05-23 11:00:00+00:00,email,lifecycle-email,impression,0.0048,0.0,True
usr-00640,jrn-01280,evt-0004692,2025-05-23 11:00:00+00:00,paid_search,brand-search,click,1.2,0.0,True
usr-00682,jrn-01364,evt-0004980,2025-05-23 12:00:00+00:00,paid_search,brand-search,click,1.2,0.0,True
usr-00282,jrn-00564,evt-0002086,2025-05-23 12:00:00+00:00,email,lifecycle-email,click,0.04,0.0,True
usr-00599,jrn-01199,evt-0004389,2025-05-23 13:00:00+00:00,email,lifecycle-email,click,0.04,0.0,True
usr-00038,jrn-00076,evt-0000292,2025-05-23 14:00:00+00:00,organic,seo-content,click,0.08,0.0,True
usr-00729,jrn-01458,evt-0005294,2025-05-23 15:00:00+00:00,paid_search,brand-search,click,1.2,0.0,True
usr-00251,jrn-00502,evt-0001861,2025-05-23 15:00:00+00:00,social,social-prospecting,impression,0.078,0.0,True
usr-00009,jrn-00019,evt-0000078,2025-05-23 15:00:00+00:00,affiliate,partner-network,impression,0.108,0.0,True
usr-00373,jrn-00747,evt-0002771,2025-05-23 16:00:00+00:00,affiliate,partner-network,impression,0.108,0.0,True
usr-00335,jrn-00670,evt-0002479,2025-05-23 16:00:00+00:00,affiliate,partner-network,impression,0.108,0.0,True
usr-00897,jrn-01794,evt-0006534,2025-05-23 16:00:00+00:00,email,lifecycle-email,click,0.04,0.0,True
usr-00628,jrn-01257,evt-0004603,2025-05-23 16:00:00+00:00,display,display-retargeting,click,0.3,0.0,True
usr-00251,jrn-00502,evt-0001862,2025-05-23 17:00:00+00:00,organic,seo-content,click,0.08,0.0,True
usr-00676,jrn-01353,evt-0004930,2025-05-23 18:00:00+00:00,social,social-prospecting,click,0.65,0.0,True
usr-00185,jrn-00371,evt-0001372,2025-05-23 18:00:00+00:00,display,display-retargeting,impression,0.036,0.0,True
usr-00162,jrn-00324,evt-0001185,2025-05-23 19:00:00+00:00,organic,seo-content,impression,0.0096,0.0,True
usr-00674,jrn-01348,evt-0004915,2025-05-23 19:00:00+00:00,social,social-prospecting,click,0.65,0.0,True
usr-00628,jrn-01257,evt-0004604,2025-05-23 21:00:00+00:00,social,social-prospecting,click,0.65,0.0,True
usr-00282,jrn-00564,evt-0002088,2025-05-23 22:00:00+00:00,email,lifecycle-email,click,0.04,0.0,True
usr-00337,jrn-00675,evt-0002503,2025-05-23 23:00:00+00:00,display,display-retargeting,click,0.3,0.0,True
usr-00895,jrn-01790,evt-0006519,2025-05-23 23:00:00+00:00,paid_search,brand-search,impression,0.144,0.0,True
usr-00466,jrn-00933,evt-0003452,2025-05-24 00:00:00+00:00,affiliate,partner-network,impression,0.108,0.0,True
usr-00282,jrn-00564,evt-0002087,2025-05-24 00:00:00+00:00,affiliate,partner-network,impression,0.108,0.0,True
usr-00337,jrn-00675,evt-0002504,2025-05-24 01:00:00+00:00,email,lifecycle-email,click,0.04,0.0,True
usr-00599,jrn-01199,evt-0004391,2025-05-24 01:00:00+00:00,affiliate,partner-network,impression,0.108,0.0,True
usr-00674,jrn-01348,evt-0004913,2025-05-24 02:00:00+00:00,email,lifecycle-email,impression,0.0048,0.0,True
usr-00697,jrn-01394,evt-0005074,2025-05-24 03:00:00+00:00,paid_search,brand-search,impression,0.144,0.0,True
usr-00599,jrn-01199,evt-0004390,2025-05-24 03:00:00+00:00,display,display-retargeting,click,0.3,0.0,True
usr-00009,jrn-00019,evt-0000081,2025-05-24 03:00:00+00:00,email,lifecycle-email,impression,0.0048,0.0,True
usr-00335,jrn-00670,evt-0002480,2025-05-24 04:00:00+00:00,organic,seo-content,click,0.08,0.0,True
usr-00038,jrn-00076,evt-0000291,2025-05-24 04:00:00+00:00,email,lifecycle-email,click,0.04,0.0,True
usr-00337,jrn-00675,evt-0002506,2025-05-24 05:00:00+00:00,display,display-retargeting,click,0.3,0.0,True
usr-00676,jrn-01353,evt-0004931,2025-05-24 05:00:00+00:00,social,social-prospecting,click,0.65,0.0,True
usr-00242,jrn-00484,evt-0001796,2025-05-24 05:00:00+00:00,affiliate,partner-network,conversion,0.0,56.92,True
usr-00674,jrn-01348,evt-0004914,2025-05-24 06:00:00+00:00,paid_search,brand-search,impression,0.144,0.0,True
usr-00235,jrn-00470,evt-0001734,2025-05-24 06:00:00+00:00,display,display-retargeting,conversion,0.0,94.06,True
usr-00009,jrn-00019,evt-0000079,2025-05-24 07:00:00+00:00,paid_search,brand-search,impression,0.144,0.0,True
usr-00628,jrn-01257,evt-0004606,2025-05-24 07:00:00+00:00,email,lifecycle-email,impression,0.0048,0.0,True
usr-00009,jrn-00019,evt-0000080,2025-05-24 08:00:00+00:00,affiliate,partner-network,click,0.9,0.0,False
usr-00640,jrn-01280,evt-0004695,2025-05-24 08:00:00+00:00,display,display-retargeting,click,0.3,0.0,True
usr-00640,jrn-01280,evt-0004696,2025-05-24 11:00:00+00:00,organic,seo-content,impression,0.0096,0.0,True
usr-00373,jrn-00747,evt-0002773,2025-05-24 11:00:00+00:00,display,display-retargeting,impression,0.036,0.0,True
usr-00697,jrn-01394,evt-0005078,2025-05-24 11:00:00+00:00,paid_search,brand-search,impression,0.144,0.0,True
usr-00628,jrn-01257,evt-0004605,2025-05-24 14:00:00+00:00,email,lifecycle-email,click,0.04,0.0,True
usr-00466,jrn-00933,evt-0003454,2025-05-24 14:00:00+00:00,paid_search,brand-search,click,1.2,0.0,True
usr-00466,jrn-00933,evt-0003453,2025-05-24 14:00:00+00:00,paid_search,brand-search,impression,0.144,0.0,True
usr-00251,jrn-00502,evt-0001863,2025-05-24 15:00:00+00:00,paid_search,brand-search,click,1.2,0.0,True
usr-00697,jrn-01394,evt-0005076,2025-05-24 15:00:00+00:00,email,lifecycle-email,impression,0.0048,0.0,True
usr-00373,jrn-00747,evt-0002772,2025-05-24 15:00:00+00:00,affiliate,partner-network,impression,0.108,0.0,True
usr-00697,jrn-01394,evt-0005075,2025-05-24 16:00:00+00:00,organic,seo-content,click,0.08,0.0,True
usr-00104,jrn-00208,evt-0000778,2025-05-24 17:00:00+00:00,paid_search,brand-search,click,1.2,0.0,True
usr-00564,jrn-01129,evt-0004137,2025-05-24 18:00:00+00:00,affiliate,partner-network,impression,0.108,0.0,True
usr-00697,jrn-01394,evt-0005077,2025-05-24 18:00:00+00:00,social,social-prospecting,click,0.65,0.0,True
usr-00185,jrn-00371,evt-0001373,2025-05-24 21:00:00+00:00,display,display-retargeting,click,0.3,0.0,True
usr-00599,jrn-01199,evt-0004393,2025-05-24 21:00:00+00:00,email,lifecycle-email,impression,0.0048,0.0,True
usr-00640,jrn-01280,evt-0004694,2025-05-24 21:00:00+00:00,affiliate,partner-network,click,0.9,0.0,True
usr-00104,jrn-00208,evt-0000780,2025-05-24 21:00:00+00:00,social,social-prospecting,impression,0.078,0.0,True
usr-00038,jrn-00076,evt-0000294,2025-05-24 23:00:00+00:00,affiliate,partner-network,click,0.9,0.0,True
usr-00676,jrn-01353,evt-0004932,2025-05-25 00:00:00+00:00,social,social-prospecting,click,0.65,0.0,True
usr-00564,jrn-01129,evt-0004141,2025-05-25 02:00:00+00:00,email,lifecycle-email,click,0.04,0.0,True
usr-00565,jrn-01130,evt-0004143,2025-05-25 02:00:00+00:00,social,social-prospecting,click,0.65,0.0,True
usr-00565,jrn-01130,evt-0004144,2025-05-25 04:00:00+00:00,email,lifecycle-email,impression,0.0048,0.0,True
usr-00291,jrn-00583,evt-0002147,2025-05-25 05:00:00+00:00,email,lifecycle-email,impression,0.0048,0.0,True
usr-00564,jrn-01129,evt-0004138,2025-05-25 05:00:00+00:00,affiliate,partner-network,impression,0.108,0.0,True
usr-00038,jrn-00076,evt-0000293,2025-05-25 06:00:00+00:00,affiliate,partner-network,impression,0.108,0.0,True
usr-00337,jrn-00675,evt-0002505,2025-05-25 06:00:00+00:00,social,social-prospecting,click,0.65,0.0,True
usr-00812,jrn-01625,evt-0005917,2025-05-25 06:00:00+00:00,organic,seo-content,impression,0.0096,0.0,True
usr-00104,jrn-00208,evt-0000779,2025-05-25 08:00:00+00:00,email,lifecycle-email,impression,0.0048,0.0,False
usr-00779,jrn-01558,evt-0005664,2025-05-25 08:00:00+00:00,paid_search,brand-search,impression,0.144,0.0,True
usr-00564,jrn-01129,evt-0004139,2025-05-25 08:00:00+00:00,organic,seo-content,impression,0.0096,0.0,True
usr-00622,jrn-01245,evt-0004556,2025-05-25 08:00:00+00:00,paid_search,brand-search,impression,0.144,0.0,True
usr-00564,jrn-01129,evt-0004142,2025-05-25 09:00:00+00:00,social,social-prospecting,click,0.65,0.0,True
usr-00622,jrn-01245,evt-0004558,2025-05-25 12:00:00+00:00,paid_search,brand-search,impression,0.144,0.0,True
usr-00813,jrn-01627,evt-0005924,2025-05-25 15:00:00+00:00,organic,seo-content,impression,0.0096,0.0,True
usr-00676,jrn-01353,evt-0004933,2025-05-25 15:00:00+00:00,email,lifecycle-email,click,0.04,0.0,True
usr-00812,jrn-01625,evt-0005918,2025-05-25 15:00:00+00:00,affiliate,partner-network,click,0.9,0.0,True
usr-00282,jrn-00564,evt-0002089,2025-05-25 15:00:00+00:00,display,display-retargeting,click,0.3,0.0,True
usr-00716,jrn-01433,evt-0005204,2025-05-25 15:00:00+00:00,organic,seo-content,impression,0.0096,0.0,True
usr-00622,jrn-01245,evt-0004557,2025-05-25 16:00:00+00:00,social,social-prospecting,click,0.65,0.0,True
usr-00599,jrn-01199,evt-0004392,2025-05-25 16:00:00+00:00,affiliate,partner-network,click,0.9,0.0,True
usr-00796,jrn-01593,evt-0005795,2025-05-25 16:00:00+00:00,affiliate,partner-network,impression,0.108,0.0,True
usr-00716,jrn-01433,evt-0005205,2025-05-25 18:00:00+00:00,email,lifecycle-email,impression,0.0048,0.0,True
usr-00892,jrn-01784,evt-0006494,2025-05-25 19:00:00+00:00,paid_search,brand-search,click,1.2,0.0,True
usr-00291,jrn-00583,evt-0002148,2025-05-25 19:00:00+00:00,social,social-prospecting,impression,0.078,0.0,True
usr-00282,jrn-00564,evt-0002090,2025-05-25 20:00:00+00:00,social,social-prospecting,impression,0.078,0.0,True
usr-00892,jrn-01784,evt-0006495,2025-05-25 21:00:00+00:00,organic,seo-content,click,0.08,0.0,True
usr-00716,jrn-01433,evt-0005207,2025-05-25 21:00:00+00:00,display,display-retargeting,impression,0.036,0.0,True
usr-00796,jrn-01593,evt-0005798,2025-05-25 22:00:00+00:00,social,social-prospecting,impression,0.078,0.0,True
usr-00779,jrn-01558,evt-0005665,2025-05-25 23:00:00+00:00,social,social-prospecting,click,0.65,0.0,True
usr-00466,jrn-00933,evt-0003455,2025-05-26 00:00:00+00:00,social,social-prospecting,click,0.65,0.0,True
usr-00337,jrn-00675,evt-0002507,2025-05-26 02:00:00+00:00,social,social-prospecting,click,0.65,0.0,True
usr-00847,jrn-01694,evt-0006155,2025-05-26 02:00:00+00:00,organic,seo-content,click,0.08,0.0,True
usr-00796,jrn-01593,evt-0005796,2025-05-26 02:00:00+00:00,paid_search,brand-search,impression,0.144,0.0,True
usr-00244,jrn-00488,evt-0001809,2025-05-26 02:00:00+00:00,paid_search,brand-search,impression,0.144,0.0,True
usr-00813,jrn-01627,evt-0005925,2025-05-26 04:00:00+00:00,affiliate,partner-network,click,0.9,0.0,True
usr-00251,jrn-00502,evt-0001864,2025-05-26 04:00:00+00:00,paid_search,brand-search,conversion,0.0,46.37,True
usr-00438,jrn-00876,evt-0003241,2025-05-26 05:00:00+00:00,affiliate,partner-network,click,0.9,0.0,True
usr-00292,jrn-00584,evt-0002153,2025-05-26 05:00:00+00:00,affiliate,partner-network,click,0.9,0.0,True
usr-00291,jrn-00583,evt-0002149,2025-05-26 05:00:00+00:00,display,display-retargeting,impression,0.036,0.0,True
usr-00345,jrn-00690,evt-0002550,2025-05-26 07:00:00+00:00,paid_search,brand-search,click,1.2,0.0,True
usr-00631,jrn-01262,evt-0004626,2025-05-26 08:00:00+00:00,email,lifecycle-email,impression,0.0048,0.0,True
usr-00305,jrn-00611,evt-0002266,2025-05-26 09:00:00+00:00,email,lifecycle-email,click,0.04,0.0,True
usr-00540,jrn-01080,evt-0003971,2025-05-26 09:00:00+00:00,paid_search,brand-search,click,1.2,0.0,True
usr-00813,jrn-01627,evt-0005926,2025-05-26 09:00:00+00:00,organic,seo-content,impression,0.0096,0.0,True
usr-00812,jrn-01625,evt-0005919,2025-05-26 10:00:00+00:00,paid_search,brand-search,impression,0.144,0.0,True
usr-00345,jrn-00690,evt-0002551,2025-05-26 10:00:00+00:00,affiliate,partner-network,impression,0.108,0.0,True
usr-00847,jrn-01694,evt-0006156,2025-05-26 11:00:00+00:00,affiliate,partner-network,impression,0.108,0.0,True
usr-00862,jrn-01724,evt-0006274,2025-05-26 12:00:00+00:00,social,social-prospecting,impression,0.078,0.0,True
usr-00540,jrn-01080,evt-0003972,2025-05-26 12:00:00+00:00,organic,seo-content,click,0.08,0.0,True
usr-00796,jrn-01593,evt-0005797,2025-05-26 12:00:00+00:00,organic,seo-content,click,0.08,0.0,True
usr-00517,jrn-01034,evt-0003797,2025-05-26 13:00:00+00:00,social,social-prospecting,impression,0.078,0.0,True
usr-00631,jrn-01262,evt-0004628,2025-05-26 14:00:00+00:00,affiliate,partner-network,impression,0.108,0.0,False
usr-00631,jrn-01262,evt-0004629,2025-05-26 14:00:00+00:00,social,social-prospecting,impression,0.078,0.0,True
usr-00847,jrn-01694,evt-0006157,2025-05-26 14:00:00+00:00,affiliate,partner-network,click,0.9,0.0,True
usr-00292,jrn-00584,evt-0002154,2025-05-26 14:00:00+00:00,display,display-retargeting,click,0.3,0.0,True
usr-00862,jrn-01724,evt-0006275,2025-05-26 16:00:00+00:00,affiliate,partner-network,impression,0.108,0.0,True
usr-00839,jrn-01678,evt-0006111,2025-05-26 16:00:00+00:00,organic,seo-content,impression,0.0096,0.0,True
usr-00533,jrn-01067,evt-0003919,2025-05-26 16:00:00+00:00,email,lifecycle-email,impression,0.0048,0.0,True
usr-00438,jrn-00876,evt-0003242,2025-05-26 16:00:00+00:00,paid_search,brand-search,impression,0.144,0.0,True
usr-00445,jrn-00891,evt-0003289,2025-05-26 17:00:00+00:00,email,lifecycle-email,impression,0.0048,0.0,True
usr-00244,jrn-00488,evt-0001810,2025-05-26 17:00:00+00:00,organic,seo-content,click,0.08,0.0,True
usr-00345,jrn-00690,evt-0002552,2025-05-26 17:00:00+00:00,paid_search,brand-search,click,1.2,0.0,True
usr-00517,jrn-01034,evt-0003798,2025-05-26 17:00:00+00:00,display,display-retargeting,click,0.3,0.0,True
usr-00372,jrn-00744,evt-0002760,2025-05-26 17:00:00+00:00,organic,seo-content,impression,0.0096,0.0,True
usr-00305,jrn-00611,evt-0002267,2025-05-26 18:00:00+00:00,email,lifecycle-email,click,0.04,0.0,True
usr-00561,jrn-01122,evt-0004119,2025-05-26 18:00:00+00:00,affiliate,partner-network,impression,0.108,0.0,False
usr-00631,jrn-01262,evt-0004627,2025-05-26 19:00:00+00:00,affiliate,partner-network,impression,0.108,0.0,True
usr-00466,jrn-00933,evt-0003456,2025-05-26 20:00:00+00:00,affiliate,partner-network,impression,0.108,0.0,True
usr-00767,jrn-01535,evt-0005578,2025-05-26 20:00:00+00:00,affiliate,partner-network,click,0.9,0.0,True
usr-00291,jrn-00583,evt-0002150,2025-05-26 20:00:00+00:00,affiliate,partner-network,click,0.9,0.0,True
usr-00564,jrn-01129,evt-0004140,2025-05-26 21:00:00+00:00,display,display-retargeting,click,0.3,0.0,True
usr-00813,jrn-01627,evt-0005927,2025-05-26 21:00:00+00:00,display,display-retargeting,click,0.3,0.0,True
usr-00345,jrn-00690,evt-0002555,2025-05-26 22:00:00+00:00,paid_search,brand-search,click,1.2,0.0,True
usr-00716,jrn-01433,evt-0005206,2025-05-26 23:00:00+00:00,social,social-prospecting,click,0.65,0.0,True
usr-00839,jrn-01678,evt-0006112,2025-05-27 00:00:00+00:00,social,social-prospecting,impression,0.078,0.0,True
usr-00540,jrn-01080,evt-0003973,2025-05-27 01:00:00+00:00,organic,seo-content,click,0.08,0.0,True
usr-00892,jrn-01784,evt-0006496,2025-05-27 01:00:00+00:00,affiliate,partner-network,click,0.9,0.0,True
usr-00767,jrn-01535,evt-0005579,2025-05-27 02:00:00+00:00,paid_search,brand-search,click,1.2,0.0,True
usr-00138,jrn-00276,evt-0001006,2025-05-27 02:00:00+00:00,social,social-prospecting,impression,0.078,0.0,True
usr-00716,jrn-01433,evt-0005209,2025-05-27 02:00:00+00:00,affiliate,partner-network,impression,0.108,0.0,True
usr-00597,jrn-01194,evt-0004369,2025-05-27 02:00:00+00:00,display,display-retargeting,impression,0.036,0.0,True
usr-00828,jrn-01656,evt-0006040,2025-05-27 02:00:00+00:00,display,display-retargeting,impression,0.036,0.0,True
usr-00533,jrn-01067,evt-0003920,2025-05-27 03:00:00+00:00,organic,seo-content,click,0.08,0.0,True
usr-00244,jrn-00488,evt-0001811,2025-05-27 04:00:00+00:00,social,social-prospecting,impression,0.078,0.0,True
usr-00138,jrn-00276,evt-0001007,2025-05-27 04:00:00+00:00,social,social-prospecting,impression,0.078,0.0,True
usr-00445,jrn-00891,evt-0003290,2025-05-27 04:00:00+00:00,display,display-retargeting,impression,0.036,0.0,True
usr-00622,jrn-01245,evt-0004559,2025-05-27 05:00:00+00:00,social,social-prospecting,click,0.65,0.0,False
usr-00597,jrn-01194,evt-0004371,2025-05-27 06:00:00+00:00,email,lifecycle-email,impression,0.0048,0.0,True
usr-00597,jrn-01194,evt-0004370,2025-05-27 06:00:00+00:00,email,lifecycle-email,impression,0.0048,0.0,True
usr-00345,jrn-00690,evt-0002553,2025-05-27 07:00:00+00:00,social,social-prospecting,click,0.65,0.0,True
usr-00292,jrn-00584,evt-0002155,2025-05-27 07:00:00+00:00,social,social-prospecting,click,0.65,0.0,True
usr-00828,jrn-01656,evt-0006041,2025-05-27 08:00:00+00:00,paid_search,brand-search,click,1.2,0.0,True
usr-00576,jrn-01152,evt-0004224,2025-05-27 08:00:00+00:00,social,social-prospecting,impression,0.078,0.0,True
usr-00104,jrn-00208,evt-0000781,2025-05-27 09:00:00+00:00,social,social-prospecting,conversion,0.0,136.58,True
usr-00225,jrn-00450,evt-0001660,2025-05-27 10:00:00+00:00,email,lifecycle-email,impression,0.0048,0.0,True
usr-00716,jrn-01433,evt-0005208,2025-05-27 11:00:00+00:00,organic,seo-content,click,0.08,0.0,True
usr-00132,jrn-00265,evt-0000969,2025-05-27 11:00:00+00:00,organic,seo-content,click,0.08,0.0,True
usr-00561,jrn-01122,evt-0004120,2025-05-27 11:00:00+00:00,paid_search,brand-search,click,1.2,0.0,True
usr-00438,jrn-00876,evt-0003243,2025-05-27 11:00:00+00:00,social,social-prospecting,click,0.65,0.0,True
usr-00517,jrn-01034,evt-0003799,2025-05-27 11:00:00+00:00,social,social-prospecting,click,0.65,0.0,True
usr-00533,jrn-01067,evt-0003921,2025-05-27 12:00:00+00:00,email,lifecycle-email,click,0.04,0.0,True
usr-00540,jrn-01080,evt-0003974,2025-05-27 12:00:00+00:00,organic,seo-content,click,0.08,0.0,True
usr-00892,jrn-01784,evt-0006497,2025-05-27 13:00:00+00:00,affiliate,partner-network,impression,0.108,0.0,True
usr-00540,jrn-01080,evt-0003975,2025-05-27 13:00:00+00:00,affiliate,partner-network,click,0.9,0.0,True
usr-00040,jrn-00081,evt-0000306,2025-05-27 14:00:00+00:00,email,lifecycle-email,click,0.04,0.0,True
usr-00244,jrn-00488,evt-0001812,2025-05-27 14:00:00+00:00,email,lifecycle-email,impression,0.0048,0.0,True
usr-00292,jrn-00584,evt-0002156,2025-05-27 14:00:00+00:00,display,display-retargeting,click,0.3,0.0,True
usr-00862,jrn-01724,evt-0006276,2025-05-27 14:00:00+00:00,display,display-retargeting,click,0.3,0.0,True
usr-00345,jrn-00690,evt-0002554,2025-05-27 15:00:00+00:00,organic,seo-content,click,0.08,0.0,True
usr-00561,jrn-01122,evt-0004122,2025-05-27 15:00:00+00:00,social,social-prospecting,impression,0.078,0.0,True
usr-00132,jrn-00265,evt-0000971,2025-05-27 15:00:00+00:00,social,social-prospecting,click,0.65,0.0,True
usr-00249,jrn-00499,evt-0001848,2025-05-27 16:00:00+00:00,email,lifecycle-email,click,0.04,0.0,True
usr-00503,jrn-01006,evt-0003699,2025-05-27 16:00:00+00:00,affiliate,partner-network,impression,0.108,0.0,True
usr-00445,jrn-00891,evt-0003291,2025-05-27 17:00:00+00:00,organic,seo-content,click,0.08,0.0,True
usr-00847,jrn-01694,evt-0006158,2025-05-27 17:00:00+00:00,paid_search,brand-search,click,1.2,0.0,True
usr-00640,jrn-01280,evt-0004697,2025-05-27 17:00:00+00:00,organic,seo-content,conversion,0.0,67.03,True
usr-00767,jrn-01535,evt-0005581,2025-05-27 17:00:00+00:00,paid_search,brand-search,click,1.2,0.0,True
usr-00393,jrn-00786,evt-0002909,2025-05-27 17:00:00+00:00,social,social-prospecting,click,0.65,0.0,True
usr-00576,jrn-01152,evt-0004225,2025-05-27 17:00:00+00:00,paid_search,brand-search,impression,0.144,0.0,True
usr-00576,jrn-01152,evt-0004226,2025-05-27 18:00:00+00:00,paid_search,brand-search,impression,0.144,0.0,True
usr-00372,jrn-00745,evt-0002761,2025-05-27 19:00:00+00:00,paid_search,brand-search,impression,0.144,0.0,True
usr-00243,jrn-00486,evt-0001803,2025-05-27 19:00:00+00:00,paid_search,brand-search,impression,0.144,0.0,False
usr-00438,jrn-00876,evt-0003244,2025-05-27 20:00:00+00:00,display,display-retargeting,impression,0.036,0.0,True
usr-00225,jrn-00450,evt-0001662,2025-05-27 20:00:00+00:00,paid_search,brand-search,impression,0.144,0.0,True
usr-00604,jrn-01208,evt-0004420,2025-05-27 20:00:00+00:00,organic,seo-content,impression,0.0096,0.0,True
usr-00249,jrn-00499,evt-0001849,2025-05-27 20:00:00+00:00,affiliate,partner-network,click,0.9,0.0,True
usr-00796,jrn-01593,evt-0005799,2025-05-27 20:00:00+00:00,affiliate,partner-network,click,0.9,0.0,True
usr-00291,jrn-00583,evt-0002151,2025-05-27 21:00:00+00:00,social,social-prospecting,impression,0.078,0.0,True
usr-00249,jrn-00499,evt-0001851,2025-05-27 22:00:00+00:00,affiliate,partner-network,impression,0.108,0.0,True
usr-00240,jrn-00481,evt-0001772,2025-05-27 22:00:00+00:00,social,social-prospecting,click,0.65,0.0,True
usr-00132,jrn-00265,evt-0000970,2025-05-27 22:00:00+00:00,display,display-retargeting,impression,0.036,0.0,True
usr-00288,jrn-00577,evt-0002131,2025-05-27 22:00:00+00:00,social,social-prospecting,impression,0.078,0.0,True
usr-00138,jrn-00276,evt-0001008,2025-05-27 22:00:00+00:00,organic,seo-content,click,0.08,0.0,True
usr-00445,jrn-00891,evt-0003294,2025-05-27 23:00:00+00:00,email,lifecycle-email,click,0.04,0.0,True
usr-00243,jrn-00486,evt-0001804,2025-05-27 23:00:00+00:00,paid_search,brand-search,click,1.2,0.0,False
usr-00503,jrn-01006,evt-0003700,2025-05-28 00:00:00+00:00,email,lifecycle-email,click,0.04,0.0,True
usr-00561,jrn-01122,evt-0004121,2025-05-28 00:00:00+00:00,email,lifecycle-email,click,0.04,0.0,True
usr-00767,jrn-01535,evt-0005580,2025-05-28 00:00:00+00:00,organic,seo-content,impression,0.0096,0.0,True
usr-00292,jrn-00584,evt-0002157,2025-05-28 01:00:00+00:00,email,lifecycle-email,click,0.04,0.0,True
usr-00393,jrn-00786,evt-0002910,2025-05-28 01:00:00+00:00,affiliate,partner-network,click,0.9,0.0,True
usr-00288,jrn-00577,evt-0002132,2025-05-28 01:00:00+00:00,paid_search,brand-search,click,1.2,0.0,True
usr-00639,jrn-01279,evt-0004688,2025-05-28 01:00:00+00:00,paid_search,brand-search,click,1.2,0.0,True
usr-00225,jrn-00450,evt-0001661,2025-05-28 02:00:00+00:00,organic,seo-content,click,0.08,0.0,True
usr-00509,jrn-01018,evt-0003739,2025-05-28 02:00:00+00:00,email,lifecycle-email,impression,0.0048,0.0,True
usr-00244,jrn-00488,evt-0001813,2025-05-28 02:00:00+00:00,paid_search,brand-search,click,1.2,0.0,True
usr-00040,jrn-00081,evt-0000307,2025-05-28 03:00:00+00:00,paid_search,brand-search,impression,0.144,0.0,True
usr-00736,jrn-01472,evt-0005353,2025-05-28 03:00:00+00:00,affiliate,partner-network,click,0.9,0.0,True
usr-00372,jrn-00745,evt-0002764,2025-05-28 04:00:00+00:00,organic,seo-content,impression,0.0096,0.0,True
usr-00240,jrn-00481,evt-0001776,2025-05-28 06:00:00+00:00,paid_search,brand-search,impression,0.144,0.0,True
usr-00736,jrn-01472,evt-0005354,2025-05-28 07:00:00+00:00,paid_search,brand-search,impression,0.144,0.0,True
usr-00393,jrn-00786,evt-0002911,2025-05-28 07:00:00+00:00,paid_search,brand-search,click,1.2,0.0,True
usr-00291,jrn-00583,evt-0002152,2025-05-28 08:00:00+00:00,paid_search,brand-search,click,1.2,0.0,True
usr-00445,jrn-00891,evt-0003292,2025-05-28 08:00:00+00:00,affiliate,partner-network,impression,0.108,0.0,True
usr-00240,jrn-00481,evt-0001773,2025-05-28 08:00:00+00:00,social,social-prospecting,impression,0.078,0.0,True
usr-00372,jrn-00745,evt-0002762,2025-05-28 09:00:00+00:00,display,display-retargeting,click,0.3,0.0,True
usr-00240,jrn-00481,evt-0001774,2025-05-28 10:00:00+00:00,social,social-prospecting,impression,0.078,0.0,True
usr-00372,jrn-00745,evt-0002766,2025-05-28 10:00:00+00:00,paid_search,brand-search,click,1.2,0.0,True
usr-00288,jrn-00577,evt-0002133,2025-05-28 10:00:00+00:00,display,display-retargeting,impression,0.036,0.0,True
usr-00249,jrn-00499,evt-0001850,2025-05-28 12:00:00+00:00,email,lifecycle-email,click,0.04,0.0,True
usr-00040,jrn-00081,evt-0000308,2025-05-28 12:00:00+00:00,affiliate,partner-network,impression,0.108,0.0,True
usr-00110,jrn-00221,evt-0000825,2025-05-28 14:00:00+00:00,organic,seo-content,impression,0.0096,0.0,True
usr-00597,jrn-01194,evt-0004372,2025-05-28 14:00:00+00:00,display,display-retargeting,click,0.3,0.0,True
usr-00862,jrn-01724,evt-0006277,2025-05-28 15:00:00+00:00,social,social-prospecting,click,0.65,0.0,True
usr-00639,jrn-01279,evt-0004689,2025-05-28 15:00:00+00:00,display,display-retargeting,click,0.3,0.0,True
usr-00639,jrn-01279,evt-0004690,2025-05-28 15:00:00+00:00,display,display-retargeting,impression,0.036,0.0,True
usr-00144,jrn-00288,evt-0001055,2025-05-28 16:00:00+00:00,organic,seo-content,impression,0.0096,0.0,False
usr-00440,jrn-00881,evt-0003255,2025-05-28 16:00:00+00:00,email,lifecycle-email,impression,0.0048,0.0,True
usr-00490,jrn-00980,evt-0003608,2025-05-28 17:00:00+00:00,email,lifecycle-email,impression,0.0048,0.0,True
usr-00393,jrn-00786,evt-0002912,2025-05-28 17:00:00+00:00,paid_search,brand-search,click,1.2,0.0,True
usr-00490,jrn-00980,evt-0003609,2025-05-28 19:00:00+00:00,organic,seo-content,impression,0.0096,0.0,True
usr-00073,jrn-00146,evt-0000556,2025-05-28 19:00:00+00:00,display,display-retargeting,impression,0.036,0.0,True
usr-00547,jrn-01094,evt-0004026,2025-05-28 19:00:00+00:00,social,social-prospecting,impression,0.078,0.0,True
usr-00767,jrn-01535,evt-0005582,2025-05-28 20:00:00+00:00,organic,seo-content,click,0.08,0.0,True
usr-00547,jrn-01094,evt-0004027,2025-05-28 21:00:00+00:00,organic,seo-content,click,0.08,0.0,False
usr-00440,jrn-00881,evt-0003258,2025-05-28 22:00:00+00:00,organic,seo-content,click,0.08,0.0,True
usr-00110,jrn-00221,evt-0000827,2025-05-28 22:00:00+00:00,organic,seo-content,impression,0.0096,0.0,True
usr-00240,jrn-00481,evt-0001775,2025-05-28 22:00:00+00:00,paid_search,brand-search,impression,0.144,0.0,True
usr-00132,jrn-00265,evt-0000972,2025-05-28 23:00:00+00:00,email,lifecycle-email,impression,0.0048,0.0,True
usr-00736,jrn-01472,evt-0005355,2025-05-28 23:00:00+00:00,organic,seo-content,impression,0.0096,0.0,True
usr-00398,jrn-00797,evt-0002960,2025-05-29 00:00:00+00:00,social,social-prospecting,impression,0.078,0.0,True
usr-00796,jrn-01593,evt-0005800,2025-05-29 00:00:00+00:00,display,display-retargeting,click,0.3,0.0,True
usr-00249,jrn-00499,evt-0001852,2025-05-29 00:00:00+00:00,affiliate,partner-network,impression,0.108,0.0,True
usr-00445,jrn-00891,evt-0003293,2025-05-29 01:00:00+00:00,affiliate,partner-network,click,0.9,0.0,True
usr-00288,jrn-00577,evt-0002134,2025-05-29 01:00:00+00:00,affiliate,partner-network,click,0.9,0.0,True
usr-00155,jrn-00311,evt-0001134,2025-05-29 01:00:00+00:00,paid_search,brand-search,click,1.2,0.0,True
usr-00138,jrn-00276,evt-0001009,2025-05-29 02:00:00+00:00,paid_search,brand-search,impression,0.144,0.0,True
usr-00503,jrn-01006,evt-0003701,2025-05-29 02:00:00+00:00,affiliate,partner-network,click,0.9,0.0,True
usr-00646,jrn-01293,evt-0004731,2025-05-29 02:00:00+00:00,paid_search,brand-search,click,1.2,0.0,True
usr-00398,jrn-00797,evt-0002961,2025-05-29 03:00:00+00:00,display,display-retargeting,impression,0.036,0.0,True
usr-00091,jrn-00183,evt-0000689,2025-05-29 03:00:00+00:00,organic,seo-content,click,0.08,0.0,True
usr-00711,jrn-01422,evt-0005169,2025-05-29 03:00:00+00:00,affiliate,partner-network,click,0.9,0.0,True
usr-00712,jrn-01425,evt-0005184,2025-05-29 03:00:00+00:00,organic,seo-content,impression,0.0096,0.0,True
usr-00110,jrn-00221,evt-0000826,2025-05-29 04:00:00+00:00,paid_search,brand-search,impression,0.144,0.0,True
usr-00073,jrn-00146,evt-0000557,2025-05-29 04:00:00+00:00,affiliate,partner-network,impression,0.108,0.0,True
usr-00440,jrn-00881,evt-0003257,2025-05-29 04:00:00+00:00,email,lifecycle-email,impression,0.0048,0.0,True
usr-00372,jrn-00745,evt-0002763,2025-05-29 05:00:00+00:00,affiliate,partner-network,impression,0.108,0.0,True
usr-00440,jrn-00881,evt-0003256,2025-05-29 06:00:00+00:00,organic,seo-content,click,0.08,0.0,True
usr-00712,jrn-01425,evt-0005186,2025-05-29 07:00:00+00:00,organic,seo-content,click,0.08,0.0,True
usr-00540,jrn-01080,evt-0003976,2025-05-29 07:00:00+00:00,social,social-prospecting,impression,0.078,0.0,True
usr-00155,jrn-00311,evt-0001136,2025-05-29 07:00:00+00:00,display,display-retargeting,click,0.3,0.0,True
usr-00736,jrn-01472,evt-0005356,2025-05-29 09:00:00+00:00,social,social-prospecting,click,0.65,0.0,True
usr-00155,jrn-00311,evt-0001135,2025-05-29 09:00:00+00:00,paid_search,brand-search,click,1.2,0.0,True
usr-00813,jrn-01626,evt-0005920,2025-05-29 09:00:00+00:00,social,social-prospecting,click,0.65,0.0,True
usr-00240,jrn-00481,evt-0001777,2025-05-29 09:00:00+00:00,display,display-retargeting,click,0.3,0.0,True
usr-00040,jrn-00081,evt-0000309,2025-05-29 11:00:00+00:00,paid_search,brand-search,impression,0.144,0.0,True
usr-00711,jrn-01422,evt-0005170,2025-05-29 12:00:00+00:00,display,display-retargeting,impression,0.036,0.0,True
usr-00440,jrn-00881,evt-0003259,2025-05-29 12:00:00+00:00,affiliate,partner-network,impression,0.108,0.0,True
usr-00144,jrn-00288,evt-0001056,2025-05-29 13:00:00+00:00,organic,seo-content,conversion,0.0,123.9,True
usr-00225,jrn-00450,evt-0001663,2025-05-29 13:00:00+00:00,organic,seo-content,click,0.08,0.0,True
usr-00604,jrn-01209,evt-0004421,2025-05-29 14:00:00+00:00,organic,seo-content,click,0.08,0.0,True
usr-00597,jrn-01194,evt-0004374,2025-05-29 14:00:00+00:00,email,lifecycle-email,click,0.04,0.0,True
usr-00597,jrn-01194,evt-0004373,2025-05-29 14:00:00+00:00,affiliate,partner-network,impression,0.108,0.0,True
usr-00736,jrn-01472,evt-0005357,2025-05-29 15:00:00+00:00,paid_search,brand-search,impression,0.144,0.0,False
usr-00604,jrn-01209,evt-0004422,2025-05-29 16:00:00+00:00,organic,seo-content,impression,0.0096,0.0,True
usr-00813,jrn-01626,evt-0005921,2025-05-29 16:00:00+00:00,paid_search,brand-search,click,1.2,0.0,True
usr-00712,jrn-01425,evt-0005185,2025-05-29 17:00:00+00:00,social,social-prospecting,click,0.65,0.0,True
usr-00091,jrn-00183,evt-0000690,2025-05-29 17:00:00+00:00,affiliate,partner-network,click,0.9,0.0,True
usr-00490,jrn-00980,evt-0003611,2025-05-29 17:00:00+00:00,social,social-prospecting,impression,0.078,0.0,True
usr-00781,jrn-01563,evt-0005681,2025-05-29 18:00:00+00:00,affiliate,partner-network,click,0.9,0.0,True
usr-00135,jrn-00271,evt-0000985,2025-05-29 18:00:00+00:00,affiliate,partner-network,impression,0.108,0.0,True
usr-00073,jrn-00146,evt-0000559,2025-05-29 19:00:00+00:00,affiliate,partner-network,click,0.9,0.0,True
usr-00831,jrn-01663,evt-0006057,2025-05-29 20:00:00+00:00,paid_search,brand-search,click,1.2,0.0,True
usr-00215,jrn-00430,evt-0001577,2025-05-29 20:00:00+00:00,paid_search,brand-search,impression,0.144,0.0,True
usr-00643,jrn-01286,evt-0004713,2025-05-29 20:00:00+00:00,affiliate,partner-network,impression,0.108,0.0,True
usr-00616,jrn-01233,evt-0004512,2025-05-29 21:00:00+00:00,affiliate,partner-network,click,0.9,0.0,True
usr-00813,jrn-01626,evt-0005923,2025-05-29 21:00:00+00:00,affiliate,partner-network,click,0.9,0.0,True
usr-00711,jrn-01422,evt-0005171,2025-05-29 23:00:00+00:00,organic,seo-content,click,0.08,0.0,True
usr-00490,jrn-00980,evt-0003610,2025-05-29 23:00:00+00:00,paid_search,brand-search,click,1.2,0.0,True
usr-00547,jrn-01094,evt-0004028,2025-05-29 23:00:00+00:00,paid_search,brand-search,click,1.2,0.0,True
usr-00813,jrn-01626,evt-0005922,2025-05-30 01:00:00+00:00,display,display-retargeting,click,0.3,0.0,True
usr-00073,jrn-00146,evt-0000558,2025-05-30 01:00:00+00:00,display,display-retargeting,click,0.3,0.0,True
usr-00412,jrn-00824,evt-0003061,2025-05-30 04:00:00+00:00,display,display-retargeting,click,0.3,0.0,True
usr-00503,jrn-01006,evt-0003702,2025-05-30 04:00:00+00:00,affiliate,partner-network,conversion,0.0,67.29,True
usr-00831,jrn-01663,evt-0006058,2025-05-30 04:00:00+00:00,display,display-retargeting,click,0.3,0.0,True
usr-00443,jrn-00887,evt-0003280,2025-05-30 05:00:00+00:00,organic,seo-content,click,0.08,0.0,True
usr-00616,jrn-01233,evt-0004513,2025-05-30 05:00:00+00:00,display,display-retargeting,impression,0.036,0.0,True
usr-00616,jrn-01233,evt-0004515,2025-05-30 06:00:00+00:00,display,display-retargeting,click,0.3,0.0,True
usr-00135,jrn-00271,evt-0000986,2025-05-30 06:00:00+00:00,email,lifecycle-email,click,0.04,0.0,True
usr-00372,jrn-00745,evt-0002765,2025-05-30 07:00:00+00:00,display,display-retargeting,impression,0.036,0.0,True
usr-00404,jrn-00809,evt-0003004,2025-05-30 08:00:00+00:00,paid_search,brand-search,impression,0.144,0.0,True
usr-00831,jrn-01663,evt-0006059,2025-05-30 08:00:00+00:00,affiliate,partner-network,click,0.9,0.0,True
usr-00643,jrn-01286,evt-0004714,2025-05-30 08:00:00+00:00,affiliate,partner-network,impression,0.108,0.0,True
usr-00215,jrn-00430,evt-0001578,2025-05-30 08:00:00+00:00,display,display-retargeting,click,0.3,0.0,True
usr-00781,jrn-01563,evt-0005683,2025-05-30 10:00:00+00:00,display,display-retargeting,impression,0.036,0.0,True
usr-00135,jrn-00271,evt-0000987,2025-05-30 10:00:00+00:00,social,social-prospecting,impression,0.078,0.0,True
usr-00893,jrn-01787,evt-0006504,2025-05-30 11:00:00+00:00,email,lifecycle-email,click,0.04,0.0,True
usr-00443,jrn-00887,evt-0003281,2025-05-30 11:00:00+00:00,social,social-prospecting,click,0.65,0.0,True
usr-00781,jrn-01563,evt-0005682,2025-05-30 11:00:00+00:00,display,display-retargeting,click,0.3,0.0,True
usr-00828,jrn-01657,evt-0006042,2025-05-30 11:00:00+00:00,social,social-prospecting,click,0.65,0.0,True
usr-00771,jrn-01542,evt-0005600,2025-05-30 12:00:00+00:00,display,display-retargeting,click,0.3,0.0,True
usr-00512,jrn-01024,evt-0003759,2025-05-30 13:00:00+00:00,social,social-prospecting,impression,0.078,0.0,True
usr-00032,jrn-00065,evt-0000252,2025-05-30 14:00:00+00:00,display,display-retargeting,click,0.3,0.0,True
usr-00616,jrn-01233,evt-0004514,2025-05-30 15:00:00+00:00,display,display-retargeting,impression,0.036,0.0,True
usr-00604,jrn-01209,evt-0004423,2025-05-30 16:00:00+00:00,email,lifecycle-email,click,0.04,0.0,True
usr-00512,jrn-01024,evt-0003760,2025-05-30 16:00:00+00:00,paid_search,brand-search,click,1.2,0.0,True
usr-00412,jrn-00824,evt-0003062,2025-05-30 17:00:00+00:00,paid_search,brand-search,click,1.2,0.0,True
usr-00708,jrn-01417,evt-0005151,2025-05-30 17:00:00+00:00,social,social-prospecting,click,0.65,0.0,True
usr-00132,jrn-00265,evt-0000973,2025-05-30 17:00:00+00:00,email,lifecycle-email,conversion,0.0,117.88,True
usr-00662,jrn-01325,evt-0004838,2025-05-30 18:00:00+00:00,display,display-retargeting,impression,0.036,0.0,True
usr-00494,jrn-00989,evt-0003644,2025-05-30 18:00:00+00:00,social,social-prospecting,impression,0.078,0.0,True
usr-00385,jrn-00771,evt-0002850,2025-05-30 18:00:00+00:00,affiliate,partner-network,click,0.9,0.0,True
usr-00771,jrn-01542,evt-0005601,2025-05-30 20:00:00+00:00,email,lifecycle-email,impression,0.0048,0.0,True
usr-00215,jrn-00430,evt-0001580,2025-05-30 20:00:00+00:00,organic,seo-content,click,0.08,0.0,True
usr-00893,jrn-01787,evt-0006505,2025-05-30 21:00:00+00:00,organic,seo-content,impression,0.0096,0.0,True
usr-00541,jrn-01082,evt-0003980,2025-05-30 21:00:00+00:00,display,display-retargeting,impression,0.036,0.0,True
usr-00832,jrn-01665,evt-0006067,2025-05-30 22:00:00+00:00,social,social-prospecting,click,0.65,0.0,True
usr-00135,jrn-00271,evt-0000989,2025-05-30 22:00:00+00:00,email,lifecycle-email,click,0.04,0.0,True
usr-00032,jrn-00065,evt-0000253,2025-05-30 23:00:00+00:00,organic,seo-content,click,0.08,0.0,True
usr-00512,jrn-01024,evt-0003764,2025-05-30 23:00:00+00:00,affiliate,partner-network,impression,0.108,0.0,True
usr-00831,jrn-01663,evt-0006061,2025-05-31 00:00:00+00:00,organic,seo-content,click,0.08,0.0,True
usr-00135,jrn-00271,evt-0000988,2025-05-31 00:00:00+00:00,email,lifecycle-email,click,0.04,0.0,True
usr-00294,jrn-00589,evt-0002169,2025-05-31 00:00:00+00:00,display,display-retargeting,click,0.3,0.0,True
usr-00771,jrn-01542,evt-0005603,2025-05-31 00:00:00+00:00,organic,seo-content,click,0.08,0.0,True
usr-00404,jrn-00809,evt-0003005,2025-05-31 01:00:00+00:00,paid_search,brand-search,impression,0.144,0.0,True
usr-00708,jrn-01417,evt-0005152,2025-05-31 01:00:00+00:00,organic,seo-content,impression,0.0096,0.0,True
usr-00616,jrn-01233,evt-0004516,2025-05-31 01:00:00+00:00,social,social-prospecting,click,0.65,0.0,True
usr-00662,jrn-01325,evt-0004839,2025-05-31 02:00:00+00:00,affiliate,partner-network,click,0.9,0.0,True
usr-00604,jrn-01209,evt-0004424,2025-05-31 02:00:00+00:00,affiliate,partner-network,click,0.9,0.0,True
usr-00708,jrn-01417,evt-0005153,2025-05-31 03:00:00+00:00,affiliate,partner-network,click,0.9,0.0,True
usr-00734,jrn-01469,evt-0005343,2025-05-31 03:00:00+00:00,social,social-prospecting,click,0.65,0.0,True
usr-00215,jrn-00430,evt-0001579,2025-05-31 04:00:00+00:00,paid_search,brand-search,click,1.2,0.0,True
usr-00832,jrn-01665,evt-0006068,2025-05-31 05:00:00+00:00,organic,seo-content,click,0.08,0.0,True
usr-00135,jrn-00270,evt-0000982,2025-05-31 05:00:00+00:00,display,display-retargeting,impression,0.036,0.0,True
usr-00711,jrn-01422,evt-0005172,2025-05-31 06:00:00+00:00,social,social-prospecting,impression,0.078,0.0,False
usr-00740,jrn-01481,evt-0005389,2025-05-31 06:00:00+00:00,email,lifecycle-email,impression,0.0048,0.0,True
usr-00831,jrn-01663,evt-0006060,2025-05-31 08:00:00+00:00,display,display-retargeting,impression,0.036,0.0,True
usr-00541,jrn-01082,evt-0003984,2025-05-31 09:00:00+00:00,paid_search,brand-search,impression,0.144,0.0,True
usr-00893,jrn-01787,evt-0006506,2025-05-31 09:00:00+00:00,social,social-prospecting,impression,0.078,0.0,True
usr-00294,jrn-00589,evt-0002170,2025-05-31 09:00:00+00:00,affiliate,partner-network,click,0.9,0.0,True
usr-00085,jrn-00170,evt-0000640,2025-05-31 10:00:00+00:00,display,display-retargeting,click,0.3,0.0,True
usr-00771,jrn-01542,evt-0005602,2025-05-31 10:00:00+00:00,organic,seo-content,impression,0.0096,0.0,True
usr-00541,jrn-01082,evt-0003981,2025-05-31 10:00:00+00:00,social,social-prospecting,click,0.65,0.0,True
usr-00294,jrn-00589,evt-0002172,2025-05-31 12:00:00+00:00,social,social-prospecting,impression,0.078,0.0,True
usr-00781,jrn-01563,evt-0005684,2025-05-31 12:00:00+00:00,social,social-prospecting,impression,0.078,0.0,True
usr-00032,jrn-00065,evt-0000254,2025-05-31 12:00:00+00:00,paid_search,brand-search,click,1.2,0.0,True
usr-00740,jrn-01481,evt-0005390,2025-05-31 13:00:00+00:00,paid_search,brand-search,impression,0.144,0.0,True
usr-00135,jrn-00270,evt-0000983,2025-05-31 13:00:00+00:00,social,social-prospecting,click,0.65,0.0,True
usr-00056,jrn-00113,evt-0000429,2025-05-31 13:00:00+00:00,organic,seo-content,click,0.08,0.0,True
usr-00708,jrn-01417,evt-0005154,2025-05-31 14:00:00+00:00,paid_search,brand-search,click,1.2,0.0,True
usr-00135,jrn-00271,evt-0000990,2025-05-31 15:00:00+00:00,affiliate,partner-network,impression,0.108,0.0,True
usr-00541,jrn-01082,evt-0003982,2025-05-31 15:00:00+00:00,affiliate,partner-network,click,0.9,0.0,True
usr-00832,jrn-01665,evt-0006069,2025-05-31 16:00:00+00:00,social,social-prospecting,impression,0.078,0.0,True
usr-00740,jrn-01481,evt-0005393,2025-05-31 18:00:00+00:00,email,lifecycle-email,impression,0.0048,0.0,True
usr-00490,jrn-00980,evt-0003612,2025-05-31 18:00:00+00:00,social,social-prospecting,conversion,0.0,139.59,True
usr-00176,jrn-00353,evt-0001305,2025-05-31 18:00:00+00:00,email,lifecycle-email,click,0.04,0.0,True
usr-00763,jrn-01527,evt-0005551,2025-05-31 19:00:00+00:00,organic,seo-content,click,0.08,0.0,True
usr-00690,jrn-01381,evt-0005044,2025-05-31 20:00:00+00:00,email,lifecycle-email,click,0.04,0.0,True
usr-00512,jrn-01024,evt-0003761,2025-05-31 21:00:00+00:00,affiliate,partner-network,click,0.9,0.0,True
usr-00740,jrn-01481,evt-0005392,2025-05-31 21:00:00+00:00,display,display-retargeting,click,0.3,0.0,True
usr-00460,jrn-00921,evt-0003408,2025-05-31 22:00:00+00:00,organic,seo-content,impression,0.0096,0.0,True
usr-00512,jrn-01024,evt-0003762,2025-05-31 22:00:00+00:00,social,social-prospecting,impression,0.078,0.0,True
usr-00893,jrn-01787,evt-0006507,2025-05-31 23:00:00+00:00,email,lifecycle-email,impression,0.0048,0.0,True
usr-00690,jrn-01381,evt-0005045,2025-05-31 23:00:00+00:00,paid_search,brand-search,impression,0.144,0.0,True
usr-00176,jrn-00353,evt-0001307,2025-06-01 00:00:00+00:00,email,lifecycle-email,click,0.04,0.0,True
usr-00891,jrn-01782,evt-0006488,2025-06-01 01:00:00+00:00,social,social-prospecting,impression,0.078,0.0,True
usr-00085,jrn-00170,evt-0000641,2025-06-01 02:00:00+00:00,affiliate,partner-network,click,0.9,0.0,True
usr-00604,jrn-01209,evt-0004425,2025-06-01 02:00:00+00:00,display,display-retargeting,click,0.3,0.0,True
usr-00541,jrn-01082,evt-0003983,2025-06-01 03:00:00+00:00,paid_search,brand-search,click,1.2,0.0,True
usr-00135,jrn-00270,evt-0000984,2025-06-01 03:00:00+00:00,affiliate,partner-network,impression,0.108,0.0,True
usr-00460,jrn-00921,evt-0003409,2025-06-01 04:00:00+00:00,paid_search,brand-search,impression,0.144,0.0,True
usr-00440,jrn-00881,evt-0003260,2025-06-01 05:00:00+00:00,paid_search,brand-search,click,1.2,0.0,True
usr-00056,jrn-00113,evt-0000430,2025-06-01 06:00:00+00:00,paid_search,brand-search,impression,0.144,0.0,True
usr-00294,jrn-00589,evt-0002171,2025-06-01 06:00:00+00:00,paid_search,brand-search,click,1.2,0.0,True
usr-00176,jrn-00353,evt-0001306,2025-06-01 06:00:00+00:00,organic,seo-content,click,0.08,0.0,False
usr-00056,jrn-00113,evt-0000431,2025-06-01 07:00:00+00:00,display,display-retargeting,impression,0.036,0.0,True
usr-00260,jrn-00521,evt-0001945,2025-06-01 07:00:00+00:00,email,lifecycle-email,click,0.04,0.0,True
usr-00891,jrn-01782,evt-0006489,2025-06-01 07:00:00+00:00,display,display-retargeting,click,0.3,0.0,True
usr-00604,jrn-01209,evt-0004426,2025-06-01 07:00:00+00:00,organic,seo-content,impression,0.0096,0.0,True
usr-00294,jrn-00589,evt-0002173,2025-06-01 08:00:00+00:00,paid_search,brand-search,click,1.2,0.0,True
usr-00460,jrn-00921,evt-0003410,2025-06-01 08:00:00+00:00,affiliate,partner-network,click,0.9,0.0,True
usr-00708,jrn-01417,evt-0005155,2025-06-01 09:00:00+00:00,email,lifecycle-email,click,0.04,0.0,True
usr-00781,jrn-01563,evt-0005685,2025-06-01 10:00:00+00:00,email,lifecycle-email,click,0.04,0.0,True
usr-00051,jrn-00103,evt-0000394,2025-06-01 11:00:00+00:00,social,social-prospecting,impression,0.078,0.0,True
usr-00215,jrn-00430,evt-0001581,2025-06-01 12:00:00+00:00,organic,seo-content,click,0.08,0.0,True
usr-00176,jrn-00353,evt-0001310,2025-06-01 14:00:00+00:00,social,social-prospecting,impression,0.078,0.0,True
usr-00181,jrn-00362,evt-0001333,2025-06-01 15:00:00+00:00,paid_search,brand-search,click,1.2,0.0,True
usr-00625,jrn-01250,evt-0004576,2025-06-01 15:00:00+00:00,paid_search,brand-search,click,1.2,0.0,True
usr-00085,jrn-00170,evt-0000642,2025-06-01 16:00:00+00:00,paid_search,brand-search,impression,0.144,0.0,False
usr-00740,jrn-01481,evt-0005391,2025-06-01 16:00:00+00:00,organic,seo-content,click,0.08,0.0,True
usr-00556,jrn-01112,evt-0004087,2025-06-01 16:00:00+00:00,email,lifecycle-email,click,0.04,0.0,True
usr-00891,jrn-01782,evt-0006490,2025-06-01 17:00:00+00:00,paid_search,brand-search,impression,0.144,0.0,True
usr-00512,jrn-01024,evt-0003763,2025-06-01 17:00:00+00:00,social,social-prospecting,impression,0.078,0.0,True
usr-00181,jrn-00362,evt-0001334,2025-06-01 19:00:00+00:00,affiliate,partner-network,click,0.9,0.0,True
usr-00616,jrn-01233,evt-0004517,2025-06-01 19:00:00+00:00,social,social-prospecting,impression,0.078,0.0,True
usr-00062,jrn-00124,evt-0000468,2025-06-01 20:00:00+00:00,display,display-retargeting,impression,0.036,0.0,True
usr-00647,jrn-01294,evt-0004732,2025-06-01 21:00:00+00:00,email,lifecycle-email,impression,0.0048,0.0,True
usr-00832,jrn-01665,evt-0006070,2025-06-01 22:00:00+00:00,organic,seo-content,click,0.08,0.0,True
usr-00085,jrn-00170,evt-0000644,2025-06-01 22:00:00+00:00,paid_search,brand-search,impression,0.144,0.0,True
usr-00460,jrn-00921,evt-0003412,2025-06-01 22:00:00+00:00,paid_search,brand-search,click,1.2,0.0,True
usr-00479,jrn-00959,evt-0003547,2025-06-02 00:00:00+00:00,display,display-retargeting,click,0.3,0.0,True
usr-00001,jrn-00002,evt-0000011,2025-06-02 01:00:00+00:00,paid_search,brand-search,click,1.2,0.0,True
usr-00556,jrn-01112,evt-0004088,2025-06-02 03:00:00+00:00,email,lifecycle-email,impression,0.0048,0.0,True
usr-00460,jrn-00921,evt-0003411,2025-06-02 04:00:00+00:00,paid_search,brand-search,impression,0.144,0.0,True
usr-00647,jrn-01294,evt-0004733,2025-06-02 04:00:00+00:00,paid_search,brand-search,impression,0.144,0.0,True
usr-00289,jrn-00578,evt-0002135,2025-06-02 05:00:00+00:00,organic,seo-content,click,0.08,0.0,True
usr-00181,jrn-00362,evt-0001338,2025-06-02 06:00:00+00:00,display,display-retargeting,impression,0.036,0.0,True
usr-00181,jrn-00362,evt-0001336,2025-06-02 06:00:00+00:00,paid_search,brand-search,click,1.2,0.0,True
usr-00181,jrn-00362,evt-0001337,2025-06-02 07:00:00+00:00,affiliate,partner-network,click,0.9,0.0,True
usr-00781,jrn-01563,evt-0005686,2025-06-02 07:00:00+00:00,display,display-retargeting,click,0.3,0.0,True
usr-00647,jrn-01294,evt-0004734,2025-06-02 07:00:00+00:00,organic,seo-content,click,0.08,0.0,True
usr-00524,jrn-01048,evt-0003855,2025-06-02 09:00:00+00:00,social,social-prospecting,click,0.65,0.0,True
usr-00230,jrn-00460,evt-0001690,2025-06-02 09:00:00+00:00,organic,seo-content,click,0.08,0.0,True
usr-00536,jrn-01073,evt-0003949,2025-06-02 09:00:00+00:00,paid_search,brand-search,impression,0.144,0.0,True
usr-00085,jrn-00170,evt-0000643,2025-06-02 10:00:00+00:00,social,social-prospecting,impression,0.078,0.0,True
usr-00808,jrn-01616,evt-0005883,2025-06-02 11:00:00+00:00,email,lifecycle-email,impression,0.0048,0.0,True
usr-00230,jrn-00460,evt-0001691,2025-06-02 11:00:00+00:00,email,lifecycle-email,click,0.04,0.0,True
usr-00289,jrn-00578,evt-0002136,2025-06-02 11:00:00+00:00,display,display-retargeting,click,0.3,0.0,True
usr-00062,jrn-00124,evt-0000469,2025-06-02 12:00:00+00:00,display,display-retargeting,click,0.3,0.0,True
usr-00791,jrn-01583,evt-0005752,2025-06-02 14:00:00+00:00,affiliate,partner-network,impression,0.108,0.0,True
usr-00021,jrn-00042,evt-0000164,2025-06-02 14:00:00+00:00,organic,seo-content,impression,0.0096,0.0,True
usr-00181,jrn-00362,evt-0001335,2025-06-02 15:00:00+00:00,paid_search,brand-search,impression,0.144,0.0,True
usr-00382,jrn-00765,evt-0002830,2025-06-02 17:00:00+00:00,display,display-retargeting,click,0.3,0.0,True
usr-00001,jrn-00002,evt-0000012,2025-06-02 18:00:00+00:00,organic,seo-content,impression,0.0096,0.0,True
usr-00176,jrn-00353,evt-0001309,2025-06-02 18:00:00+00:00,email,lifecycle-email,click,0.04,0.0,True
usr-00647,jrn-01294,evt-0004735,2025-06-02 18:00:00+00:00,display,display-retargeting,click,0.3,0.0,True
usr-00536,jrn-01073,evt-0003950,2025-06-02 19:00:00+00:00,affiliate,partner-network,impression,0.108,0.0,True
usr-00001,jrn-00002,evt-0000013,2025-06-02 19:00:00+00:00,email,lifecycle-email,impression,0.0048,0.0,True
usr-00603,jrn-01207,evt-0004419,2025-06-02 20:00:00+00:00,affiliate,partner-network,impression,0.108,0.0,True
usr-00176,jrn-00353,evt-0001308,2025-06-02 21:00:00+00:00,email,lifecycle-email,click,0.04,0.0,True
usr-00808,jrn-01616,evt-0005884,2025-06-02 22:00:00+00:00,paid_search,brand-search,click,1.2,0.0,True
usr-00243,jrn-00487,evt-0001805,2025-06-02 23:00:00+00:00,organic,seo-content,impression,0.0096,0.0,True
usr-00795,jrn-01590,evt-0005783,2025-06-02 23:00:00+00:00,social,social-prospecting,click,0.65,0.0,True
usr-00437,jrn-00875,evt-0003240,2025-06-03 01:00:00+00:00,affiliate,partner-network,click,0.9,0.0,True
usr-00791,jrn-01583,evt-0005753,2025-06-03 01:00:00+00:00,email,lifecycle-email,click,0.04,0.0,True
usr-00524,jrn-01048,evt-0003856,2025-06-03 02:00:00+00:00,paid_search,brand-search,click,1.2,0.0,True
usr-00795,jrn-01590,evt-0005784,2025-06-03 03:00:00+00:00,organic,seo-content,impression,0.0096,0.0,True
usr-00791,jrn-01583,evt-0005754,2025-06-03 04:00:00+00:00,affiliate,partner-network,click,0.9,0.0,False
usr-00382,jrn-00765,evt-0002831,2025-06-03 05:00:00+00:00,paid_search,brand-search,impression,0.144,0.0,True
usr-00035,jrn-00071,evt-0000273,2025-06-03 06:00:00+00:00,organic,seo-content,click,0.08,0.0,True
usr-00524,jrn-01048,evt-0003857,2025-06-03 07:00:00+00:00,paid_search,brand-search,click,1.2,0.0,True
usr-00047,jrn-00095,evt-0000365,2025-06-03 08:00:00+00:00,display,display-retargeting,impression,0.036,0.0,True
usr-00243,jrn-00487,evt-0001807,2025-06-03 09:00:00+00:00,organic,seo-content,impression,0.0096,0.0,True
usr-00047,jrn-00095,evt-0000366,2025-06-03 11:00:00+00:00,display,display-retargeting,click,0.3,0.0,True
usr-00243,jrn-00487,evt-0001806,2025-06-03 11:00:00+00:00,affiliate,partner-network,impression,0.108,0.0,True
usr-00795,jrn-01590,evt-0005786,2025-06-03 11:00:00+00:00,display,display-retargeting,click,0.3,0.0,True
usr-00795,jrn-01590,evt-0005785,2025-06-03 13:00:00+00:00,social,social-prospecting,click,0.65,0.0,True
usr-00222,jrn-00445,evt-0001646,2025-06-03 14:00:00+00:00,social,social-prospecting,impression,0.078,0.0,True
usr-00493,jrn-00986,evt-0003632,2025-06-03 14:00:00+00:00,paid_search,brand-search,click,1.2,0.0,True
usr-00536,jrn-01073,evt-0003951,2025-06-03 15:00:00+00:00,social,social-prospecting,impression,0.078,0.0,True
usr-00524,jrn-01048,evt-0003858,2025-06-03 15:00:00+00:00,social,social-prospecting,impression,0.078,0.0,True
usr-00808,jrn-01616,evt-0005885,2025-06-03 17:00:00+00:00,affiliate,partner-network,impression,0.108,0.0,True
usr-00873,jrn-01747,evt-0006352,2025-06-03 19:00:00+00:00,display,display-retargeting,impression,0.036,0.0,True
usr-00035,jrn-00071,evt-0000274,2025-06-03 20:00:00+00:00,social,social-prospecting,impression,0.078,0.0,True
usr-00836,jrn-01672,evt-0006088,2025-06-03 20:00:00+00:00,display,display-retargeting,impression,0.036,0.0,True
usr-00493,jrn-00986,evt-0003633,2025-06-03 20:00:00+00:00,email,lifecycle-email,click,0.04,0.0,True
usr-00382,jrn-00765,evt-0002833,2025-06-03 20:00:00+00:00,organic,seo-content,click,0.08,0.0,True
usr-00647,jrn-01294,evt-0004737,2025-06-03 23:00:00+00:00,organic,seo-content,click,0.08,0.0,True
usr-00035,jrn-00071,evt-0000276,2025-06-04 00:00:00+00:00,organic,seo-content,impression,0.0096,0.0,True
usr-00023,jrn-00046,evt-0000180,2025-06-04 01:00:00+00:00,email,lifecycle-email,click,0.04,0.0,True
usr-00524,jrn-01048,evt-0003859,2025-06-04 01:00:00+00:00,affiliate,partner-network,impression,0.108,0.0,True
usr-00873,jrn-01747,evt-0006353,2025-06-04 01:00:00+00:00,affiliate,partner-network,click,0.9,0.0,True
usr-00382,jrn-00765,evt-0002832,2025-06-04 03:00:00+00:00,organic,seo-content,impression,0.0096,0.0,True
usr-00183,jrn-00367,evt-0001353,2025-06-04 04:00:00+00:00,affiliate,partner-network,impression,0.108,0.0,True
usr-00836,jrn-01672,evt-0006089,2025-06-04 04:00:00+00:00,organic,seo-content,click,0.08,0.0,True
usr-00035,jrn-00071,evt-0000275,2025-06-04 04:00:00+00:00,email,lifecycle-email,click,0.04,0.0,True
usr-00023,jrn-00046,evt-0000181,2025-06-04 05:00:00+00:00,social,social-prospecting,click,0.65,0.0,True
usr-00808,jrn-01616,evt-0005886,2025-06-04 05:00:00+00:00,email,lifecycle-email,impression,0.0048,0.0,True
usr-00512,jrn-01024,evt-0003765,2025-06-04 07:00:00+00:00,affiliate,partner-network,conversion,0.0,78.1,True
usr-00183,jrn-00367,evt-0001354,2025-06-04 07:00:00+00:00,email,lifecycle-email,impression,0.0048,0.0,True
usr-00839,jrn-01679,evt-0006113,2025-06-04 07:00:00+00:00,email,lifecycle-email,impression,0.0048,0.0,True
usr-00647,jrn-01294,evt-0004736,2025-06-04 09:00:00+00:00,paid_search,brand-search,impression,0.144,0.0,True
usr-00321,jrn-00642,evt-0002387,2025-06-04 09:00:00+00:00,social,social-prospecting,click,0.65,0.0,True
usr-00731,jrn-01462,evt-0005307,2025-06-04 09:00:00+00:00,display,display-retargeting,impression,0.036,0.0,True
usr-00035,jrn-00071,evt-0000277,2025-06-04 10:00:00+00:00,email,lifecycle-email,click,0.04,0.0,True
usr-00047,jrn-00095,evt-0000367,2025-06-04 10:00:00+00:00,paid_search,brand-search,impression,0.144,0.0,True
usr-00493,jrn-00986,evt-0003637,2025-06-04 10:00:00+00:00,display,display-retargeting,click,0.3,0.0,True
usr-00460,jrn-00921,evt-0003413,2025-06-04 11:00:00+00:00,paid_search,brand-search,click,1.2,0.0,True
usr-00237,jrn-00475,evt-0001747,2025-06-04 12:00:00+00:00,display,display-retargeting,impression,0.036,0.0,True
usr-00180,jrn-00361,evt-0001332,2025-06-04 12:00:00+00:00,display,display-retargeting,impression,0.036,0.0,True
usr-00493,jrn-00986,evt-0003635,2025-06-04 14:00:00+00:00,organic,seo-content,impression,0.0096,0.0,True
usr-00839,jrn-01679,evt-0006114,2025-06-04 19:00:00+00:00,social,social-prospecting,click,0.65,0.0,True
usr-00873,jrn-01747,evt-0006354,2025-06-04 21:00:00+00:00,affiliate,partner-network,click,0.9,0.0,True
usr-00493,jrn-00986,evt-0003634,2025-06-04 22:00:00+00:00,organic,seo-content,click,0.08,0.0,True
usr-00237,jrn-00475,evt-0001749,2025-06-04 22:00:00+00:00,email,lifecycle-email,impression,0.0048,0.0,True
usr-00019,jrn-00039,evt-0000159,2025-06-04 22:00:00+00:00,display,display-retargeting,impression,0.036,0.0,True
usr-00795,jrn-01590,evt-0005787,2025-06-04 23:00:00+00:00,paid_search,brand-search,impression,0.144,0.0,True
usr-00731,jrn-01462,evt-0005308,2025-06-04 23:00:00+00:00,paid_search,brand-search,click,1.2,0.0,True
usr-00237,jrn-00475,evt-0001748,2025-06-05 01:00:00+00:00,email,lifecycle-email,click,0.04,0.0,True
usr-00578,jrn-01156,evt-0004233,2025-06-05 01:00:00+00:00,social,social-prospecting,click,0.65,0.0,True
usr-00019,jrn-00039,evt-0000160,2025-06-05 01:00:00+00:00,social,social-prospecting,click,0.65,0.0,True
usr-00739,jrn-01478,evt-0005380,2025-06-05 01:00:00+00:00,paid_search,brand-search,click,1.2,0.0,True
usr-00148,jrn-00296,evt-0001081,2025-06-05 04:00:00+00:00,affiliate,partner-network,click,0.9,0.0,True
usr-00183,jrn-00367,evt-0001355,2025-06-05 04:00:00+00:00,affiliate,partner-network,impression,0.108,0.0,True
usr-00739,jrn-01478,evt-0005382,2025-06-05 05:00:00+00:00,display,display-retargeting,impression,0.036,0.0,True
usr-00047,jrn-00095,evt-0000368,2025-06-05 05:00:00+00:00,email,lifecycle-email,impression,0.0048,0.0,True
usr-00839,jrn-01679,evt-0006115,2025-06-05 07:00:00+00:00,social,social-prospecting,click,0.65,0.0,True
usr-00019,jrn-00039,evt-0000161,2025-06-05 08:00:00+00:00,social,social-prospecting,impression,0.078,0.0,True
usr-00578,jrn-01156,evt-0004234,2025-06-05 08:00:00+00:00,organic,seo-content,click,0.08,0.0,True
usr-00762,jrn-01524,evt-0005543,2025-06-05 08:00:00+00:00,paid_search,brand-search,click,1.2,0.0,True
usr-00731,jrn-01462,evt-0005309,2025-06-05 09:00:00+00:00,paid_search,brand-search,click,1.2,0.0,True
usr-00636,jrn-01273,evt-0004673,2025-06-05 09:00:00+00:00,display,display-retargeting,click,0.3,0.0,True
usr-00183,jrn-00367,evt-0001356,2025-06-05 10:00:00+00:00,email,lifecycle-email,impression,0.0048,0.0,True
usr-00321,jrn-00642,evt-0002388,2025-06-05 11:00:00+00:00,social,social-prospecting,conversion,0.0,35.02,True
usr-00578,jrn-01156,evt-0004235,2025-06-05 11:00:00+00:00,display,display-retargeting,click,0.3,0.0,True
usr-00148,jrn-00296,evt-0001082,2025-06-05 12:00:00+00:00,email,lifecycle-email,click,0.04,0.0,True
usr-00790,jrn-01580,evt-0005743,2025-06-05 12:00:00+00:00,organic,seo-content,click,0.08,0.0,True
usr-00324,jrn-00648,evt-0002406,2025-06-05 12:00:00+00:00,affiliate,partner-network,click,0.9,0.0,True
usr-00731,jrn-01462,evt-0005310,2025-06-05 12:00:00+00:00,affiliate,partner-network,click,0.9,0.0,True
usr-00243,jrn-00487,evt-0001808,2025-06-05 13:00:00+00:00,organic,seo-content,conversion,0.0,99.87,True
usr-00434,jrn-00868,evt-0003217,2025-06-05 13:00:00+00:00,affiliate,partner-network,click,0.9,0.0,True
usr-00778,jrn-01557,evt-0005658,2025-06-05 14:00:00+00:00,display,display-retargeting,click,0.3,0.0,True
usr-00082,jrn-00165,evt-0000622,2025-06-05 15:00:00+00:00,affiliate,partner-network,click,0.9,0.0,True
usr-00400,jrn-00800,evt-0002971,2025-06-05 16:00:00+00:00,display,display-retargeting,click,0.3,0.0,True
usr-00434,jrn-00868,evt-0003218,2025-06-05 16:00:00+00:00,display,display-retargeting,click,0.3,0.0,True
usr-00574,jrn-01148,evt-0004209,2025-06-05 16:00:00+00:00,organic,seo-content,click,0.08,0.0,True
usr-00762,jrn-01524,evt-0005544,2025-06-05 17:00:00+00:00,email,lifecycle-email,click,0.04,0.0,True
usr-00405,jrn-00811,evt-0003012,2025-06-05 18:00:00+00:00,organic,seo-content,click,0.08,0.0,True
usr-00739,jrn-01478,evt-0005381,2025-06-05 18:00:00+00:00,email,lifecycle-email,click,0.04,0.0,True
usr-00082,jrn-00165,evt-0000623,2025-06-05 18:00:00+00:00,social,social-prospecting,impression,0.078,0.0,True
usr-00082,jrn-00165,evt-0000624,2025-06-05 19:00:00+00:00,organic,seo-content,click,0.08,0.0,True
usr-00179,jrn-00359,evt-0001325,2025-06-05 19:00:00+00:00,paid_search,brand-search,click,1.2,0.0,True
usr-00400,jrn-00800,evt-0002972,2025-06-05 21:00:00+00:00,email,lifecycle-email,click,0.04,0.0,True
usr-00636,jrn-01273,evt-0004675,2025-06-05 21:00:00+00:00,paid_search,brand-search,click,1.2,0.0,True
usr-00636,jrn-01273,evt-0004674,2025-06-05 21:00:00+00:00,paid_search,brand-search,click,1.2,0.0,True
usr-00494,jrn-00988,evt-0003639,2025-06-05 21:00:00+00:00,social,social-prospecting,impression,0.078,0.0,True
usr-00179,jrn-00359,evt-0001326,2025-06-05 22:00:00+00:00,social,social-prospecting,click,0.65,0.0,True
usr-00270,jrn-00540,evt-0002009,2025-06-05 22:00:00+00:00,display,display-retargeting,impression,0.036,0.0,True
usr-00524,jrn-01048,evt-0003860,2025-06-05 22:00:00+00:00,social,social-prospecting,click,0.65,0.0,True
usr-00574,jrn-01148,evt-0004210,2025-06-05 23:00:00+00:00,organic,seo-content,click,0.08,0.0,True
usr-00790,jrn-01580,evt-0005744,2025-06-05 23:00:00+00:00,organic,seo-content,click,0.08,0.0,True
usr-00778,jrn-01557,evt-0005661,2025-06-05 23:00:00+00:00,social,social-prospecting,click,0.65,0.0,True
usr-00659,jrn-01319,evt-0004814,2025-06-05 23:00:00+00:00,display,display-retargeting,click,0.3,0.0,True
usr-00108,jrn-00217,evt-0000810,2025-06-06 00:00:00+00:00,organic,seo-content,impression,0.0096,0.0,True
usr-00581,jrn-01163,evt-0004258,2025-06-06 00:00:00+00:00,organic,seo-content,impression,0.0096,0.0,True
usr-00790,jrn-01580,evt-0005745,2025-06-06 00:00:00+00:00,social,social-prospecting,click,0.65,0.0,True
usr-00270,jrn-00540,evt-0002010,2025-06-06 03:00:00+00:00,display,display-retargeting,click,0.3,0.0,True
usr-00405,jrn-00811,evt-0003013,2025-06-06 03:00:00+00:00,display,display-retargeting,click,0.3,0.0,True
usr-00578,jrn-01156,evt-0004236,2025-06-06 04:00:00+00:00,social,social-prospecting,click,0.65,0.0,True
usr-00762,jrn-01524,evt-0005545,2025-06-06 04:00:00+00:00,paid_search,brand-search,impression,0.144,0.0,True
usr-00400,jrn-00800,evt-0002975,2025-06-06 04:00:00+00:00,organic,seo-content,click,0.08,0.0,True
usr-00183,jrn-00367,evt-0001357,2025-06-06 04:00:00+00:00,social,social-prospecting,click,0.65,0.0,True
usr-00472,jrn-00945,evt-0003490,2025-06-06 05:00:00+00:00,social,social-prospecting,click,0.65,0.0,True
usr-00493,jrn-00986,evt-0003636,2025-06-06 06:00:00+00:00,display,display-retargeting,impression,0.036,0.0,True
usr-00082,jrn-00165,evt-0000626,2025-06-06 07:00:00+00:00,affiliate,partner-network,click,0.9,0.0,True
usr-00179,jrn-00359,evt-0001327,2025-06-06 07:00:00+00:00,email,lifecycle-email,impression,0.0048,0.0,True
usr-00778,jrn-01557,evt-0005659,2025-06-06 07:00:00+00:00,organic,seo-content,click,0.08,0.0,True
usr-00237,jrn-00475,evt-0001751,2025-06-06 08:00:00+00:00,social,social-prospecting,impression,0.078,0.0,True
usr-00494,jrn-00988,evt-0003640,2025-06-06 08:00:00+00:00,organic,seo-content,click,0.08,0.0,True
usr-00762,jrn-01524,evt-0005546,2025-06-06 08:00:00+00:00,display,display-retargeting,click,0.3,0.0,True
usr-00494,jrn-00988,evt-0003643,2025-06-06 09:00:00+00:00,organic,seo-content,click,0.08,0.0,True
usr-00581,jrn-01163,evt-0004259,2025-06-06 09:00:00+00:00,display,display-retargeting,impression,0.036,0.0,True
usr-00405,jrn-00811,evt-0003014,2025-06-06 10:00:00+00:00,social,social-prospecting,impression,0.078,0.0,True
usr-00072,jrn-00145,evt-0000551,2025-06-06 10:00:00+00:00,paid_search,brand-search,click,1.2,0.0,False
usr-00413,jrn-00827,evt-0003071,2025-06-06 11:00:00+00:00,paid_search,brand-search,click,1.2,0.0,True
usr-00163,jrn-00326,evt-0001194,2025-06-06 12:00:00+00:00,display,display-retargeting,impression,0.036,0.0,True
usr-00494,jrn-00988,evt-0003642,2025-06-06 12:00:00+00:00,affiliate,partner-network,click,0.9,0.0,True
usr-00108,jrn-00217,evt-0000811,2025-06-06 13:00:00+00:00,email,lifecycle-email,click,0.04,0.0,True
usr-00400,jrn-00800,evt-0002973,2025-06-06 14:00:00+00:00,organic,seo-content,impression,0.0096,0.0,True
usr-00472,jrn-00945,evt-0003491,2025-06-06 14:00:00+00:00,social,social-prospecting,click,0.65,0.0,True
usr-00270,jrn-00540,evt-0002011,2025-06-06 14:00:00+00:00,organic,seo-content,click,0.08,0.0,True
usr-00472,jrn-00945,evt-0003492,2025-06-06 15:00:00+00:00,paid_search,brand-search,impression,0.144,0.0,True
usr-00659,jrn-01319,evt-0004815,2025-06-06 15:00:00+00:00,email,lifecycle-email,click,0.04,0.0,True
usr-00346,jrn-00692,evt-0002562,2025-06-06 15:00:00+00:00,email,lifecycle-email,impression,0.0048,0.0,True
usr-00237,jrn-00475,evt-0001750,2025-06-06 15:00:00+00:00,display,display-retargeting,impression,0.036,0.0,True
usr-00072,jrn-00145,evt-0000554,2025-06-06 16:00:00+00:00,email,lifecycle-email,impression,0.0048,0.0,True
usr-00183,jrn-00367,evt-0001358,2025-06-06 16:00:00+00:00,social,social-prospecting,impression,0.078,0.0,True
usr-00494,jrn-00988,evt-0003641,2025-06-06 17:00:00+00:00,affiliate,partner-network,click,0.9,0.0,True
usr-00790,jrn-01580,evt-0005746,2025-06-06 18:00:00+00:00,organic,seo-content,click,0.08,0.0,True
usr-00072,jrn-00145,evt-0000555,2025-06-06 18:00:00+00:00,organic,seo-content,click,0.08,0.0,True
usr-00072,jrn-00145,evt-0000552,2025-06-06 19:00:00+00:00,affiliate,partner-network,impression,0.108,0.0,True
usr-00472,jrn-00945,evt-0003495,2025-06-06 20:00:00+00:00,affiliate,partner-network,impression,0.108,0.0,True
usr-00778,jrn-01557,evt-0005660,2025-06-07 00:00:00+00:00,email,lifecycle-email,impression,0.0048,0.0,True
usr-00732,jrn-01464,evt-0005315,2025-06-07 00:00:00+00:00,display,display-retargeting,click,0.3,0.0,True
usr-00163,jrn-00326,evt-0001195,2025-06-07 00:00:00+00:00,affiliate,partner-network,click,0.9,0.0,True
usr-00591,jrn-01183,evt-0004324,2025-06-07 00:00:00+00:00,display,display-retargeting,click,0.3,0.0,True
usr-00762,jrn-01524,evt-0005547,2025-06-07 00:00:00+00:00,organic,seo-content,click,0.08,0.0,True
usr-00346,jrn-00692,evt-0002563,2025-06-07 01:00:00+00:00,organic,seo-content,click,0.08,0.0,True
usr-00659,jrn-01319,evt-0004816,2025-06-07 01:00:00+00:00,organic,seo-content,impression,0.0096,0.0,True
usr-00431,jrn-00863,evt-0003197,2025-06-07 02:00:00+00:00,organic,seo-content,click,0.08,0.0,True
usr-00380,jrn-00761,evt-0002818,2025-06-07 02:00:00+00:00,affiliate,partner-network,impression,0.108,0.0,True
usr-00581,jrn-01163,evt-0004260,2025-06-07 02:00:00+00:00,affiliate,partner-network,impression,0.108,0.0,True
usr-00732,jrn-01464,evt-0005316,2025-06-07 02:00:00+00:00,display,display-retargeting,click,0.3,0.0,True
usr-00554,jrn-01109,evt-0004076,2025-06-07 03:00:00+00:00,paid_search,brand-search,click,1.2,0.0,True
usr-00653,jrn-01307,evt-0004777,2025-06-07 05:00:00+00:00,paid_search,brand-search,click,1.2,0.0,True
usr-00472,jrn-00945,evt-0003494,2025-06-07 05:00:00+00:00,email,lifecycle-email,click,0.04,0.0,True
usr-00082,jrn-00165,evt-0000625,2025-06-07 06:00:00+00:00,social,social-prospecting,click,0.65,0.0,True
usr-00780,jrn-01560,evt-0005667,2025-06-07 06:00:00+00:00,paid_search,brand-search,click,1.2,0.0,True
usr-00653,jrn-01307,evt-0004778,2025-06-07 07:00:00+00:00,organic,seo-content,click,0.08,0.0,True
usr-00314,jrn-00628,evt-0002334,2025-06-07 08:00:00+00:00,email,lifecycle-email,impression,0.0048,0.0,True
usr-00108,jrn-00217,evt-0000812,2025-06-07 08:00:00+00:00,email,lifecycle-email,impression,0.0048,0.0,True
usr-00554,jrn-01109,evt-0004077,2025-06-07 08:00:00+00:00,paid_search,brand-search,click,1.2,0.0,True
usr-00780,jrn-01560,evt-0005668,2025-06-07 09:00:00+00:00,social,social-prospecting,impression,0.078,0.0,True
usr-00655,jrn-01310,evt-0004789,2025-06-07 09:00:00+00:00,affiliate,partner-network,click,0.9,0.0,True
usr-00780,jrn-01560,evt-0005669,2025-06-07 10:00:00+00:00,paid_search,brand-search,impression,0.144,0.0,True
usr-00314,jrn-00628,evt-0002335,2025-06-07 10:00:00+00:00,email,lifecycle-email,click,0.04,0.0,True
usr-00525,jrn-01051,evt-0003867,2025-06-07 10:00:00+00:00,organic,seo-content,click,0.08,0.0,True
usr-00346,jrn-00692,evt-0002564,2025-06-07 11:00:00+00:00,email,lifecycle-email,impression,0.0048,0.0,True
usr-00380,jrn-00761,evt-0002819,2025-06-07 11:00:00+00:00,email,lifecycle-email,click,0.04,0.0,True
usr-00108,jrn-00217,evt-0000813,2025-06-07 12:00:00+00:00,social,social-prospecting,impression,0.078,0.0,True
usr-00591,jrn-01183,evt-0004326,2025-06-07 12:00:00+00:00,paid_search,brand-search,click,1.2,0.0,True
usr-00400,jrn-00800,evt-0002974,2025-06-07 13:00:00+00:00,display,display-retargeting,impression,0.036,0.0,True
usr-00270,jrn-00540,evt-0002012,2025-06-07 13:00:00+00:00,affiliate,partner-network,click,0.9,0.0,True
usr-00778,jrn-01557,evt-0005662,2025-06-07 14:00:00+00:00,affiliate,partner-network,impression,0.108,0.0,True
usr-00072,jrn-00145,evt-0000553,2025-06-07 14:00:00+00:00,paid_search,brand-search,click,1.2,0.0,True
usr-00732,jrn-01464,evt-0005317,2025-06-07 14:00:00+00:00,display,display-retargeting,impression,0.036,0.0,True
usr-00237,jrn-00475,evt-0001752,2025-06-07 15:00:00+00:00,social,social-prospecting,click,0.65,0.0,True
usr-00591,jrn-01183,evt-0004325,2025-06-07 17:00:00+00:00,email,lifecycle-email,impression,0.0048,0.0,True
usr-00655,jrn-01310,evt-0004790,2025-06-07 17:00:00+00:00,display,display-retargeting,impression,0.036,0.0,True
usr-00329,jrn-00658,evt-0002432,2025-06-07 19:00:00+00:00,display,display-retargeting,click,0.3,0.0,True
usr-00163,jrn-00326,evt-0001196,2025-06-07 20:00:00+00:00,organic,seo-content,click,0.08,0.0,True
usr-00732,jrn-01464,evt-0005318,2025-06-07 21:00:00+00:00,organic,seo-content,impression,0.0096,0.0,True
usr-00295,jrn-00590,evt-0002174,2025-06-07 22:00:00+00:00,affiliate,partner-network,click,0.9,0.0,True
usr-00660,jrn-01320,evt-0004817,2025-06-07 23:00:00+00:00,organic,seo-content,click,0.08,0.0,False
usr-00715,jrn-01431,evt-0005199,2025-06-07 23:00:00+00:00,organic,seo-content,click,0.08,0.0,True
usr-00729,jrn-01459,evt-0005295,2025-06-07 23:00:00+00:00,display,display-retargeting,click,0.3,0.0,True
usr-00729,jrn-01459,evt-0005296,2025-06-08 01:00:00+00:00,organic,seo-content,impression,0.0096,0.0,True
usr-00525,jrn-01051,evt-0003868,2025-06-08 03:00:00+00:00,organic,seo-content,click,0.08,0.0,True
usr-00655,jrn-01310,evt-0004791,2025-06-08 03:00:00+00:00,social,social-prospecting,impression,0.078,0.0,True
usr-00653,jrn-01307,evt-0004779,2025-06-08 03:00:00+00:00,email,lifecycle-email,click,0.04,0.0,True
usr-00660,jrn-01320,evt-0004818,2025-06-08 03:00:00+00:00,paid_search,brand-search,click,1.2,0.0,True
usr-00715,jrn-01431,evt-0005200,2025-06-08 06:00:00+00:00,paid_search,brand-search,click,1.2,0.0,True
usr-00295,jrn-00590,evt-0002175,2025-06-08 06:00:00+00:00,organic,seo-content,click,0.08,0.0,True
usr-00525,jrn-01051,evt-0003870,2025-06-08 07:00:00+00:00,paid_search,brand-search,click,1.2,0.0,True
usr-00790,jrn-01580,evt-0005747,2025-06-08 08:00:00+00:00,display,display-retargeting,impression,0.036,0.0,True
usr-00827,jrn-01654,evt-0006030,2025-06-08 08:00:00+00:00,paid_search,brand-search,impression,0.144,0.0,False
usr-00472,jrn-00945,evt-0003493,2025-06-08 08:00:00+00:00,paid_search,brand-search,impression,0.144,0.0,True
usr-00660,jrn-01320,evt-0004820,2025-06-08 08:00:00+00:00,display,display-retargeting,impression,0.036,0.0,True
usr-00660,jrn-01320,evt-0004819,2025-06-08 09:00:00+00:00,display,display-retargeting,click,0.3,0.0,True
usr-00591,jrn-01183,evt-0004327,2025-06-08 09:00:00+00:00,display,display-retargeting,click,0.3,0.0,True
usr-00715,jrn-01431,evt-0005201,2025-06-08 09:00:00+00:00,display,display-retargeting,click,0.3,0.0,True
usr-00314,jrn-00628,evt-0002336,2025-06-08 10:00:00+00:00,display,display-retargeting,impression,0.036,0.0,True
usr-00435,jrn-00870,evt-0003222,2025-06-08 10:00:00+00:00,social,social-prospecting,click,0.65,0.0,True
usr-00270,jrn-00540,evt-0002013,2025-06-08 10:00:00+00:00,display,display-retargeting,impression,0.036,0.0,True
usr-00380,jrn-00761,evt-0002820,2025-06-08 10:00:00+00:00,social,social-prospecting,impression,0.078,0.0,True
usr-00346,jrn-00692,evt-0002566,2025-06-08 11:00:00+00:00,affiliate,partner-network,click,0.9,0.0,True
usr-00329,jrn-00658,evt-0002433,2025-06-08 11:00:00+00:00,affiliate,partner-network,click,0.9,0.0,True
usr-00075,jrn-00151,evt-0000574,2025-06-08 12:00:00+00:00,paid_search,brand-search,impression,0.144,0.0,True
usr-00295,jrn-00590,evt-0002176,2025-06-08 12:00:00+00:00,organic,seo-content,click,0.08,0.0,True
usr-00380,jrn-00761,evt-0002823,2025-06-08 13:00:00+00:00,social,social-prospecting,click,0.65,0.0,True
usr-00295,jrn-00590,evt-0002177,2025-06-08 13:00:00+00:00,email,lifecycle-email,impression,0.0048,0.0,True
usr-00729,jrn-01459,evt-0005297,2025-06-08 13:00:00+00:00,paid_search,brand-search,click,1.2,0.0,True
usr-00815,jrn-01630,evt-0005938,2025-06-08 13:00:00+00:00,paid_search,brand-search,impression,0.144,0.0,True
usr-00380,jrn-00761,evt-0002821,2025-06-08 14:00:00+00:00,affiliate,partner-network,click,0.9,0.0,True
usr-00085,jrn-00171,evt-0000645,2025-06-08 15:00:00+00:00,display,display-retargeting,impression,0.036,0.0,True
usr-00329,jrn-00658,evt-0002434,2025-06-08 15:00:00+00:00,social,social-prospecting,impression,0.078,0.0,False
usr-00346,jrn-00692,evt-0002565,2025-06-08 15:00:00+00:00,paid_search,brand-search,click,1.2,0.0,True
usr-00827,jrn-01654,evt-0006031,2025-06-08 16:00:00+00:00,affiliate,partner-network,click,0.9,0.0,True
usr-00475,jrn-00951,evt-0003518,2025-06-08 16:00:00+00:00,affiliate,partner-network,impression,0.108,0.0,True
usr-00525,jrn-01051,evt-0003869,2025-06-08 16:00:00+00:00,organic,seo-content,click,0.08,0.0,True
usr-00082,jrn-00165,evt-0000627,2025-06-08 18:00:00+00:00,email,lifecycle-email,click,0.04,0.0,True
usr-00418,jrn-00836,evt-0003101,2025-06-08 18:00:00+00:00,organic,seo-content,click,0.08,0.0,True
usr-00435,jrn-00870,evt-0003224,2025-06-08 18:00:00+00:00,display,display-retargeting,click,0.3,0.0,True
usr-00780,jrn-01560,evt-0005670,2025-06-08 18:00:00+00:00,social,social-prospecting,click,0.65,0.0,True
usr-00715,jrn-01431,evt-0005202,2025-06-08 20:00:00+00:00,email,lifecycle-email,click,0.04,0.0,True
usr-00815,jrn-01630,evt-0005942,2025-06-08 21:00:00+00:00,social,social-prospecting,click,0.65,0.0,True
usr-00815,jrn-01630,evt-0005939,2025-06-08 23:00:00+00:00,social,social-prospecting,click,0.65,0.0,True
usr-00815,jrn-01630,evt-0005940,2025-06-08 23:00:00+00:00,affiliate,partner-network,click,0.9,0.0,True
usr-00475,jrn-00951,evt-0003519,2025-06-09 00:00:00+00:00,affiliate,partner-network,click,0.9,0.0,True
usr-00314,jrn-00628,evt-0002338,2025-06-09 00:00:00+00:00,affiliate,partner-network,click,0.9,0.0,True
usr-00085,jrn-00171,evt-0000646,2025-06-09 00:00:00+00:00,paid_search,brand-search,impression,0.144,0.0,True
usr-00841,jrn-01682,evt-0006122,2025-06-09 01:00:00+00:00,display,display-retargeting,click,0.3,0.0,True
usr-00418,jrn-00836,evt-0003102,2025-06-09 01:00:00+00:00,social,social-prospecting,impression,0.078,0.0,True
usr-00729,jrn-01459,evt-0005298,2025-06-09 02:00:00+00:00,social,social-prospecting,impression,0.078,0.0,True
usr-00827,jrn-01654,evt-0006033,2025-06-09 02:00:00+00:00,email,lifecycle-email,click,0.04,0.0,True
usr-00435,jrn-00870,evt-0003223,2025-06-09 03:00:00+00:00,affiliate,partner-network,impression,0.108,0.0,True
usr-00778,jrn-01557,evt-0005663,2025-06-09 03:00:00+00:00,affiliate,partner-network,click,0.9,0.0,True
usr-00163,jrn-00326,evt-0001197,2025-06-09 04:00:00+00:00,organic,seo-content,conversion,0.0,23.74,True
usr-00108,jrn-00217,evt-0000814,2025-06-09 04:00:00+00:00,social,social-prospecting,conversion,0.0,69.26,True
usr-00841,jrn-01682,evt-0006124,2025-06-09 05:00:00+00:00,paid_search,brand-search,impression,0.144,0.0,True
usr-00466,jrn-00932,evt-0003451,2025-06-09 05:00:00+00:00,paid_search,brand-search,click,1.2,0.0,True
usr-00314,jrn-00628,evt-0002337,2025-06-09 08:00:00+00:00,email,lifecycle-email,impression,0.0048,0.0,True
usr-00306,jrn-00613,evt-0002273,2025-06-09 09:00:00+00:00,social,social-prospecting,impression,0.078,0.0,True
usr-00149,jrn-00298,evt-0001085,2025-06-09 11:00:00+00:00,paid_search,brand-search,click,1.2,0.0,True
usr-00588,jrn-01177,evt-0004298,2025-06-09 13:00:00+00:00,email,lifecycle-email,click,0.04,0.0,True
usr-00827,jrn-01654,evt-0006032,2025-06-09 14:00:00+00:00,display,display-retargeting,click,0.3,0.0,True
usr-00380,jrn-00761,evt-0002822,2025-06-09 14:00:00+00:00,email,lifecycle-email,click,0.04,0.0,True
usr-00468,jrn-00937,evt-0003467,2025-06-09 16:00:00+00:00,paid_search,brand-search,click,1.2,0.0,True
usr-00588,jrn-01177,evt-0004299,2025-06-09 17:00:00+00:00,paid_search,brand-search,click,1.2,0.0,True
usr-00306,jrn-00613,evt-0002277,2025-06-09 17:00:00+00:00,email,lifecycle-email,impression,0.0048,0.0,True
usr-00841,jrn-01682,evt-0006123,2025-06-09 18:00:00+00:00,organic,seo-content,click,0.08,0.0,True
usr-00149,jrn-00298,evt-0001087,2025-06-09 19:00:00+00:00,social,social-prospecting,click,0.65,0.0,True
usr-00660,jrn-01320,evt-0004821,2025-06-09 19:00:00+00:00,organic,seo-content,click,0.08,0.0,True
usr-00732,jrn-01464,evt-0005319,2025-06-09 20:00:00+00:00,organic,seo-content,impression,0.0096,0.0,True
usr-00188,jrn-00376,evt-0001391,2025-06-09 20:00:00+00:00,email,lifecycle-email,impression,0.0048,0.0,True
usr-00314,jrn-00628,evt-0002339,2025-06-09 20:00:00+00:00,affiliate,partner-network,click,0.9,0.0,True
usr-00420,jrn-00840,evt-0003115,2025-06-09 21:00:00+00:00,affiliate,partner-network,click,0.9,0.0,True
usr-00306,jrn-00613,evt-0002274,2025-06-09 22:00:00+00:00,affiliate,partner-network,impression,0.108,0.0,True
usr-00149,jrn-00298,evt-0001086,2025-06-09 22:00:00+00:00,social,social-prospecting,click,0.65,0.0,True
usr-00475,jrn-00951,evt-0003520,2025-06-09 22:00:00+00:00,paid_search,brand-search,click,1.2,0.0,True
usr-00085,jrn-00171,evt-0000647,2025-06-09 23:00:00+00:00,affiliate,partner-network,click,0.9,0.0,True
usr-00435,jrn-00870,evt-0003225,2025-06-10 01:00:00+00:00,affiliate,partner-network,click,0.9,0.0,True
usr-00729,jrn-01459,evt-0005299,2025-06-10 03:00:00+00:00,email,lifecycle-email,impression,0.0048,0.0,True
usr-00306,jrn-00613,evt-0002276,2025-06-10 03:00:00+00:00,social,social-prospecting,impression,0.078,0.0,True
usr-00319,jrn-00639,evt-0002379,2025-06-10 04:00:00+00:00,social,social-prospecting,click,0.65,0.0,True
usr-00705,jrn-01411,evt-0005137,2025-06-10 04:00:00+00:00,social,social-prospecting,impression,0.078,0.0,True
usr-00667,jrn-01335,evt-0004872,2025-06-10 05:00:00+00:00,email,lifecycle-email,click,0.04,0.0,False
usr-00815,jrn-01630,evt-0005943,2025-06-10 05:00:00+00:00,social,social-prospecting,click,0.65,0.0,True
usr-00475,jrn-00951,evt-0003521,2025-06-10 07:00:00+00:00,social,social-prospecting,impression,0.078,0.0,True
usr-00815,jrn-01630,evt-0005941,2025-06-10 07:00:00+00:00,social,social-prospecting,click,0.65,0.0,True
usr-00420,jrn-00840,evt-0003117,2025-06-10 09:00:00+00:00,paid_search,brand-search,impression,0.144,0.0,True
usr-00125,jrn-00251,evt-0000933,2025-06-10 09:00:00+00:00,paid_search,brand-search,impression,0.144,0.0,False
usr-00749,jrn-01499,evt-0005459,2025-06-10 09:00:00+00:00,social,social-prospecting,impression,0.078,0.0,True
usr-00445,jrn-00890,evt-0003288,2025-06-10 10:00:00+00:00,email,lifecycle-email,click,0.04,0.0,True
usr-00588,jrn-01177,evt-0004301,2025-06-10 10:00:00+00:00,display,display-retargeting,impression,0.036,0.0,True
usr-00420,jrn-00840,evt-0003116,2025-06-10 10:00:00+00:00,display,display-retargeting,impression,0.036,0.0,True
usr-00827,jrn-01654,evt-0006034,2025-06-10 12:00:00+00:00,display,display-retargeting,click,0.3,0.0,True
usr-00588,jrn-01177,evt-0004300,2025-06-10 13:00:00+00:00,social,social-prospecting,impression,0.078,0.0,True
usr-00306,jrn-00613,evt-0002275,2025-06-10 15:00:00+00:00,paid_search,brand-search,impression,0.144,0.0,True
usr-00827,jrn-01654,evt-0006035,2025-06-10 15:00:00+00:00,social,social-prospecting,impression,0.078,0.0,True
usr-00319,jrn-00639,evt-0002380,2025-06-10 15:00:00+00:00,email,lifecycle-email,click,0.04,0.0,True
usr-00085,jrn-00171,evt-0000648,2025-06-10 18:00:00+00:00,paid_search,brand-search,click,1.2,0.0,True
usr-00125,jrn-00251,evt-0000934,2025-06-10 20:00:00+00:00,display,display-retargeting,impression,0.036,0.0,True
usr-00002,jrn-00005,evt-0000023,2025-06-10 20:00:00+00:00,paid_search,brand-search,click,1.2,0.0,True
usr-00817,jrn-01635,evt-0005959,2025-06-10 22:00:00+00:00,email,lifecycle-email,click,0.04,0.0,True
usr-00663,jrn-01327,evt-0004846,2025-06-10 22:00:00+00:00,social,social-prospecting,click,0.65,0.0,True
usr-00608,jrn-01217,evt-0004448,2025-06-10 23:00:00+00:00,social,social-prospecting,click,0.65,0.0,True
usr-00588,jrn-01177,evt-0004303,2025-06-11 00:00:00+00:00,organic,seo-content,click,0.08,0.0,True
usr-00053,jrn-00106,evt-0000404,2025-06-11 00:00:00+00:00,paid_search,brand-search,click,1.2,0.0,True
usr-00893,jrn-01786,evt-0006499,2025-06-11 01:00:00+00:00,affiliate,partner-network,impression,0.108,0.0,True
usr-00817,jrn-01635,evt-0005960,2025-06-11 01:00:00+00:00,organic,seo-content,click,0.08,0.0,True
usr-00120,jrn-00240,evt-0000893,2025-06-11 02:00:00+00:00,affiliate,partner-network,click,0.9,0.0,True
usr-00413,jrn-00826,evt-0003067,2025-06-11 03:00:00+00:00,social,social-prospecting,impression,0.078,0.0,True
usr-00608,jrn-01217,evt-0004449,2025-06-11 03:00:00+00:00,social,social-prospecting,click,0.65,0.0,True
usr-00079,jrn-00158,evt-0000601,2025-06-11 03:00:00+00:00,affiliate,partner-network,impression,0.108,0.0,True
usr-00874,jrn-01749,evt-0006358,2025-06-11 04:00:00+00:00,email,lifecycle-email,impression,0.0048,0.0,True
usr-00350,jrn-00700,evt-0002597,2025-06-11 04:00:00+00:00,affiliate,partner-network,impression,0.108,0.0,True
usr-00608,jrn-01217,evt-0004450,2025-06-11 05:00:00+00:00,email,lifecycle-email,click,0.04,0.0,True
usr-00167,jrn-00334,evt-0001230,2025-06-11 06:00:00+00:00,social,social-prospecting,click,0.65,0.0,True
usr-00481,jrn-00963,evt-0003560,2025-06-11 07:00:00+00:00,paid_search,brand-search,impression,0.144,0.0,True
usr-00231,jrn-00463,evt-0001698,2025-06-11 07:00:00+00:00,display,display-retargeting,click,0.3,0.0,True
usr-00150,jrn-00301,evt-0001096,2025-06-11 08:00:00+00:00,organic,seo-content,click,0.08,0.0,True
usr-00167,jrn-00334,evt-0001231,2025-06-11 08:00:00+00:00,display,display-retargeting,click,0.3,0.0,True
usr-00053,jrn-00106,evt-0000405,2025-06-11 08:00:00+00:00,email,lifecycle-email,impression,0.0048,0.0,True
usr-00449,jrn-00898,evt-0003315,2025-06-11 09:00:00+00:00,paid_search,brand-search,impression,0.144,0.0,True
usr-00167,jrn-00334,evt-0001232,2025-06-11 10:00:00+00:00,social,social-prospecting,impression,0.078,0.0,True
usr-00334,jrn-00669,evt-0002477,2025-06-11 10:00:00+00:00,display,display-retargeting,impression,0.036,0.0,True
usr-00893,jrn-01786,evt-0006501,2025-06-11 11:00:00+00:00,affiliate,partner-network,impression,0.108,0.0,True
usr-00896,jrn-01792,evt-0006525,2025-06-11 12:00:00+00:00,social,social-prospecting,click,0.65,0.0,True
usr-00893,jrn-01786,evt-0006500,2025-06-11 12:00:00+00:00,social,social-prospecting,impression,0.078,0.0,True
usr-00874,jrn-01749,evt-0006359,2025-06-11 14:00:00+00:00,display,display-retargeting,click,0.3,0.0,True
usr-00608,jrn-01217,evt-0004451,2025-06-11 14:00:00+00:00,affiliate,partner-network,click,0.9,0.0,True
usr-00663,jrn-01327,evt-0004847,2025-06-11 14:00:00+00:00,email,lifecycle-email,click,0.04,0.0,True
usr-00150,jrn-00301,evt-0001100,2025-06-11 16:00:00+00:00,organic,seo-content,impression,0.0096,0.0,True
usr-00350,jrn-00700,evt-0002598,2025-06-11 16:00:00+00:00,affiliate,partner-network,click,0.9,0.0,True
usr-00413,jrn-00826,evt-0003068,2025-06-11 17:00:00+00:00,affiliate,partner-network,click,0.9,0.0,True
usr-00896,jrn-01792,evt-0006526,2025-06-11 17:00:00+00:00,display,display-retargeting,click,0.3,0.0,True
usr-00231,jrn-00463,evt-0001703,2025-06-11 17:00:00+00:00,email,lifecycle-email,impression,0.0048,0.0,True
usr-00896,jrn-01792,evt-0006527,2025-06-11 18:00:00+00:00,display,display-retargeting,impression,0.036,0.0,True
usr-00481,jrn-00963,evt-0003561,2025-06-11 18:00:00+00:00,organic,seo-content,impression,0.0096,0.0,True
usr-00413,jrn-00826,evt-0003070,2025-06-11 18:00:00+00:00,organic,seo-content,click,0.08,0.0,True
usr-00150,jrn-00301,evt-0001097,2025-06-11 18:00:00+00:00,organic,seo-content,click,0.08,0.0,True
usr-00120,jrn-00240,evt-0000894,2025-06-11 19:00:00+00:00,email,lifecycle-email,click,0.04,0.0,True
usr-00231,jrn-00463,evt-0001700,2025-06-11 19:00:00+00:00,organic,seo-content,impression,0.0096,0.0,True
usr-00449,jrn-00898,evt-0003316,2025-06-11 20:00:00+00:00,display,display-retargeting,click,0.3,0.0,True
usr-00587,jrn-01174,evt-0004287,2025-06-11 20:00:00+00:00,email,lifecycle-email,click,0.04,0.0,True
usr-00893,jrn-01786,evt-0006503,2025-06-11 21:00:00+00:00,affiliate,partner-network,impression,0.108,0.0,True
usr-00334,jrn-00669,evt-0002478,2025-06-11 21:00:00+00:00,email,lifecycle-email,click,0.04,0.0,True
usr-00896,jrn-01792,evt-0006528,2025-06-11 21:00:00+00:00,affiliate,partner-network,impression,0.108,0.0,True
usr-00413,jrn-00826,evt-0003069,2025-06-11 21:00:00+00:00,social,social-prospecting,click,0.65,0.0,True
usr-00150,jrn-00301,evt-0001098,2025-06-11 22:00:00+00:00,display,display-retargeting,click,0.3,0.0,True
usr-00231,jrn-00463,evt-0001699,2025-06-11 23:00:00+00:00,affiliate,partner-network,impression,0.108,0.0,True
usr-00231,jrn-00463,evt-0001702,2025-06-11 23:00:00+00:00,organic,seo-content,click,0.08,0.0,True
usr-00306,jrn-00613,evt-0002278,2025-06-12 02:00:00+00:00,organic,seo-content,click,0.08,0.0,True
usr-00482,jrn-00964,evt-0003563,2025-06-12 03:00:00+00:00,email,lifecycle-email,click,0.04,0.0,True
usr-00816,jrn-01632,evt-0005947,2025-06-12 05:00:00+00:00,social,social-prospecting,impression,0.078,0.0,True
usr-00102,jrn-00205,evt-0000772,2025-06-12 05:00:00+00:00,social,social-prospecting,click,0.65,0.0,True
usr-00893,jrn-01786,evt-0006502,2025-06-12 07:00:00+00:00,email,lifecycle-email,impression,0.0048,0.0,True
usr-00588,jrn-01177,evt-0004302,2025-06-12 09:00:00+00:00,organic,seo-content,click,0.08,0.0,True
usr-00167,jrn-00334,evt-0001233,2025-06-12 09:00:00+00:00,affiliate,partner-network,click,0.9,0.0,True
usr-00062,jrn-00125,evt-0000470,2025-06-12 09:00:00+00:00,social,social-prospecting,click,0.65,0.0,True
usr-00816,jrn-01632,evt-0005948,2025-06-12 10:00:00+00:00,affiliate,partner-network,impression,0.108,0.0,True
usr-00874,jrn-01749,evt-0006360,2025-06-12 10:00:00+00:00,paid_search,brand-search,impression,0.144,0.0,True
usr-00587,jrn-01174,evt-0004288,2025-06-12 12:00:00+00:00,organic,seo-content,click,0.08,0.0,True
usr-00761,jrn-01523,evt-0005539,2025-06-12 14:00:00+00:00,email,lifecycle-email,impression,0.0048,0.0,True
usr-00482,jrn-00964,evt-0003564,2025-06-12 15:00:00+00:00,display,display-retargeting,impression,0.036,0.0,True
usr-00120,jrn-00240,evt-0000895,2025-06-12 15:00:00+00:00,email,lifecycle-email,conversion,0.0,72.77,True
usr-00150,jrn-00301,evt-0001099,2025-06-12 20:00:00+00:00,display,display-retargeting,click,0.3,0.0,False
usr-00154,jrn-00308,evt-0001121,2025-06-12 22:00:00+00:00,display,display-retargeting,impression,0.036,0.0,True
usr-00589,jrn-01178,evt-0004304,2025-06-12 22:00:00+00:00,email,lifecycle-email,click,0.04,0.0,True
usr-00587,jrn-01174,evt-0004289,2025-06-12 22:00:00+00:00,social,social-prospecting,click,0.65,0.0,True
usr-00102,jrn-00205,evt-0000773,2025-06-12 22:00:00+00:00,email,lifecycle-email,click,0.04,0.0,True
usr-00587,jrn-01174,evt-0004290,2025-06-12 23:00:00+00:00,organic,seo-content,click,0.08,0.0,True
usr-00589,jrn-01178,evt-0004305,2025-06-13 00:00:00+00:00,affiliate,partner-network,click,0.9,0.0,True
usr-00261,jrn-00522,evt-0001946,2025-06-13 01:00:00+00:00,display,display-retargeting,impression,0.036,0.0,True
usr-00150,jrn-00301,evt-0001101,2025-06-13 05:00:00+00:00,display,display-retargeting,impression,0.036,0.0,True
usr-00340,jrn-00681,evt-0002520,2025-06-13 05:00:00+00:00,paid_search,brand-search,click,1.2,0.0,True
usr-00481,jrn-00963,evt-0003562,2025-06-13 05:00:00+00:00,organic,seo-content,conversion,0.0,121.51,True
usr-00862,jrn-01725,evt-0006278,2025-06-13 05:00:00+00:00,email,lifecycle-email,click,0.04,0.0,True
usr-00102,jrn-00205,evt-0000774,2025-06-13 05:00:00+00:00,organic,seo-content,click,0.08,0.0,True
usr-00589,jrn-01178,evt-0004306,2025-06-13 06:00:00+00:00,display,display-retargeting,click,0.3,0.0,True
usr-00505,jrn-01011,evt-0003717,2025-06-13 07:00:00+00:00,affiliate,partner-network,click,0.9,0.0,True
usr-00656,jrn-01312,evt-0004797,2025-06-13 07:00:00+00:00,affiliate,partner-network,impression,0.108,0.0,True
usr-00761,jrn-01523,evt-0005540,2025-06-13 07:00:00+00:00,organic,seo-content,click,0.08,0.0,True
usr-00580,jrn-01160,evt-0004250,2025-06-13 07:00:00+00:00,paid_search,brand-search,click,1.2,0.0,True
usr-00154,jrn-00308,evt-0001122,2025-06-13 08:00:00+00:00,paid_search,brand-search,click,1.2,0.0,True
usr-00587,jrn-01174,evt-0004291,2025-06-13 08:00:00+00:00,email,lifecycle-email,impression,0.0048,0.0,True
usr-00761,jrn-01523,evt-0005541,2025-06-13 08:00:00+00:00,display,display-retargeting,click,0.3,0.0,True
usr-00783,jrn-01566,evt-0005693,2025-06-13 08:00:00+00:00,affiliate,partner-network,click,0.9,0.0,True
usr-00304,jrn-00609,evt-0002255,2025-06-13 09:00:00+00:00,display,display-retargeting,impression,0.036,0.0,True
usr-00854,jrn-01709,evt-0006217,2025-06-13 09:00:00+00:00,affiliate,partner-network,impression,0.108,0.0,True
usr-00340,jrn-00681,evt-0002521,2025-06-13 09:00:00+00:00,email,lifecycle-email,click,0.04,0.0,True
usr-00167,jrn-00334,evt-0001234,2025-06-13 10:00:00+00:00,organic,seo-content,click,0.08,0.0,True
usr-00231,jrn-00463,evt-0001701,2025-06-13 10:00:00+00:00,social,social-prospecting,click,0.65,0.0,True
usr-00122,jrn-00245,evt-0000908,2025-06-13 10:00:00+00:00,email,lifecycle-email,click,0.04,0.0,True
usr-00505,jrn-01011,evt-0003718,2025-06-13 11:00:00+00:00,display,display-retargeting,click,0.3,0.0,True
usr-00304,jrn-00609,evt-0002257,2025-06-13 13:00:00+00:00,display,display-retargeting,click,0.3,0.0,True
usr-00854,jrn-01709,evt-0006218,2025-06-13 14:00:00+00:00,organic,seo-content,impression,0.0096,0.0,True
usr-00261,jrn-00522,evt-0001947,2025-06-13 14:00:00+00:00,affiliate,partner-network,click,0.9,0.0,True
usr-00816,jrn-01632,evt-0005949,2025-06-13 15:00:00+00:00,organic,seo-content,click,0.08,0.0,True
usr-00610,jrn-01221,evt-0004460,2025-06-13 15:00:00+00:00,affiliate,partner-network,impression,0.108,0.0,True
usr-00154,jrn-00308,evt-0001124,2025-06-13 16:00:00+00:00,display,display-retargeting,click,0.3,0.0,True
usr-00645,jrn-01291,evt-0004728,2025-06-13 17:00:00+00:00,email,lifecycle-email,click,0.04,0.0,True
usr-00589,jrn-01178,evt-0004308,2025-06-13 18:00:00+00:00,affiliate,partner-network,click,0.9,0.0,True
usr-00608,jrn-01217,evt-0004452,2025-06-13 19:00:00+00:00,paid_search,brand-search,click,1.2,0.0,True
usr-00122,jrn-00245,evt-0000911,2025-06-13 19:00:00+00:00,display,display-retargeting,impression,0.036,0.0,True
usr-00304,jrn-00609,evt-0002256,2025-06-13 20:00:00+00:00,email,lifecycle-email,click,0.04,0.0,True
usr-00102,jrn-00205,evt-0000775,2025-06-13 20:00:00+00:00,display,display-retargeting,impression,0.036,0.0,True
usr-00122,jrn-00245,evt-0000909,2025-06-13 20:00:00+00:00,display,display-retargeting,impression,0.036,0.0,True
usr-00862,jrn-01725,evt-0006279,2025-06-13 21:00:00+00:00,display,display-retargeting,click,0.3,0.0,True
usr-00304,jrn-00609,evt-0002259,2025-06-13 21:00:00+00:00,email,lifecycle-email,click,0.04,0.0,True
usr-00761,jrn-01523,evt-0005542,2025-06-13 23:00:00+00:00,email,lifecycle-email,click,0.04,0.0,True
usr-00586,jrn-01173,evt-0004282,2025-06-13 23:00:00+00:00,social,social-prospecting,impression,0.078,0.0,True
usr-00783,jrn-01566,evt-0005694,2025-06-13 23:00:00+00:00,display,display-retargeting,click,0.3,0.0,True
usr-00122,jrn-00245,evt-0000910,2025-06-14 00:00:00+00:00,display,display-retargeting,click,0.3,0.0,True
usr-00505,jrn-01011,evt-0003719,2025-06-14 01:00:00+00:00,organic,seo-content,click,0.08,0.0,True
usr-00589,jrn-01178,evt-0004307,2025-06-14 01:00:00+00:00,organic,seo-content,click,0.08,0.0,True
usr-00446,jrn-00892,evt-0003295,2025-06-14 03:00:00+00:00,affiliate,partner-network,impression,0.108,0.0,True
usr-00064,jrn-00128,evt-0000483,2025-06-14 03:00:00+00:00,organic,seo-content,impression,0.0096,0.0,True
usr-00261,jrn-00522,evt-0001948,2025-06-14 03:00:00+00:00,social,social-prospecting,click,0.65,0.0,True
usr-00702,jrn-01405,evt-0005113,2025-06-14 04:00:00+00:00,social,social-prospecting,impression,0.078,0.0,True
usr-00783,jrn-01566,evt-0005695,2025-06-14 06:00:00+00:00,email,lifecycle-email,impression,0.0048,0.0,True
usr-00800,jrn-01601,evt-0005831,2025-06-14 07:00:00+00:00,social,social-prospecting,impression,0.078,0.0,False
usr-00154,jrn-00308,evt-0001123,2025-06-14 08:00:00+00:00,display,display-retargeting,impression,0.036,0.0,True
usr-00586,jrn-01173,evt-0004284,2025-06-14 09:00:00+00:00,social,social-prospecting,click,0.65,0.0,True
usr-00862,jrn-01725,evt-0006280,2025-06-14 09:00:00+00:00,organic,seo-content,click,0.08,0.0,True
usr-00801,jrn-01602,evt-0005834,2025-06-14 10:00:00+00:00,social,social-prospecting,click,0.65,0.0,False
usr-00538,jrn-01076,evt-0003957,2025-06-14 11:00:00+00:00,social,social-prospecting,impression,0.078,0.0,True
usr-00064,jrn-00128,evt-0000484,2025-06-14 12:00:00+00:00,social,social-prospecting,impression,0.078,0.0,True
usr-00264,jrn-00529,evt-0001972,2025-06-14 13:00:00+00:00,email,lifecycle-email,click,0.04,0.0,True
usr-00224,jrn-00448,evt-0001654,2025-06-14 13:00:00+00:00,display,display-retargeting,click,0.3,0.0,True
usr-00862,jrn-01725,evt-0006281,2025-06-14 14:00:00+00:00,paid_search,brand-search,impression,0.144,0.0,True
usr-00586,jrn-01173,evt-0004283,2025-06-14 14:00:00+00:00,paid_search,brand-search,click,1.2,0.0,True
usr-00801,jrn-01602,evt-0005835,2025-06-14 14:00:00+00:00,organic,seo-content,click,0.08,0.0,True
usr-00800,jrn-01601,evt-0005832,2025-06-14 14:00:00+00:00,social,social-prospecting,impression,0.078,0.0,False
usr-00610,jrn-01221,evt-0004461,2025-06-14 14:00:00+00:00,affiliate,partner-network,conversion,0.0,71.74,True
usr-00261,jrn-00522,evt-0001949,2025-06-14 16:00:00+00:00,paid_search,brand-search,impression,0.144,0.0,True
usr-00341,jrn-00682,evt-0002522,2025-06-14 16:00:00+00:00,paid_search,brand-search,click,1.2,0.0,True
usr-00800,jrn-01601,evt-0005833,2025-06-14 17:00:00+00:00,email,lifecycle-email,click,0.04,0.0,True
usr-00550,jrn-01101,evt-0004054,2025-06-14 17:00:00+00:00,paid_search,brand-search,impression,0.144,0.0,True
usr-00446,jrn-00892,evt-0003297,2025-06-14 17:00:00+00:00,organic,seo-content,impression,0.0096,0.0,True
usr-00624,jrn-01249,evt-0004571,2025-06-14 17:00:00+00:00,email,lifecycle-email,impression,0.0048,0.0,True
usr-00304,jrn-00609,evt-0002258,2025-06-14 18:00:00+00:00,display,display-retargeting,click,0.3,0.0,True
usr-00122,jrn-00245,evt-0000912,2025-06-14 18:00:00+00:00,email,lifecycle-email,click,0.04,0.0,True
usr-00811,jrn-01622,evt-0005905,2025-06-14 18:00:00+00:00,email,lifecycle-email,click,0.04,0.0,True
usr-00446,jrn-00892,evt-0003296,2025-06-14 18:00:00+00:00,display,display-retargeting,click,0.3,0.0,True
usr-00783,jrn-01566,evt-0005697,2025-06-14 20:00:00+00:00,social,social-prospecting,click,0.65,0.0,True
usr-00174,jrn-00348,evt-0001288,2025-06-14 20:00:00+00:00,organic,seo-content,click,0.08,0.0,True
usr-00624,jrn-01249,evt-0004572,2025-06-14 20:00:00+00:00,paid_search,brand-search,impression,0.144,0.0,True
usr-00224,jrn-00448,evt-0001656,2025-06-14 21:00:00+00:00,paid_search,brand-search,click,1.2,0.0,True
usr-00224,jrn-00448,evt-0001655,2025-06-14 21:00:00+00:00,paid_search,brand-search,impression,0.144,0.0,True
usr-00406,jrn-00812,evt-0003015,2025-06-15 01:00:00+00:00,display,display-retargeting,click,0.3,0.0,True
usr-00064,jrn-00128,evt-0000485,2025-06-15 01:00:00+00:00,affiliate,partner-network,click,0.9,0.0,True
usr-00862,jrn-01725,evt-0006282,2025-06-15 01:00:00+00:00,paid_search,brand-search,impression,0.144,0.0,True
usr-00341,jrn-00682,evt-0002523,2025-06-15 02:00:00+00:00,social,social-prospecting,click,0.65,0.0,True
usr-00586,jrn-01173,evt-0004285,2025-06-15 02:00:00+00:00,social,social-prospecting,click,0.65,0.0,True
usr-00122,jrn-00245,evt-0000913,2025-06-15 02:00:00+00:00,social,social-prospecting,impression,0.078,0.0,True
usr-00228,jrn-00457,evt-0001683,2025-06-15 03:00:00+00:00,organic,seo-content,impression,0.0096,0.0,True
usr-00587,jrn-01174,evt-0004292,2025-06-15 04:00:00+00:00,display,display-retargeting,click,0.3,0.0,True
usr-00224,jrn-00448,evt-0001657,2025-06-15 04:00:00+00:00,email,lifecycle-email,impression,0.0048,0.0,False
usr-00341,jrn-00682,evt-0002525,2025-06-15 04:00:00+00:00,email,lifecycle-email,click,0.04,0.0,True
usr-00878,jrn-01756,evt-0006390,2025-06-15 05:00:00+00:00,organic,seo-content,click,0.08,0.0,True
usr-00550,jrn-01101,evt-0004057,2025-06-15 05:00:00+00:00,organic,seo-content,click,0.08,0.0,True
usr-00341,jrn-00682,evt-0002524,2025-06-15 06:00:00+00:00,email,lifecycle-email,click,0.04,0.0,True
usr-00550,jrn-01101,evt-0004055,2025-06-15 07:00:00+00:00,email,lifecycle-email,click,0.04,0.0,True
usr-00586,jrn-01173,evt-0004286,2025-06-15 07:00:00+00:00,social,social-prospecting,impression,0.078,0.0,True
usr-00402,jrn-00805,evt-0002989,2025-06-15 08:00:00+00:00,display,display-retargeting,click,0.3,0.0,True
usr-00783,jrn-01566,evt-0005696,2025-06-15 08:00:00+00:00,display,display-retargeting,impression,0.036,0.0,True
usr-00550,jrn-01101,evt-0004056,2025-06-15 09:00:00+00:00,social,social-prospecting,click,0.65,0.0,True
usr-00064,jrn-00128,evt-0000486,2025-06-15 09:00:00+00:00,social,social-prospecting,click,0.65,0.0,True
usr-00876,jrn-01752,evt-0006372,2025-06-15 10:00:00+00:00,email,lifecycle-email,impression,0.0048,0.0,True
usr-00811,jrn-01622,evt-0005906,2025-06-15 11:00:00+00:00,affiliate,partner-network,impression,0.108,0.0,True
usr-00878,jrn-01756,evt-0006391,2025-06-15 13:00:00+00:00,organic,seo-content,click,0.08,0.0,True
usr-00406,jrn-00812,evt-0003016,2025-06-15 13:00:00+00:00,email,lifecycle-email,impression,0.0048,0.0,True
usr-00406,jrn-00812,evt-0003017,2025-06-15 13:00:00+00:00,display,display-retargeting,impression,0.036,0.0,True
usr-00624,jrn-01249,evt-0004574,2025-06-15 14:00:00+00:00,email,lifecycle-email,click,0.04,0.0,True
usr-00341,jrn-00682,evt-0002526,2025-06-15 16:00:00+00:00,organic,seo-content,impression,0.0096,0.0,True
usr-00522,jrn-01045,evt-0003839,2025-06-15 16:00:00+00:00,display,display-retargeting,impression,0.036,0.0,True
usr-00406,jrn-00812,evt-0003019,2025-06-15 17:00:00+00:00,email,lifecycle-email,impression,0.0048,0.0,True
usr-00890,jrn-01780,evt-0006476,2025-06-15 17:00:00+00:00,email,lifecycle-email,click,0.04,0.0,True
usr-00624,jrn-01249,evt-0004573,2025-06-15 17:00:00+00:00,affiliate,partner-network,click,0.9,0.0,True
usr-00402,jrn-00805,evt-0002990,2025-06-15 18:00:00+00:00,affiliate,partner-network,click,0.9,0.0,True
usr-00550,jrn-01101,evt-0004058,2025-06-15 21:00:00+00:00,affiliate,partner-network,impression,0.108,0.0,True
usr-00890,jrn-01780,evt-0006478,2025-06-15 21:00:00+00:00,display,display-retargeting,click,0.3,0.0,True
usr-00876,jrn-01752,evt-0006375,2025-06-15 22:00:00+00:00,display,display-retargeting,impression,0.036,0.0,True
usr-00055,jrn-00111,evt-0000422,2025-06-15 22:00:00+00:00,social,social-prospecting,click,0.65,0.0,True
usr-00820,jrn-01640,evt-0005976,2025-06-15 23:00:00+00:00,email,lifecycle-email,impression,0.0048,0.0,True
usr-00285,jrn-00571,evt-0002111,2025-06-16 00:00:00+00:00,paid_search,brand-search,impression,0.144,0.0,True
usr-00589,jrn-01178,evt-0004309,2025-06-16 01:00:00+00:00,social,social-prospecting,impression,0.078,0.0,True
usr-00522,jrn-01045,evt-0003840,2025-06-16 01:00:00+00:00,display,display-retargeting,impression,0.036,0.0,True
usr-00224,jrn-00448,evt-0001658,2025-06-16 01:00:00+00:00,social,social-prospecting,click,0.65,0.0,True
usr-00406,jrn-00812,evt-0003020,2025-06-16 02:00:00+00:00,affiliate,partner-network,click,0.9,0.0,True
usr-00876,jrn-01752,evt-0006373,2025-06-16 02:00:00+00:00,social,social-prospecting,click,0.65,0.0,True
usr-00717,jrn-01434,evt-0005210,2025-06-16 03:00:00+00:00,organic,seo-content,impression,0.0096,0.0,True
usr-00595,jrn-01191,evt-0004359,2025-06-16 03:00:00+00:00,email,lifecycle-email,click,0.04,0.0,True
usr-00228,jrn-00457,evt-0001684,2025-06-16 04:00:00+00:00,organic,seo-content,conversion,0.0,73.04,True
usr-00890,jrn-01780,evt-0006477,2025-06-16 05:00:00+00:00,organic,seo-content,click,0.08,0.0,True
usr-00784,jrn-01569,evt-0005706,2025-06-16 05:00:00+00:00,affiliate,partner-network,click,0.9,0.0,True
usr-00055,jrn-00111,evt-0000423,2025-06-16 05:00:00+00:00,display,display-retargeting,click,0.3,0.0,True
usr-00522,jrn-01045,evt-0003841,2025-06-16 06:00:00+00:00,social,social-prospecting,click,0.65,0.0,True
usr-00003,jrn-00006,evt-0000024,2025-06-16 06:00:00+00:00,affiliate,partner-network,click,0.9,0.0,True
usr-00285,jrn-00571,evt-0002112,2025-06-16 07:00:00+00:00,social,social-prospecting,click,0.65,0.0,True
usr-00367,jrn-00735,evt-0002724,2025-06-16 07:00:00+00:00,affiliate,partner-network,click,0.9,0.0,True
usr-00055,jrn-00111,evt-0000427,2025-06-16 08:00:00+00:00,paid_search,brand-search,click,1.2,0.0,True
usr-00371,jrn-00742,evt-0002753,2025-06-16 08:00:00+00:00,display,display-retargeting,impression,0.036,0.0,True
usr-00742,jrn-01485,evt-0005406,2025-06-16 08:00:00+00:00,social,social-prospecting,click,0.65,0.0,True
usr-00717,jrn-01434,evt-0005212,2025-06-16 09:00:00+00:00,email,lifecycle-email,impression,0.0048,0.0,True
usr-00522,jrn-01045,evt-0003842,2025-06-16 10:00:00+00:00,affiliate,partner-network,impression,0.108,0.0,True
usr-00367,jrn-00735,evt-0002725,2025-06-16 10:00:00+00:00,affiliate,partner-network,click,0.9,0.0,True
usr-00820,jrn-01640,evt-0005977,2025-06-16 10:00:00+00:00,display,display-retargeting,impression,0.036,0.0,True
usr-00064,jrn-00128,evt-0000487,2025-06-16 11:00:00+00:00,organic,seo-content,click,0.08,0.0,True
usr-00371,jrn-00742,evt-0002754,2025-06-16 13:00:00+00:00,paid_search,brand-search,click,1.2,0.0,True
usr-00595,jrn-01191,evt-0004360,2025-06-16 14:00:00+00:00,affiliate,partner-network,impression,0.108,0.0,True
usr-00397,jrn-00795,evt-0002953,2025-06-16 14:00:00+00:00,display,display-retargeting,click,0.3,0.0,True
usr-00003,jrn-00006,evt-0000027,2025-06-16 15:00:00+00:00,display,display-retargeting,impression,0.036,0.0,True
usr-00055,jrn-00111,evt-0000424,2025-06-16 16:00:00+00:00,affiliate,partner-network,click,0.9,0.0,True
usr-00184,jrn-00368,evt-0001359,2025-06-16 16:00:00+00:00,social,social-prospecting,click,0.65,0.0,True
usr-00367,jrn-00735,evt-0002726,2025-06-16 17:00:00+00:00,organic,seo-content,click,0.08,0.0,True
usr-00820,jrn-01640,evt-0005978,2025-06-16 17:00:00+00:00,affiliate,partner-network,click,0.9,0.0,True
usr-00003,jrn-00006,evt-0000025,2025-06-16 18:00:00+00:00,social,social-prospecting,click,0.65,0.0,True
usr-00742,jrn-01485,evt-0005408,2025-06-16 18:00:00+00:00,display,display-retargeting,click,0.3,0.0,True
usr-00003,jrn-00006,evt-0000028,2025-06-16 18:00:00+00:00,paid_search,brand-search,click,1.2,0.0,True
usr-00717,jrn-01434,evt-0005211,2025-06-16 19:00:00+00:00,organic,seo-content,click,0.08,0.0,True
usr-00784,jrn-01569,evt-0005707,2025-06-16 20:00:00+00:00,affiliate,partner-network,click,0.9,0.0,True
usr-00876,jrn-01752,evt-0006374,2025-06-16 20:00:00+00:00,display,display-retargeting,impression,0.036,0.0,True
usr-00742,jrn-01485,evt-0005410,2025-06-16 20:00:00+00:00,display,display-retargeting,impression,0.036,0.0,True
usr-00742,jrn-01485,evt-0005407,2025-06-16 20:00:00+00:00,organic,seo-content,impression,0.0096,0.0,True
usr-00723,jrn-01446,evt-0005255,2025-06-16 22:00:00+00:00,email,lifecycle-email,click,0.04,0.0,True
usr-00717,jrn-01434,evt-0005214,2025-06-16 23:00:00+00:00,display,display-retargeting,click,0.3,0.0,True
usr-00820,jrn-01640,evt-0005981,2025-06-17 00:00:00+00:00,display,display-retargeting,click,0.3,0.0,True
usr-00406,jrn-00812,evt-0003018,2025-06-17 01:00:00+00:00,paid_search,brand-search,click,1.2,0.0,True
usr-00052,jrn-00104,evt-0000395,2025-06-17 01:00:00+00:00,display,display-retargeting,click,0.3,0.0,True
usr-00118,jrn-00237,evt-0000882,2025-06-17 03:00:00+00:00,display,display-retargeting,impression,0.036,0.0,True
usr-00003,jrn-00006,evt-0000026,2025-06-17 04:00:00+00:00,paid_search,brand-search,click,1.2,0.0,True
usr-00577,jrn-01154,evt-0004228,2025-06-17 06:00:00+00:00,paid_search,brand-search,click,1.2,0.0,True
usr-00064,jrn-00128,evt-0000488,2025-06-17 06:00:00+00:00,paid_search,brand-search,impression,0.144,0.0,True
usr-00055,jrn-00111,evt-0000425,2025-06-17 07:00:00+00:00,social,social-prospecting,click,0.65,0.0,True
usr-00788,jrn-01576,evt-0005730,2025-06-17 07:00:00+00:00,email,lifecycle-email,click,0.04,0.0,True
usr-00784,jrn-01569,evt-0005708,2025-06-17 07:00:00+00:00,social,social-prospecting,click,0.65,0.0,True
usr-00742,jrn-01485,evt-0005409,2025-06-17 08:00:00+00:00,paid_search,brand-search,click,1.2,0.0,True
usr-00285,jrn-00571,evt-0002113,2025-06-17 08:00:00+00:00,organic,seo-content,click,0.08,0.0,True
usr-00118,jrn-00237,evt-0000883,2025-06-17 09:00:00+00:00,paid_search,brand-search,click,1.2,0.0,True
usr-00595,jrn-01191,evt-0004362,2025-06-17 09:00:00+00:00,affiliate,partner-network,click,0.9,0.0,True
usr-00890,jrn-01780,evt-0006480,2025-06-17 09:00:00+00:00,paid_search,brand-search,click,1.2,0.0,True
usr-00394,jrn-00788,evt-0002918,2025-06-17 10:00:00+00:00,email,lifecycle-email,impression,0.0048,0.0,True
usr-00532,jrn-01064,evt-0003907,2025-06-17 10:00:00+00:00,organic,seo-content,click,0.08,0.0,True
usr-00723,jrn-01446,evt-0005256,2025-06-17 10:00:00+00:00,organic,seo-content,click,0.08,0.0,True
usr-00595,jrn-01191,evt-0004361,2025-06-17 11:00:00+00:00,display,display-retargeting,impression,0.036,0.0,True
usr-00518,jrn-01037,evt-0003811,2025-06-17 11:00:00+00:00,paid_search,brand-search,impression,0.144,0.0,True
usr-00271,jrn-00543,evt-0002020,2025-06-17 11:00:00+00:00,organic,seo-content,click,0.08,0.0,True
usr-00285,jrn-00571,evt-0002114,2025-06-17 12:00:00+00:00,paid_search,brand-search,click,1.2,0.0,True
usr-00589,jrn-01178,evt-0004310,2025-06-17 12:00:00+00:00,social,social-prospecting,conversion,0.0,25.64,True
usr-00003,jrn-00006,evt-0000029,2025-06-17 12:00:00+00:00,social,social-prospecting,impression,0.078,0.0,True
usr-00394,jrn-00788,evt-0002919,2025-06-17 13:00:00+00:00,display,display-retargeting,click,0.3,0.0,True
usr-00890,jrn-01780,evt-0006479,2025-06-17 14:00:00+00:00,display,display-retargeting,click,0.3,0.0,True
usr-00717,jrn-01434,evt-0005215,2025-06-17 14:00:00+00:00,paid_search,brand-search,click,1.2,0.0,True
usr-00876,jrn-01752,evt-0006376,2025-06-17 14:00:00+00:00,affiliate,partner-network,click,0.9,0.0,True
usr-00788,jrn-01576,evt-0005731,2025-06-17 14:00:00+00:00,organic,seo-content,click,0.08,0.0,True
usr-00394,jrn-00788,evt-0002920,2025-06-17 14:00:00+00:00,organic,seo-content,click,0.08,0.0,True
usr-00052,jrn-00104,evt-0000396,2025-06-17 15:00:00+00:00,paid_search,brand-search,click,1.2,0.0,True
usr-00550,jrn-01101,evt-0004059,2025-06-17 15:00:00+00:00,display,display-retargeting,click,0.3,0.0,True
usr-00140,jrn-00281,evt-0001024,2025-06-17 17:00:00+00:00,social,social-prospecting,click,0.65,0.0,True
usr-00820,jrn-01640,evt-0005979,2025-06-17 17:00:00+00:00,paid_search,brand-search,click,1.2,0.0,True
usr-00394,jrn-00788,evt-0002921,2025-06-17 19:00:00+00:00,organic,seo-content,click,0.08,0.0,True
usr-00140,jrn-00281,evt-0001025,2025-06-17 19:00:00+00:00,affiliate,partner-network,click,0.9,0.0,True
usr-00580,jrn-01161,evt-0004251,2025-06-17 21:00:00+00:00,email,lifecycle-email,impression,0.0048,0.0,True
usr-00577,jrn-01154,evt-0004229,2025-06-17 21:00:00+00:00,paid_search,brand-search,click,1.2,0.0,True
usr-00439,jrn-00879,evt-0003252,2025-06-17 22:00:00+00:00,social,social-prospecting,click,0.65,0.0,True
usr-00394,jrn-00788,evt-0002922,2025-06-17 22:00:00+00:00,paid_search,brand-search,click,1.2,0.0,True
usr-00532,jrn-01064,evt-0003908,2025-06-17 22:00:00+00:00,email,lifecycle-email,click,0.04,0.0,True
usr-00052,jrn-00104,evt-0000398,2025-06-17 22:00:00+00:00,paid_search,brand-search,click,1.2,0.0,True
usr-00118,jrn-00237,evt-0000885,2025-06-18 00:00:00+00:00,paid_search,brand-search,impression,0.144,0.0,False
usr-00381,jrn-00762,evt-0002824,2025-06-18 00:00:00+00:00,paid_search,brand-search,impression,0.144,0.0,True
usr-00446,jrn-00893,evt-0003298,2025-06-18 00:00:00+00:00,email,lifecycle-email,click,0.04,0.0,True
usr-00546,jrn-01092,evt-0004022,2025-06-18 00:00:00+00:00,paid_search,brand-search,impression,0.144,0.0,True
usr-00518,jrn-01037,evt-0003812,2025-06-18 01:00:00+00:00,email,lifecycle-email,click,0.04,0.0,True
usr-00394,jrn-00788,evt-0002923,2025-06-18 01:00:00+00:00,email,lifecycle-email,click,0.04,0.0,True
usr-00027,jrn-00054,evt-0000211,2025-06-18 01:00:00+00:00,email,lifecycle-email,click,0.04,0.0,True
usr-00140,jrn-00281,evt-0001026,2025-06-18 01:00:00+00:00,organic,seo-content,impression,0.0096,0.0,True
usr-00476,jrn-00953,evt-0003527,2025-06-18 02:00:00+00:00,organic,seo-content,click,0.08,0.0,True
usr-00624,jrn-01249,evt-0004575,2025-06-18 02:00:00+00:00,email,lifecycle-email,conversion,0.0,36.29,True
usr-00758,jrn-01516,evt-0005515,2025-06-18 03:00:00+00:00,display,display-retargeting,impression,0.036,0.0,True
usr-00052,jrn-00104,evt-0000397,2025-06-18 03:00:00+00:00,affiliate,partner-network,click,0.9,0.0,True
usr-00717,jrn-01434,evt-0005213,2025-06-18 03:00:00+00:00,display,display-retargeting,click,0.3,0.0,True
usr-00118,jrn-00237,evt-0000884,2025-06-18 03:00:00+00:00,organic,seo-content,click,0.08,0.0,True
usr-00055,jrn-00111,evt-0000426,2025-06-18 06:00:00+00:00,affiliate,partner-network,click,0.9,0.0,True
usr-00269,jrn-00539,evt-0002007,2025-06-18 06:00:00+00:00,affiliate,partner-network,click,0.9,0.0,True
usr-00027,jrn-00054,evt-0000212,2025-06-18 06:00:00+00:00,social,social-prospecting,click,0.65,0.0,True
usr-00479,jrn-00958,evt-0003543,2025-06-18 07:00:00+00:00,social,social-prospecting,click,0.65,0.0,True
usr-00758,jrn-01516,evt-0005516,2025-06-18 08:00:00+00:00,display,display-retargeting,impression,0.036,0.0,True
usr-00118,jrn-00237,evt-0000887,2025-06-18 09:00:00+00:00,display,display-retargeting,impression,0.036,0.0,True
usr-00476,jrn-00953,evt-0003528,2025-06-18 10:00:00+00:00,display,display-retargeting,click,0.3,0.0,True
usr-00479,jrn-00958,evt-0003544,2025-06-18 11:00:00+00:00,social,social-prospecting,impression,0.078,0.0,True
usr-00479,jrn-00958,evt-0003546,2025-06-18 13:00:00+00:00,paid_search,brand-search,impression,0.144,0.0,True
usr-00820,jrn-01640,evt-0005980,2025-06-18 15:00:00+00:00,paid_search,brand-search,click,1.2,0.0,True
usr-00890,jrn-01780,evt-0006481,2025-06-18 15:00:00+00:00,affiliate,partner-network,click,0.9,0.0,True
usr-00446,jrn-00893,evt-0003299,2025-06-18 15:00:00+00:00,social,social-prospecting,impression,0.078,0.0,True
usr-00381,jrn-00762,evt-0002825,2025-06-18 16:00:00+00:00,affiliate,partner-network,impression,0.108,0.0,True
usr-00285,jrn-00571,evt-0002115,2025-06-18 16:00:00+00:00,paid_search,brand-search,click,1.2,0.0,True
usr-00568,jrn-01136,evt-0004173,2025-06-18 16:00:00+00:00,organic,seo-content,click,0.08,0.0,True
usr-00114,jrn-00228,evt-0000850,2025-06-18 16:00:00+00:00,organic,seo-content,impression,0.0096,0.0,True
usr-00476,jrn-00953,evt-0003529,2025-06-18 18:00:00+00:00,affiliate,partner-network,click,0.9,0.0,True
usr-00446,jrn-00893,evt-0003302,2025-06-18 20:00:00+00:00,organic,seo-content,impression,0.0096,0.0,True
usr-00140,jrn-00281,evt-0001027,2025-06-18 20:00:00+00:00,social,social-prospecting,impression,0.078,0.0,True
usr-00806,jrn-01613,evt-0005874,2025-06-18 21:00:00+00:00,social,social-prospecting,click,0.65,0.0,True
usr-00706,jrn-01412,evt-0005138,2025-06-18 21:00:00+00:00,paid_search,brand-search,impression,0.144,0.0,True
usr-00029,jrn-00058,evt-0000221,2025-06-18 22:00:00+00:00,social,social-prospecting,click,0.65,0.0,True
usr-00269,jrn-00539,evt-0002008,2025-06-18 22:00:00+00:00,display,display-retargeting,click,0.3,0.0,True
usr-00068,jrn-00137,evt-0000524,2025-06-18 23:00:00+00:00,email,lifecycle-email,impression,0.0048,0.0,True
usr-00876,jrn-01752,evt-0006377,2025-06-18 23:00:00+00:00,social,social-prospecting,impression,0.078,0.0,True
usr-00706,jrn-01412,evt-0005139,2025-06-19 00:00:00+00:00,affiliate,partner-network,impression,0.108,0.0,True
usr-00114,jrn-00228,evt-0000852,2025-06-19 00:00:00+00:00,social,social-prospecting,click,0.65,0.0,True
usr-00029,jrn-00058,evt-0000223,2025-06-19 02:00:00+00:00,email,lifecycle-email,click,0.04,0.0,False
usr-00476,jrn-00953,evt-0003530,2025-06-19 02:00:00+00:00,social,social-prospecting,click,0.65,0.0,True
usr-00347,jrn-00695,evt-0002577,2025-06-19 02:00:00+00:00,email,lifecycle-email,click,0.04,0.0,True
usr-00640,jrn-01281,evt-0004698,2025-06-19 03:00:00+00:00,paid_search,brand-search,click,1.2,0.0,True
usr-00806,jrn-01613,evt-0005875,2025-06-19 03:00:00+00:00,social,social-prospecting,click,0.65,0.0,True
usr-00068,jrn-00137,evt-0000525,2025-06-19 03:00:00+00:00,display,display-retargeting,impression,0.036,0.0,True
usr-00568,jrn-01136,evt-0004175,2025-06-19 04:00:00+00:00,affiliate,partner-network,click,0.9,0.0,True
usr-00446,jrn-00893,evt-0003300,2025-06-19 04:00:00+00:00,display,display-retargeting,click,0.3,0.0,True
usr-00068,jrn-00137,evt-0000526,2025-06-19 05:00:00+00:00,display,display-retargeting,click,0.3,0.0,True
usr-00568,jrn-01136,evt-0004174,2025-06-19 05:00:00+00:00,display,display-retargeting,click,0.3,0.0,True
usr-00479,jrn-00958,evt-0003545,2025-06-19 05:00:00+00:00,display,display-retargeting,impression,0.036,0.0,True
usr-00880,jrn-01761,evt-0006401,2025-06-19 05:00:00+00:00,organic,seo-content,click,0.08,0.0,True
usr-00863,jrn-01727,evt-0006287,2025-06-19 05:00:00+00:00,social,social-prospecting,click,0.65,0.0,True
usr-00114,jrn-00228,evt-0000851,2025-06-19 06:00:00+00:00,paid_search,brand-search,click,1.2,0.0,True
usr-00118,jrn-00237,evt-0000886,2025-06-19 07:00:00+00:00,affiliate,partner-network,impression,0.108,0.0,True
usr-00863,jrn-01727,evt-0006288,2025-06-19 07:00:00+00:00,affiliate,partner-network,click,0.9,0.0,True
usr-00640,jrn-01281,evt-0004699,2025-06-19 07:00:00+00:00,affiliate,partner-network,click,0.9,0.0,True
usr-00347,jrn-00695,evt-0002578,2025-06-19 10:00:00+00:00,organic,seo-content,click,0.08,0.0,True
usr-00676,jrn-01352,evt-0004924,2025-06-19 10:00:00+00:00,affiliate,partner-network,impression,0.108,0.0,True
usr-00550,jrn-01101,evt-0004060,2025-06-19 10:00:00+00:00,display,display-retargeting,conversion,0.0,83.51,True
usr-00058,jrn-00116,evt-0000440,2025-06-19 11:00:00+00:00,affiliate,partner-network,click,0.9,0.0,True
usr-00029,jrn-00058,evt-0000222,2025-06-19 11:00:00+00:00,email,lifecycle-email,click,0.04,0.0,True
usr-00564,jrn-01128,evt-0004135,2025-06-19 12:00:00+00:00,social,social-prospecting,click,0.65,0.0,True
usr-00706,jrn-01412,evt-0005140,2025-06-19 13:00:00+00:00,display,display-retargeting,impression,0.036,0.0,True
usr-00665,jrn-01331,evt-0004861,2025-06-19 13:00:00+00:00,affiliate,partner-network,click,0.9,0.0,True
usr-00691,jrn-01382,evt-0005046,2025-06-19 13:00:00+00:00,social,social-prospecting,impression,0.078,0.0,True
usr-00880,jrn-01761,evt-0006403,2025-06-19 13:00:00+00:00,paid_search,brand-search,click,1.2,0.0,True
usr-00676,jrn-01352,evt-0004926,2025-06-19 14:00:00+00:00,display,display-retargeting,impression,0.036,0.0,True
usr-00459,jrn-00918,evt-0003393,2025-06-19 14:00:00+00:00,organic,seo-content,click,0.08,0.0,True
usr-00446,jrn-00893,evt-0003303,2025-06-19 16:00:00+00:00,paid_search,brand-search,click,1.2,0.0,True
usr-00360,jrn-00721,evt-0002666,2025-06-19 17:00:00+00:00,social,social-prospecting,click,0.65,0.0,True
usr-00880,jrn-01761,evt-0006402,2025-06-19 17:00:00+00:00,affiliate,partner-network,impression,0.108,0.0,True
usr-00058,jrn-00116,evt-0000441,2025-06-19 17:00:00+00:00,organic,seo-content,impression,0.0096,0.0,True
usr-00459,jrn-00918,evt-0003394,2025-06-19 17:00:00+00:00,affiliate,partner-network,click,0.9,0.0,True
usr-00564,jrn-01128,evt-0004136,2025-06-19 18:00:00+00:00,display,display-retargeting,click,0.3,0.0,True
usr-00114,jrn-00228,evt-0000853,2025-06-19 19:00:00+00:00,email,lifecycle-email,click,0.04,0.0,True
usr-00640,jrn-01281,evt-0004700,2025-06-19 19:00:00+00:00,organic,seo-content,impression,0.0096,0.0,True
usr-00446,jrn-00893,evt-0003301,2025-06-19 21:00:00+00:00,display,display-retargeting,click,0.3,0.0,True
usr-00825,jrn-01650,evt-0006018,2025-06-19 22:00:00+00:00,affiliate,partner-network,impression,0.108,0.0,True
usr-00360,jrn-00721,evt-0002668,2025-06-19 23:00:00+00:00,email,lifecycle-email,click,0.04,0.0,True
usr-00360,jrn-00721,evt-0002667,2025-06-20 00:00:00+00:00,social,social-prospecting,click,0.65,0.0,True
usr-00691,jrn-01382,evt-0005047,2025-06-20 01:00:00+00:00,social,social-prospecting,click,0.65,0.0,True
usr-00754,jrn-01508,evt-0005491,2025-06-20 02:00:00+00:00,display,display-retargeting,click,0.3,0.0,True
usr-00676,jrn-01352,evt-0004925,2025-06-20 02:00:00+00:00,paid_search,brand-search,impression,0.144,0.0,True
usr-00459,jrn-00918,evt-0003395,2025-06-20 04:00:00+00:00,paid_search,brand-search,click,1.2,0.0,False
usr-00417,jrn-00835,evt-0003098,2025-06-20 04:00:00+00:00,display,display-retargeting,click,0.3,0.0,True
usr-00665,jrn-01331,evt-0004862,2025-06-20 04:00:00+00:00,social,social-prospecting,click,0.65,0.0,True
usr-00880,jrn-01761,evt-0006404,2025-06-20 05:00:00+00:00,social,social-prospecting,impression,0.078,0.0,True
usr-00140,jrn-00281,evt-0001029,2025-06-20 05:00:00+00:00,organic,seo-content,impression,0.0096,0.0,True
usr-00706,jrn-01412,evt-0005142,2025-06-20 05:00:00+00:00,email,lifecycle-email,click,0.04,0.0,True
usr-00510,jrn-01021,evt-0003743,2025-06-20 06:00:00+00:00,email,lifecycle-email,click,0.04,0.0,True
usr-00283,jrn-00566,evt-0002094,2025-06-20 07:00:00+00:00,organic,seo-content,impression,0.0096,0.0,False
usr-00347,jrn-00695,evt-0002580,2025-06-20 08:00:00+00:00,organic,seo-content,click,0.08,0.0,True
usr-00792,jrn-01585,evt-0005761,2025-06-20 08:00:00+00:00,email,lifecycle-email,click,0.04,0.0,True
usr-00607,jrn-01215,evt-0004443,2025-06-20 08:00:00+00:00,organic,seo-content,click,0.08,0.0,True
usr-00029,jrn-00058,evt-0000224,2025-06-20 10:00:00+00:00,display,display-retargeting,click,0.3,0.0,True
usr-00042,jrn-00085,evt-0000316,2025-06-20 12:00:00+00:00,display,display-retargeting,click,0.3,0.0,True
usr-00347,jrn-00695,evt-0002579,2025-06-20 12:00:00+00:00,organic,seo-content,impression,0.0096,0.0,True
usr-00706,jrn-01412,evt-0005141,2025-06-20 12:00:00+00:00,organic,seo-content,click,0.08,0.0,True
usr-00140,jrn-00281,evt-0001028,2025-06-20 13:00:00+00:00,email,lifecycle-email,impression,0.0048,0.0,True
usr-00880,jrn-01761,evt-0006405,2025-06-20 13:00:00+00:00,email,lifecycle-email,click,0.04,0.0,True
usr-00417,jrn-00835,evt-0003099,2025-06-20 14:00:00+00:00,email,lifecycle-email,click,0.04,0.0,True
usr-00347,jrn-00695,evt-0002581,2025-06-20 14:00:00+00:00,affiliate,partner-network,click,0.9,0.0,True
usr-00042,jrn-00085,evt-0000317,2025-06-20 15:00:00+00:00,display,display-retargeting,impression,0.036,0.0,True
usr-00283,jrn-00566,evt-0002095,2025-06-20 18:00:00+00:00,social,social-prospecting,click,0.65,0.0,True
usr-00602,jrn-01204,evt-0004408,2025-06-20 18:00:00+00:00,display,display-retargeting,click,0.3,0.0,True
usr-00607,jrn-01215,evt-0004444,2025-06-20 19:00:00+00:00,affiliate,partner-network,impression,0.108,0.0,True
usr-00897,jrn-01795,evt-0006535,2025-06-20 19:00:00+00:00,display,display-retargeting,click,0.3,0.0,True
usr-00068,jrn-00137,evt-0000527,2025-06-20 20:00:00+00:00,affiliate,partner-network,impression,0.108,0.0,True
usr-00283,jrn-00566,evt-0002096,2025-06-20 21:00:00+00:00,paid_search,brand-search,click,1.2,0.0,True
usr-00058,jrn-00116,evt-0000442,2025-06-20 21:00:00+00:00,affiliate,partner-network,click,0.9,0.0,False
usr-00510,jrn-01021,evt-0003744,2025-06-20 22:00:00+00:00,display,display-retargeting,click,0.3,0.0,True
usr-00698,jrn-01397,evt-0005084,2025-06-20 22:00:00+00:00,email,lifecycle-email,click,0.04,0.0,True
usr-00676,jrn-01352,evt-0004928,2025-06-20 22:00:00+00:00,display,display-retargeting,impression,0.036,0.0,True
usr-00792,jrn-01585,evt-0005762,2025-06-21 01:00:00+00:00,display,display-retargeting,impression,0.036,0.0,True
usr-00602,jrn-01204,evt-0004409,2025-06-21 02:00:00+00:00,social,social-prospecting,click,0.65,0.0,True
usr-00856,jrn-01712,evt-0006227,2025-06-21 03:00:00+00:00,paid_search,brand-search,click,1.2,0.0,True
usr-00602,jrn-01204,evt-0004411,2025-06-21 03:00:00+00:00,affiliate,partner-network,impression,0.108,0.0,True
usr-00355,jrn-00711,evt-0002635,2025-06-21 05:00:00+00:00,paid_search,brand-search,impression,0.144,0.0,True
usr-00029,jrn-00058,evt-0000225,2025-06-21 06:00:00+00:00,affiliate,partner-network,click,0.9,0.0,True
usr-00676,jrn-01352,evt-0004927,2025-06-21 07:00:00+00:00,social,social-prospecting,click,0.65,0.0,True
usr-00355,jrn-00711,evt-0002636,2025-06-21 08:00:00+00:00,social,social-prospecting,click,0.65,0.0,True
usr-00897,jrn-01795,evt-0006536,2025-06-21 09:00:00+00:00,paid_search,brand-search,click,1.2,0.0,True
usr-00856,jrn-01712,evt-0006229,2025-06-21 09:00:00+00:00,organic,seo-content,impression,0.0096,0.0,True
usr-00029,jrn-00058,evt-0000226,2025-06-21 10:00:00+00:00,display,display-retargeting,impression,0.036,0.0,True
usr-00417,jrn-00835,evt-0003100,2025-06-21 10:00:00+00:00,paid_search,brand-search,click,1.2,0.0,True
usr-00387,jrn-00774,evt-0002859,2025-06-21 11:00:00+00:00,email,lifecycle-email,impression,0.0048,0.0,True
usr-00792,jrn-01585,evt-0005764,2025-06-21 11:00:00+00:00,organic,seo-content,click,0.08,0.0,True
usr-00856,jrn-01712,evt-0006230,2025-06-21 12:00:00+00:00,email,lifecycle-email,click,0.04,0.0,True
usr-00782,jrn-01564,evt-0005687,2025-06-21 13:00:00+00:00,email,lifecycle-email,click,0.04,0.0,True
usr-00387,jrn-00774,evt-0002860,2025-06-21 13:00:00+00:00,affiliate,partner-network,click,0.9,0.0,True
usr-00510,jrn-01021,evt-0003745,2025-06-21 14:00:00+00:00,email,lifecycle-email,click,0.04,0.0,True
usr-00459,jrn-00918,evt-0003396,2025-06-21 14:00:00+00:00,display,display-retargeting,impression,0.036,0.0,True
usr-00464,jrn-00929,evt-0003437,2025-06-21 14:00:00+00:00,organic,seo-content,impression,0.0096,0.0,True
usr-00856,jrn-01712,evt-0006228,2025-06-21 16:00:00+00:00,social,social-prospecting,impression,0.078,0.0,True
usr-00792,jrn-01585,evt-0005763,2025-06-21 18:00:00+00:00,paid_search,brand-search,click,1.2,0.0,True
usr-00464,jrn-00929,evt-0003439,2025-06-21 18:00:00+00:00,display,display-retargeting,impression,0.036,0.0,True
usr-00856,jrn-01712,evt-0006231,2025-06-21 19:00:00+00:00,social,social-prospecting,click,0.65,0.0,True
usr-00298,jrn-00597,evt-0002207,2025-06-21 20:00:00+00:00,social,social-prospecting,impression,0.078,0.0,True
usr-00387,jrn-00774,evt-0002862,2025-06-21 20:00:00+00:00,display,display-retargeting,impression,0.036,0.0,True
usr-00464,jrn-00929,evt-0003438,2025-06-21 20:00:00+00:00,organic,seo-content,click,0.08,0.0,True
usr-00042,jrn-00085,evt-0000318,2025-06-21 22:00:00+00:00,paid_search,brand-search,click,1.2,0.0,True
usr-00831,jrn-01662,evt-0006055,2025-06-21 22:00:00+00:00,paid_search,brand-search,impression,0.144,0.0,True
usr-00880,jrn-01761,evt-0006406,2025-06-21 22:00:00+00:00,email,lifecycle-email,click,0.04,0.0,True
usr-00058,jrn-00116,evt-0000443,2025-06-22 00:00:00+00:00,affiliate,partner-network,conversion,0.0,49.84,True
usr-00782,jrn-01564,evt-0005688,2025-06-22 00:00:00+00:00,social,social-prospecting,impression,0.078,0.0,False
usr-00848,jrn-01697,evt-0006166,2025-06-22 01:00:00+00:00,affiliate,partner-network,click,0.9,0.0,True
usr-00602,jrn-01204,evt-0004412,2025-06-22 02:00:00+00:00,social,social-prospecting,click,0.65,0.0,True
usr-00510,jrn-01021,evt-0003747,2025-06-22 02:00:00+00:00,display,display-retargeting,click,0.3,0.0,True
usr-00897,jrn-01795,evt-0006537,2025-06-22 03:00:00+00:00,organic,seo-content,impression,0.0096,0.0,True
usr-00510,jrn-01021,evt-0003748,2025-06-22 03:00:00+00:00,email,lifecycle-email,impression,0.0048,0.0,True
usr-00602,jrn-01204,evt-0004410,2025-06-22 04:00:00+00:00,display,display-retargeting,click,0.3,0.0,True
usr-00848,jrn-01697,evt-0006167,2025-06-22 05:00:00+00:00,organic,seo-content,click,0.08,0.0,True
usr-00782,jrn-01564,evt-0005689,2025-06-22 05:00:00+00:00,affiliate,partner-network,click,0.9,0.0,True
usr-00278,jrn-00557,evt-0002068,2025-06-22 06:00:00+00:00,email,lifecycle-email,click,0.04,0.0,True
usr-00831,jrn-01662,evt-0006056,2025-06-22 06:00:00+00:00,paid_search,brand-search,impression,0.144,0.0,True
usr-00387,jrn-00774,evt-0002863,2025-06-22 07:00:00+00:00,display,display-retargeting,impression,0.036,0.0,True
usr-00298,jrn-00597,evt-0002208,2025-06-22 08:00:00+00:00,social,social-prospecting,click,0.65,0.0,True
usr-00068,jrn-00137,evt-0000528,2025-06-22 09:00:00+00:00,affiliate,partner-network,conversion,0.0,76.6,True
usr-00510,jrn-01021,evt-0003746,2025-06-22 09:00:00+00:00,social,social-prospecting,impression,0.078,0.0,True
usr-00459,jrn-00918,evt-0003397,2025-06-22 10:00:00+00:00,organic,seo-content,impression,0.0096,0.0,True
usr-00846,jrn-01692,evt-0006149,2025-06-22 10:00:00+00:00,display,display-retargeting,impression,0.036,0.0,True
usr-00853,jrn-01707,evt-0006204,2025-06-22 10:00:00+00:00,email,lifecycle-email,click,0.04,0.0,True
usr-00347,jrn-00695,evt-0002582,2025-06-22 10:00:00+00:00,display,display-retargeting,click,0.3,0.0,True
usr-00530,jrn-01060,evt-0003899,2025-06-22 12:00:00+00:00,organic,seo-content,click,0.08,0.0,True
usr-00848,jrn-01697,evt-0006170,2025-06-22 13:00:00+00:00,email,lifecycle-email,impression,0.0048,0.0,True
usr-00355,jrn-00711,evt-0002637,2025-06-22 13:00:00+00:00,email,lifecycle-email,impression,0.0048,0.0,True
usr-00676,jrn-01352,evt-0004929,2025-06-22 13:00:00+00:00,display,display-retargeting,click,0.3,0.0,True
usr-00853,jrn-01707,evt-0006205,2025-06-22 14:00:00+00:00,organic,seo-content,impression,0.0096,0.0,True
usr-00795,jrn-01591,evt-0005788,2025-06-22 16:00:00+00:00,affiliate,partner-network,click,0.9,0.0,True
usr-00530,jrn-01060,evt-0003900,2025-06-22 16:00:00+00:00,email,lifecycle-email,click,0.04,0.0,True
usr-00530,jrn-01060,evt-0003901,2025-06-22 16:00:00+00:00,affiliate,partner-network,click,0.9,0.0,True
usr-00792,jrn-01585,evt-0005765,2025-06-22 16:00:00+00:00,organic,seo-content,impression,0.0096,0.0,True
usr-00278,jrn-00557,evt-0002069,2025-06-22 17:00:00+00:00,email,lifecycle-email,click,0.04,0.0,True
usr-00464,jrn-00929,evt-0003441,2025-06-22 18:00:00+00:00,paid_search,brand-search,impression,0.144,0.0,True
usr-00201,jrn-00403,evt-0001476,2025-06-22 18:00:00+00:00,display,display-retargeting,click,0.3,0.0,True
usr-00853,jrn-01707,evt-0006206,2025-06-22 18:00:00+00:00,social,social-prospecting,click,0.65,0.0,True
usr-00461,jrn-00922,evt-0003414,2025-06-22 20:00:00+00:00,paid_search,brand-search,click,1.2,0.0,True
usr-00610,jrn-01220,evt-0004457,2025-06-22 20:00:00+00:00,social,social-prospecting,impression,0.078,0.0,True
usr-00853,jrn-01707,evt-0006209,2025-06-22 20:00:00+00:00,affiliate,partner-network,click,0.9,0.0,True
usr-00387,jrn-00774,evt-0002861,2025-06-22 21:00:00+00:00,organic,seo-content,click,0.08,0.0,True
usr-00389,jrn-00779,evt-0002877,2025-06-22 22:00:00+00:00,display,display-retargeting,click,0.3,0.0,True
usr-00795,jrn-01591,evt-0005790,2025-06-22 22:00:00+00:00,paid_search,brand-search,impression,0.144,0.0,True
usr-00471,jrn-00942,evt-0003481,2025-06-22 22:00:00+00:00,display,display-retargeting,impression,0.036,0.0,True
usr-00298,jrn-00597,evt-0002209,2025-06-22 22:00:00+00:00,organic,seo-content,click,0.08,0.0,True
usr-00355,jrn-00711,evt-0002638,2025-06-22 23:00:00+00:00,organic,seo-content,click,0.08,0.0,True
usr-00298,jrn-00597,evt-0002210,2025-06-22 23:00:00+00:00,display,display-retargeting,impression,0.036,0.0,True
usr-00848,jrn-01697,evt-0006168,2025-06-22 23:00:00+00:00,organic,seo-content,click,0.08,0.0,True
usr-00142,jrn-00284,evt-0001038,2025-06-23 01:00:00+00:00,paid_search,brand-search,click,1.2,0.0,True
usr-00795,jrn-01591,evt-0005793,2025-06-23 02:00:00+00:00,affiliate,partner-network,impression,0.108,0.0,True
usr-00461,jrn-00922,evt-0003416,2025-06-23 06:00:00+00:00,social,social-prospecting,impression,0.078,0.0,True
usr-00389,jrn-00779,evt-0002878,2025-06-23 06:00:00+00:00,display,display-retargeting,click,0.3,0.0,True
usr-00795,jrn-01591,evt-0005789,2025-06-23 07:00:00+00:00,email,lifecycle-email,impression,0.0048,0.0,True
usr-00298,jrn-00597,evt-0002212,2025-06-23 07:00:00+00:00,display,display-retargeting,impression,0.036,0.0,True
usr-00105,jrn-00211,evt-0000787,2025-06-23 08:00:00+00:00,affiliate,partner-network,click,0.9,0.0,True
usr-00819,jrn-01638,evt-0005969,2025-06-23 11:00:00+00:00,email,lifecycle-email,click,0.04,0.0,True
usr-00461,jrn-00922,evt-0003415,2025-06-23 11:00:00+00:00,display,display-retargeting,impression,0.036,0.0,True
usr-00610,jrn-01220,evt-0004458,2025-06-23 11:00:00+00:00,organic,seo-content,impression,0.0096,0.0,True
usr-00471,jrn-00942,evt-0003482,2025-06-23 12:00:00+00:00,email,lifecycle-email,impression,0.0048,0.0,True
usr-00795,jrn-01591,evt-0005792,2025-06-23 12:00:00+00:00,affiliate,partner-network,click,0.9,0.0,True
usr-00464,jrn-00929,evt-0003440,2025-06-23 14:00:00+00:00,paid_search,brand-search,click,1.2,0.0,True
usr-00237,jrn-00474,evt-0001742,2025-06-23 14:00:00+00:00,organic,seo-content,impression,0.0096,0.0,True
usr-00278,jrn-00557,evt-0002070,2025-06-23 14:00:00+00:00,display,display-retargeting,impression,0.036,0.0,True
usr-00165,jrn-00331,evt-0001216,2025-06-23 15:00:00+00:00,organic,seo-content,click,0.08,0.0,False
usr-00792,jrn-01584,evt-0005755,2025-06-23 15:00:00+00:00,paid_search,brand-search,impression,0.144,0.0,True
usr-00560,jrn-01121,evt-0004113,2025-06-23 15:00:00+00:00,social,social-prospecting,impression,0.078,0.0,True
usr-00876,jrn-01753,evt-0006378,2025-06-23 15:00:00+00:00,organic,seo-content,impression,0.0096,0.0,True
usr-00298,jrn-00597,evt-0002211,2025-06-23 16:00:00+00:00,display,display-retargeting,impression,0.036,0.0,True
usr-00822,jrn-01645,evt-0005999,2025-06-23 16:00:00+00:00,email,lifecycle-email,impression,0.0048,0.0,True
usr-00255,jrn-00510,evt-0001891,2025-06-23 17:00:00+00:00,organic,seo-content,impression,0.0096,0.0,True
usr-00142,jrn-00284,evt-0001039,2025-06-23 17:00:00+00:00,paid_search,brand-search,impression,0.144,0.0,True
usr-00105,jrn-00211,evt-0000792,2025-06-23 18:00:00+00:00,affiliate,partner-network,impression,0.108,0.0,True
usr-00237,jrn-00474,evt-0001743,2025-06-23 18:00:00+00:00,paid_search,brand-search,click,1.2,0.0,True
usr-00213,jrn-00427,evt-0001570,2025-06-23 19:00:00+00:00,affiliate,partner-network,impression,0.108,0.0,True
usr-00819,jrn-01638,evt-0005971,2025-06-23 19:00:00+00:00,paid_search,brand-search,click,1.2,0.0,True
usr-00255,jrn-00510,evt-0001892,2025-06-23 19:00:00+00:00,organic,seo-content,click,0.08,0.0,True
usr-00165,jrn-00331,evt-0001217,2025-06-23 19:00:00+00:00,organic,seo-content,impression,0.0096,0.0,True
usr-00819,jrn-01638,evt-0005970,2025-06-23 19:00:00+00:00,organic,seo-content,impression,0.0096,0.0,True
usr-00237,jrn-00474,evt-0001745,2025-06-23 20:00:00+00:00,display,display-retargeting,click,0.3,0.0,True
usr-00043,jrn-00086,evt-0000319,2025-06-23 20:00:00+00:00,social,social-prospecting,impression,0.078,0.0,True
usr-00347,jrn-00695,evt-0002583,2025-06-23 21:00:00+00:00,display,display-retargeting,conversion,0.0,50.28,True
usr-00876,jrn-01753,evt-0006379,2025-06-23 21:00:00+00:00,email,lifecycle-email,click,0.04,0.0,True
usr-00043,jrn-00086,evt-0000320,2025-06-23 22:00:00+00:00,email,lifecycle-email,click,0.04,0.0,True
usr-00055,jrn-00110,evt-0000416,2025-06-23 22:00:00+00:00,organic,seo-content,impression,0.0096,0.0,True
usr-00301,jrn-00603,evt-0002233,2025-06-23 22:00:00+00:00,affiliate,partner-network,click,0.9,0.0,True
usr-00822,jrn-01645,evt-0006001,2025-06-23 22:00:00+00:00,social,social-prospecting,click,0.65,0.0,True
usr-00792,jrn-01584,evt-0005757,2025-06-23 23:00:00+00:00,paid_search,brand-search,click,1.2,0.0,True
usr-00255,jrn-00510,evt-0001893,2025-06-23 23:00:00+00:00,affiliate,partner-network,impression,0.108,0.0,True
usr-00165,jrn-00331,evt-0001218,2025-06-23 23:00:00+00:00,paid_search,brand-search,impression,0.144,0.0,True
usr-00165,jrn-00331,evt-0001219,2025-06-24 00:00:00+00:00,paid_search,brand-search,click,1.2,0.0,True
usr-00046,jrn-00093,evt-0000355,2025-06-24 00:00:00+00:00,affiliate,partner-network,click,0.9,0.0,True
usr-00105,jrn-00211,evt-0000788,2025-06-24 00:00:00+00:00,organic,seo-content,impression,0.0096,0.0,True
usr-00389,jrn-00779,evt-0002879,2025-06-24 00:00:00+00:00,affiliate,partner-network,impression,0.108,0.0,True
usr-00822,jrn-01645,evt-0006002,2025-06-24 01:00:00+00:00,display,display-retargeting,click,0.3,0.0,True
usr-00848,jrn-01697,evt-0006169,2025-06-24 01:00:00+00:00,social,social-prospecting,impression,0.078,0.0,True
usr-00795,jrn-01591,evt-0005791,2025-06-24 01:00:00+00:00,display,display-retargeting,click,0.3,0.0,True
usr-00142,jrn-00284,evt-0001040,2025-06-24 01:00:00+00:00,paid_search,brand-search,click,1.2,0.0,True
usr-00355,jrn-00711,evt-0002639,2025-06-24 01:00:00+00:00,social,social-prospecting,click,0.65,0.0,True
usr-00792,jrn-01584,evt-0005756,2025-06-24 02:00:00+00:00,display,display-retargeting,impression,0.036,0.0,True
usr-00822,jrn-01645,evt-0006004,2025-06-24 02:00:00+00:00,email,lifecycle-email,click,0.04,0.0,True
usr-00560,jrn-01121,evt-0004114,2025-06-24 02:00:00+00:00,social,social-prospecting,impression,0.078,0.0,True
usr-00301,jrn-00603,evt-0002235,2025-06-24 02:00:00+00:00,organic,seo-content,click,0.08,0.0,True
usr-00255,jrn-00510,evt-0001894,2025-06-24 02:00:00+00:00,organic,seo-content,click,0.08,0.0,True
usr-00010,jrn-00021,evt-0000088,2025-06-24 04:00:00+00:00,organic,seo-content,impression,0.0096,0.0,True
usr-00301,jrn-00603,evt-0002234,2025-06-24 04:00:00+00:00,social,social-prospecting,click,0.65,0.0,True
usr-00885,jrn-01771,evt-0006440,2025-06-24 05:00:00+00:00,organic,seo-content,click,0.08,0.0,True
usr-00237,jrn-00474,evt-0001746,2025-06-24 06:00:00+00:00,email,lifecycle-email,impression,0.0048,0.0,True
usr-00105,jrn-00211,evt-0000790,2025-06-24 08:00:00+00:00,paid_search,brand-search,impression,0.144,0.0,True
usr-00010,jrn-00021,evt-0000089,2025-06-24 08:00:00+00:00,affiliate,partner-network,impression,0.108,0.0,True
usr-00822,jrn-01645,evt-0006000,2025-06-24 08:00:00+00:00,organic,seo-content,impression,0.0096,0.0,True
usr-00213,jrn-00427,evt-0001571,2025-06-24 09:00:00+00:00,email,lifecycle-email,click,0.04,0.0,True
usr-00567,jrn-01134,evt-0004160,2025-06-24 09:00:00+00:00,social,social-prospecting,impression,0.078,0.0,False
usr-00594,jrn-01189,evt-0004351,2025-06-24 09:00:00+00:00,affiliate,partner-network,impression,0.108,0.0,True
usr-00823,jrn-01646,evt-0006005,2025-06-24 09:00:00+00:00,organic,seo-content,impression,0.0096,0.0,True
usr-00885,jrn-01771,evt-0006442,2025-06-24 09:00:00+00:00,organic,seo-content,impression,0.0096,0.0,True
usr-00142,jrn-00284,evt-0001041,2025-06-24 10:00:00+00:00,email,lifecycle-email,impression,0.0048,0.0,True
usr-00105,jrn-00211,evt-0000789,2025-06-24 10:00:00+00:00,organic,seo-content,click,0.08,0.0,True
usr-00853,jrn-01707,evt-0006207,2025-06-24 10:00:00+00:00,paid_search,brand-search,impression,0.144,0.0,True
usr-00853,jrn-01707,evt-0006208,2025-06-24 10:00:00+00:00,email,lifecycle-email,click,0.04,0.0,True
usr-00046,jrn-00093,evt-0000357,2025-06-24 10:00:00+00:00,affiliate,partner-network,impression,0.108,0.0,True
usr-00336,jrn-00672,evt-0002487,2025-06-24 10:00:00+00:00,email,lifecycle-email,impression,0.0048,0.0,True
usr-00461,jrn-00922,evt-0003417,2025-06-24 11:00:00+00:00,social,social-prospecting,impression,0.078,0.0,True
usr-00083,jrn-00166,evt-0000628,2025-06-24 11:00:00+00:00,affiliate,partner-network,click,0.9,0.0,True
usr-00610,jrn-01220,evt-0004459,2025-06-24 11:00:00+00:00,organic,seo-content,conversion,0.0,43.38,True
usr-00560,jrn-01121,evt-0004117,2025-06-24 11:00:00+00:00,organic,seo-content,impression,0.0096,0.0,True
usr-00055,jrn-00110,evt-0000417,2025-06-24 12:00:00+00:00,organic,seo-content,impression,0.0096,0.0,True
usr-00046,jrn-00093,evt-0000356,2025-06-24 12:00:00+00:00,display,display-retargeting,click,0.3,0.0,True
usr-00142,jrn-00284,evt-0001042,2025-06-24 13:00:00+00:00,email,lifecycle-email,impression,0.0048,0.0,True
usr-00237,jrn-00474,evt-0001744,2025-06-24 14:00:00+00:00,paid_search,brand-search,click,1.2,0.0,True
usr-00336,jrn-00672,evt-0002488,2025-06-24 15:00:00+00:00,organic,seo-content,impression,0.0096,0.0,True
usr-00594,jrn-01189,evt-0004352,2025-06-24 15:00:00+00:00,organic,seo-content,click,0.08,0.0,True
usr-00015,jrn-00031,evt-0000127,2025-06-24 15:00:00+00:00,display,display-retargeting,impression,0.036,0.0,True
usr-00043,jrn-00086,evt-0000323,2025-06-24 16:00:00+00:00,organic,seo-content,click,0.08,0.0,True
usr-00301,jrn-00603,evt-0002236,2025-06-24 16:00:00+00:00,display,display-retargeting,click,0.3,0.0,True
usr-00718,jrn-01436,evt-0005222,2025-06-24 17:00:00+00:00,email,lifecycle-email,impression,0.0048,0.0,True
usr-00043,jrn-00086,evt-0000321,2025-06-24 18:00:00+00:00,affiliate,partner-network,click,0.9,0.0,True
usr-00314,jrn-00629,evt-0002340,2025-06-24 18:00:00+00:00,organic,seo-content,click,0.08,0.0,True
usr-00792,jrn-01584,evt-0005758,2025-06-24 18:00:00+00:00,display,display-retargeting,click,0.3,0.0,True
usr-00560,jrn-01121,evt-0004116,2025-06-24 18:00:00+00:00,paid_search,brand-search,click,1.2,0.0,True
usr-00885,jrn-01771,evt-0006441,2025-06-24 19:00:00+00:00,paid_search,brand-search,impression,0.144,0.0,True
usr-00823,jrn-01646,evt-0006006,2025-06-24 19:00:00+00:00,organic,seo-content,impression,0.0096,0.0,True
usr-00823,jrn-01646,evt-0006007,2025-06-24 19:00:00+00:00,organic,seo-content,impression,0.0096,0.0,True
usr-00567,jrn-01134,evt-0004161,2025-06-24 19:00:00+00:00,email,lifecycle-email,impression,0.0048,0.0,True
usr-00105,jrn-00211,evt-0000791,2025-06-24 20:00:00+00:00,organic,seo-content,click,0.08,0.0,True
usr-00336,jrn-00672,evt-0002489,2025-06-24 20:00:00+00:00,paid_search,brand-search,impression,0.144,0.0,True
usr-00043,jrn-00086,evt-0000324,2025-06-24 21:00:00+00:00,organic,seo-content,click,0.08,0.0,True
usr-00567,jrn-01134,evt-0004163,2025-06-24 21:00:00+00:00,social,social-prospecting,click,0.65,0.0,True
usr-00762,jrn-01525,evt-0005548,2025-06-24 21:00:00+00:00,social,social-prospecting,click,0.65,0.0,True
usr-00673,jrn-01347,evt-0004911,2025-06-24 21:00:00+00:00,paid_search,brand-search,click,1.2,0.0,True
usr-00560,jrn-01121,evt-0004115,2025-06-24 21:00:00+00:00,organic,seo-content,click,0.08,0.0,True
usr-00425,jrn-00851,evt-0003158,2025-06-24 21:00:00+00:00,organic,seo-content,impression,0.0096,0.0,True
usr-00389,jrn-00779,evt-0002880,2025-06-24 22:00:00+00:00,social,social-prospecting,click,0.65,0.0,True
usr-00015,jrn-00031,evt-0000128,2025-06-24 22:00:00+00:00,social,social-prospecting,impression,0.078,0.0,True
usr-00083,jrn-00166,evt-0000629,2025-06-24 22:00:00+00:00,display,display-retargeting,click,0.3,0.0,True
usr-00594,jrn-01189,evt-0004353,2025-06-24 23:00:00+00:00,display,display-retargeting,impression,0.036,0.0,True
usr-00067,jrn-00135,evt-0000515,2025-06-25 00:00:00+00:00,email,lifecycle-email,click,0.04,0.0,True
usr-00876,jrn-01753,evt-0006380,2025-06-25 01:00:00+00:00,affiliate,partner-network,click,0.9,0.0,True
usr-00718,jrn-01436,evt-0005223,2025-06-25 02:00:00+00:00,paid_search,brand-search,impression,0.144,0.0,True
usr-00055,jrn-00110,evt-0000418,2025-06-25 02:00:00+00:00,display,display-retargeting,click,0.3,0.0,True
usr-00010,jrn-00021,evt-0000090,2025-06-25 02:00:00+00:00,affiliate,partner-network,click,0.9,0.0,True
usr-00314,jrn-00629,evt-0002342,2025-06-25 02:00:00+00:00,email,lifecycle-email,click,0.04,0.0,True
usr-00522,jrn-01044,evt-0003833,2025-06-25 05:00:00+00:00,organic,seo-content,impression,0.0096,0.0,True
usr-00434,jrn-00869,evt-0003219,2025-06-25 05:00:00+00:00,display,display-retargeting,impression,0.036,0.0,True
usr-00336,jrn-00672,evt-0002492,2025-06-25 06:00:00+00:00,social,social-prospecting,click,0.65,0.0,True
usr-00015,jrn-00031,evt-0000131,2025-06-25 07:00:00+00:00,affiliate,partner-network,impression,0.108,0.0,True
usr-00522,jrn-01044,evt-0003834,2025-06-25 07:00:00+00:00,organic,seo-content,impression,0.0096,0.0,True
usr-00314,jrn-00629,evt-0002341,2025-06-25 08:00:00+00:00,affiliate,partner-network,click,0.9,0.0,True
usr-00718,jrn-01436,evt-0005226,2025-06-25 09:00:00+00:00,paid_search,brand-search,impression,0.144,0.0,True
usr-00015,jrn-00031,evt-0000129,2025-06-25 09:00:00+00:00,organic,seo-content,click,0.08,0.0,True
usr-00567,jrn-01134,evt-0004162,2025-06-25 09:00:00+00:00,paid_search,brand-search,impression,0.144,0.0,True
usr-00055,jrn-00110,evt-0000419,2025-06-25 10:00:00+00:00,organic,seo-content,impression,0.0096,0.0,True
usr-00067,jrn-00135,evt-0000516,2025-06-25 11:00:00+00:00,affiliate,partner-network,click,0.9,0.0,True
usr-00434,jrn-00869,evt-0003221,2025-06-25 11:00:00+00:00,email,lifecycle-email,click,0.04,0.0,True
usr-00892,jrn-01785,evt-0006498,2025-06-25 12:00:00+00:00,email,lifecycle-email,click,0.04,0.0,True
usr-00046,jrn-00093,evt-0000358,2025-06-25 12:00:00+00:00,paid_search,brand-search,click,1.2,0.0,True
usr-00822,jrn-01645,evt-0006003,2025-06-25 12:00:00+00:00,display,display-retargeting,click,0.3,0.0,True
usr-00067,jrn-00135,evt-0000518,2025-06-25 12:00:00+00:00,display,display-retargeting,impression,0.036,0.0,True
usr-00382,jrn-00764,evt-0002828,2025-06-25 13:00:00+00:00,social,social-prospecting,impression,0.078,0.0,True
usr-00718,jrn-01436,evt-0005227,2025-06-25 13:00:00+00:00,email,lifecycle-email,impression,0.0048,0.0,True
usr-00522,jrn-01044,evt-0003837,2025-06-25 13:00:00+00:00,affiliate,partner-network,click,0.9,0.0,True
usr-00024,jrn-00049,evt-0000190,2025-06-25 14:00:00+00:00,organic,seo-content,impression,0.0096,0.0,True
usr-00055,jrn-00110,evt-0000421,2025-06-25 14:00:00+00:00,organic,seo-content,click,0.08,0.0,True
usr-00513,jrn-01027,evt-0003772,2025-06-25 14:00:00+00:00,display,display-retargeting,click,0.3,0.0,True
usr-00513,jrn-01027,evt-0003773,2025-06-25 16:00:00+00:00,social,social-prospecting,impression,0.078,0.0,True
usr-00336,jrn-00672,evt-0002490,2025-06-25 16:00:00+00:00,organic,seo-content,click,0.08,0.0,True
usr-00847,jrn-01695,evt-0006159,2025-06-25 16:00:00+00:00,affiliate,partner-network,click,0.9,0.0,True
usr-00555,jrn-01111,evt-0004083,2025-06-25 17:00:00+00:00,display,display-retargeting,click,0.3,0.0,True
usr-00718,jrn-01436,evt-0005224,2025-06-25 17:00:00+00:00,display,display-retargeting,click,0.3,0.0,True
usr-00024,jrn-00049,evt-0000191,2025-06-25 17:00:00+00:00,display,display-retargeting,click,0.3,0.0,True
usr-00522,jrn-01044,evt-0003835,2025-06-25 17:00:00+00:00,organic,seo-content,impression,0.0096,0.0,True
usr-00043,jrn-00086,evt-0000322,2025-06-25 17:00:00+00:00,paid_search,brand-search,click,1.2,0.0,True
usr-00055,jrn-00110,evt-0000420,2025-06-25 18:00:00+00:00,organic,seo-content,impression,0.0096,0.0,True
usr-00215,jrn-00431,evt-0001582,2025-06-25 20:00:00+00:00,display,display-retargeting,impression,0.036,0.0,True
usr-00024,jrn-00049,evt-0000192,2025-06-25 20:00:00+00:00,display,display-retargeting,click,0.3,0.0,True
usr-00434,jrn-00869,evt-0003220,2025-06-25 21:00:00+00:00,paid_search,brand-search,impression,0.144,0.0,True
usr-00823,jrn-01646,evt-0006008,2025-06-25 21:00:00+00:00,social,social-prospecting,click,0.65,0.0,True
usr-00555,jrn-01111,evt-0004085,2025-06-25 21:00:00+00:00,social,social-prospecting,click,0.65,0.0,True
usr-00084,jrn-00168,evt-0000631,2025-06-25 22:00:00+00:00,social,social-prospecting,impression,0.078,0.0,True
usr-00847,jrn-01695,evt-0006161,2025-06-25 22:00:00+00:00,paid_search,brand-search,impression,0.144,0.0,True
usr-00390,jrn-00780,evt-0002881,2025-06-25 22:00:00+00:00,display,display-retargeting,impression,0.036,0.0,True
usr-00555,jrn-01111,evt-0004084,2025-06-25 22:00:00+00:00,affiliate,partner-network,click,0.9,0.0,True
usr-00792,jrn-01584,evt-0005760,2025-06-25 22:00:00+00:00,paid_search,brand-search,click,1.2,0.0,True
usr-00314,jrn-00629,evt-0002344,2025-06-25 22:00:00+00:00,display,display-retargeting,click,0.3,0.0,True
usr-00718,jrn-01436,evt-0005225,2025-06-25 23:00:00+00:00,email,lifecycle-email,click,0.04,0.0,True
usr-00762,jrn-01525,evt-0005549,2025-06-25 23:00:00+00:00,social,social-prospecting,conversion,0.0,90.75,True
usr-00123,jrn-00247,evt-0000919,2025-06-25 23:00:00+00:00,organic,seo-content,click,0.08,0.0,True
usr-00084,jrn-00168,evt-0000632,2025-06-26 00:00:00+00:00,social,social-prospecting,impression,0.078,0.0,True
usr-00215,jrn-00431,evt-0001583,2025-06-26 02:00:00+00:00,organic,seo-content,click,0.08,0.0,True
usr-00215,jrn-00431,evt-0001585,2025-06-26 02:00:00+00:00,social,social-prospecting,click,0.65,0.0,True
usr-00124,jrn-00249,evt-0000925,2025-06-26 03:00:00+00:00,paid_search,brand-search,click,1.2,0.0,True
usr-00792,jrn-01584,evt-0005759,2025-06-26 03:00:00+00:00,organic,seo-content,click,0.08,0.0,True
usr-00847,jrn-01695,evt-0006160,2025-06-26 04:00:00+00:00,paid_search,brand-search,click,1.2,0.0,True
usr-00332,jrn-00665,evt-0002459,2025-06-26 04:00:00+00:00,organic,seo-content,click,0.08,0.0,True
usr-00500,jrn-01000,evt-0003678,2025-06-26 05:00:00+00:00,paid_search,brand-search,click,1.2,0.0,True
usr-00382,jrn-00764,evt-0002829,2025-06-26 06:00:00+00:00,email,lifecycle-email,impression,0.0048,0.0,True
usr-00215,jrn-00431,evt-0001584,2025-06-26 06:00:00+00:00,organic,seo-content,click,0.08,0.0,True
usr-00084,jrn-00168,evt-0000633,2025-06-26 06:00:00+00:00,email,lifecycle-email,click,0.04,0.0,True
usr-00067,jrn-00135,evt-0000517,2025-06-26 06:00:00+00:00,paid_search,brand-search,impression,0.144,0.0,True
usr-00123,jrn-00247,evt-0000920,2025-06-26 07:00:00+00:00,organic,seo-content,click,0.08,0.0,True
usr-00124,jrn-00249,evt-0000926,2025-06-26 08:00:00+00:00,paid_search,brand-search,impression,0.144,0.0,True
usr-00123,jrn-00247,evt-0000921,2025-06-26 09:00:00+00:00,social,social-prospecting,impression,0.078,0.0,True
usr-00594,jrn-01189,evt-0004354,2025-06-26 09:00:00+00:00,affiliate,partner-network,impression,0.108,0.0,True
usr-00142,jrn-00284,evt-0001043,2025-06-26 09:00:00+00:00,affiliate,partner-network,impression,0.108,0.0,True
usr-00500,jrn-01000,evt-0003679,2025-06-26 09:00:00+00:00,paid_search,brand-search,impression,0.144,0.0,True
usr-00513,jrn-01027,evt-0003777,2025-06-26 10:00:00+00:00,affiliate,partner-network,click,0.9,0.0,True
usr-00579,jrn-01159,evt-0004245,2025-06-26 10:00:00+00:00,affiliate,partner-network,click,0.9,0.0,True
usr-00560,jrn-01121,evt-0004118,2025-06-26 13:00:00+00:00,display,display-retargeting,click,0.3,0.0,True
usr-00255,jrn-00510,evt-0001895,2025-06-26 13:00:00+00:00,organic,seo-content,click,0.08,0.0,False
usr-00554,jrn-01108,evt-0004075,2025-06-26 13:00:00+00:00,email,lifecycle-email,click,0.04,0.0,True
usr-00227,jrn-00454,evt-0001673,2025-06-26 13:00:00+00:00,paid_search,brand-search,click,1.2,0.0,True
usr-00390,jrn-00780,evt-0002882,2025-06-26 14:00:00+00:00,display,display-retargeting,click,0.3,0.0,True
usr-00513,jrn-01027,evt-0003776,2025-06-26 14:00:00+00:00,display,display-retargeting,click,0.3,0.0,True
usr-00672,jrn-01345,evt-0004901,2025-06-26 15:00:00+00:00,affiliate,partner-network,impression,0.108,0.0,True
usr-00522,jrn-01044,evt-0003838,2025-06-26 16:00:00+00:00,organic,seo-content,impression,0.0096,0.0,True
usr-00330,jrn-00660,evt-0002439,2025-06-26 16:00:00+00:00,organic,seo-content,click,0.08,0.0,True
usr-00124,jrn-00249,evt-0000927,2025-06-26 17:00:00+00:00,organic,seo-content,impression,0.0096,0.0,True
usr-00522,jrn-01044,evt-0003836,2025-06-26 17:00:00+00:00,email,lifecycle-email,impression,0.0048,0.0,True
usr-00015,jrn-00031,evt-0000130,2025-06-26 18:00:00+00:00,display,display-retargeting,impression,0.036,0.0,True
usr-00500,jrn-01000,evt-0003681,2025-06-26 20:00:00+00:00,display,display-retargeting,click,0.3,0.0,True
usr-00332,jrn-00665,evt-0002460,2025-06-26 21:00:00+00:00,social,social-prospecting,click,0.65,0.0,True
usr-00500,jrn-01000,evt-0003680,2025-06-26 21:00:00+00:00,social,social-prospecting,click,0.65,0.0,True
usr-00314,jrn-00629,evt-0002343,2025-06-26 21:00:00+00:00,organic,seo-content,click,0.08,0.0,True
usr-00124,jrn-00249,evt-0000928,2025-06-26 21:00:00+00:00,social,social-prospecting,click,0.65,0.0,True
usr-00159,jrn-00318,evt-0001164,2025-06-26 22:00:00+00:00,paid_search,brand-search,impression,0.144,0.0,True
usr-00390,jrn-00780,evt-0002883,2025-06-26 22:00:00+00:00,social,social-prospecting,click,0.65,0.0,True
usr-00853,jrn-01707,evt-0006210,2025-06-27 00:00:00+00:00,affiliate,partner-network,conversion,0.0,48.68,True
usr-00513,jrn-01027,evt-0003774,2025-06-27 00:00:00+00:00,affiliate,partner-network,click,0.9,0.0,True
usr-00215,jrn-00431,evt-0001586,2025-06-27 00:00:00+00:00,affiliate,partner-network,impression,0.108,0.0,True
usr-00159,jrn-00318,evt-0001165,2025-06-27 01:00:00+00:00,social,social-prospecting,click,0.65,0.0,True
usr-00800,jrn-01600,evt-0005829,2025-06-27 01:00:00+00:00,display,display-retargeting,impression,0.036,0.0,True
usr-00672,jrn-01345,evt-0004902,2025-06-27 01:00:00+00:00,affiliate,partner-network,click,0.9,0.0,True
usr-00579,jrn-01159,evt-0004248,2025-06-27 01:00:00+00:00,display,display-retargeting,impression,0.036,0.0,True
usr-00579,jrn-01159,evt-0004246,2025-06-27 02:00:00+00:00,social,social-prospecting,click,0.65,0.0,True
usr-00227,jrn-00454,evt-0001674,2025-06-27 03:00:00+00:00,display,display-retargeting,impression,0.036,0.0,True
usr-00672,jrn-01345,evt-0004903,2025-06-27 03:00:00+00:00,paid_search,brand-search,impression,0.144,0.0,True
usr-00124,jrn-00249,evt-0000930,2025-06-27 04:00:00+00:00,social,social-prospecting,impression,0.078,0.0,True
usr-00332,jrn-00665,evt-0002462,2025-06-27 04:00:00+00:00,affiliate,partner-network,impression,0.108,0.0,True
usr-00567,jrn-01134,evt-0004164,2025-06-27 05:00:00+00:00,affiliate,partner-network,click,0.9,0.0,True
usr-00336,jrn-00672,evt-0002491,2025-06-27 06:00:00+00:00,social,social-prospecting,impression,0.078,0.0,False
usr-00332,jrn-00665,evt-0002461,2025-06-27 08:00:00+00:00,affiliate,partner-network,click,0.9,0.0,True
usr-00513,jrn-01027,evt-0003775,2025-06-27 08:00:00+00:00,paid_search,brand-search,impression,0.144,0.0,True
usr-00555,jrn-01111,evt-0004086,2025-06-27 08:00:00+00:00,affiliate,partner-network,click,0.9,0.0,True
usr-00847,jrn-01695,evt-0006162,2025-06-27 10:00:00+00:00,affiliate,partner-network,click,0.9,0.0,True
usr-00579,jrn-01159,evt-0004249,2025-06-27 10:00:00+00:00,email,lifecycle-email,click,0.04,0.0,True
usr-00390,jrn-00780,evt-0002884,2025-06-27 10:00:00+00:00,social,social-prospecting,impression,0.078,0.0,True
usr-00147,jrn-00295,evt-0001077,2025-06-27 10:00:00+00:00,paid_search,brand-search,click,1.2,0.0,True
usr-00124,jrn-00249,evt-0000929,2025-06-27 11:00:00+00:00,organic,seo-content,impression,0.0096,0.0,True
usr-00800,jrn-01600,evt-0005830,2025-06-27 12:00:00+00:00,display,display-retargeting,impression,0.036,0.0,True
usr-00147,jrn-00295,evt-0001078,2025-06-27 14:00:00+00:00,email,lifecycle-email,click,0.04,0.0,True
usr-00329,jrn-00659,evt-0002435,2025-06-27 16:00:00+00:00,affiliate,partner-network,click,0.9,0.0,True
usr-00579,jrn-01159,evt-0004247,2025-06-27 16:00:00+00:00,paid_search,brand-search,click,1.2,0.0,True
usr-00297,jrn-00594,evt-0002192,2025-06-27 17:00:00+00:00,paid_search,brand-search,impression,0.144,0.0,True
usr-00672,jrn-01345,evt-0004904,2025-06-27 18:00:00+00:00,organic,seo-content,impression,0.0096,0.0,True
usr-00719,jrn-01439,evt-0005233,2025-06-27 18:00:00+00:00,paid_search,brand-search,impression,0.144,0.0,True
usr-00329,jrn-00659,evt-0002436,2025-06-27 18:00:00+00:00,affiliate,partner-network,click,0.9,0.0,True
usr-00476,jrn-00952,evt-0003522,2025-06-27 18:00:00+00:00,affiliate,partner-network,impression,0.108,0.0,True
usr-00142,jrn-00284,evt-0001044,2025-06-27 20:00:00+00:00,affiliate,partner-network,conversion,0.0,116.0,True
usr-00363,jrn-00727,evt-0002691,2025-06-27 20:00:00+00:00,display,display-retargeting,impression,0.036,0.0,True
usr-00476,jrn-00952,evt-0003523,2025-06-27 20:00:00+00:00,social,social-prospecting,impression,0.078,0.0,True
usr-00326,jrn-00652,evt-0002410,2025-06-27 22:00:00+00:00,display,display-retargeting,click,0.3,0.0,True
usr-00567,jrn-01134,evt-0004165,2025-06-27 22:00:00+00:00,affiliate,partner-network,click,0.9,0.0,True
usr-00227,jrn-00454,evt-0001675,2025-06-27 23:00:00+00:00,affiliate,partner-network,click,0.9,0.0,True
usr-00719,jrn-01439,evt-0005235,2025-06-28 00:00:00+00:00,email,lifecycle-email,click,0.04,0.0,True
usr-00297,jrn-00594,evt-0002193,2025-06-28 04:00:00+00:00,paid_search,brand-search,impression,0.144,0.0,True
usr-00802,jrn-01605,evt-0005845,2025-06-28 05:00:00+00:00,affiliate,partner-network,impression,0.108,0.0,True
usr-00363,jrn-00727,evt-0002692,2025-06-28 05:00:00+00:00,social,social-prospecting,click,0.65,0.0,True
usr-00815,jrn-01631,evt-0005944,2025-06-28 06:00:00+00:00,organic,seo-content,impression,0.0096,0.0,True
usr-00326,jrn-00652,evt-0002411,2025-06-28 06:00:00+00:00,display,display-retargeting,click,0.3,0.0,True
usr-00329,jrn-00659,evt-0002437,2025-06-28 08:00:00+00:00,organic,seo-content,impression,0.0096,0.0,True
usr-00297,jrn-00594,evt-0002194,2025-06-28 09:00:00+00:00,social,social-prospecting,impression,0.078,0.0,True
usr-00719,jrn-01439,evt-0005236,2025-06-28 09:00:00+00:00,affiliate,partner-network,impression,0.108,0.0,True
usr-00719,jrn-01439,evt-0005234,2025-06-28 09:00:00+00:00,organic,seo-content,click,0.08,0.0,True
usr-00241,jrn-00482,evt-0001778,2025-06-28 10:00:00+00:00,email,lifecycle-email,impression,0.0048,0.0,True
usr-00126,jrn-00253,evt-0000940,2025-06-28 10:00:00+00:00,email,lifecycle-email,click,0.04,0.0,True
usr-00147,jrn-00295,evt-0001079,2025-06-28 10:00:00+00:00,social,social-prospecting,impression,0.078,0.0,True
usr-00476,jrn-00952,evt-0003524,2025-06-28 10:00:00+00:00,display,display-retargeting,click,0.3,0.0,True
usr-00363,jrn-00727,evt-0002694,2025-06-28 11:00:00+00:00,affiliate,partner-network,impression,0.108,0.0,True
usr-00332,jrn-00665,evt-0002463,2025-06-28 12:00:00+00:00,social,social-prospecting,click,0.65,0.0,True
usr-00815,jrn-01631,evt-0005946,2025-06-28 12:00:00+00:00,organic,seo-content,click,0.08,0.0,True
usr-00146,jrn-00293,evt-0001070,2025-06-28 15:00:00+00:00,display,display-retargeting,impression,0.036,0.0,True
usr-00095,jrn-00190,evt-0000708,2025-06-28 15:00:00+00:00,paid_search,brand-search,impression,0.144,0.0,True
usr-00147,jrn-00295,evt-0001080,2025-06-28 16:00:00+00:00,display,display-retargeting,click,0.3,0.0,True
usr-00814,jrn-01629,evt-0005932,2025-06-28 17:00:00+00:00,organic,seo-content,impression,0.0096,0.0,True
usr-00297,jrn-00594,evt-0002196,2025-06-28 17:00:00+00:00,email,lifecycle-email,impression,0.0048,0.0,True
usr-00363,jrn-00727,evt-0002693,2025-06-28 18:00:00+00:00,social,social-prospecting,click,0.65,0.0,True
usr-00815,jrn-01631,evt-0005945,2025-06-28 18:00:00+00:00,affiliate,partner-network,impression,0.108,0.0,True
usr-00650,jrn-01300,evt-0004748,2025-06-28 19:00:00+00:00,email,lifecycle-email,impression,0.0048,0.0,True
usr-00423,jrn-00847,evt-0003141,2025-06-28 19:00:00+00:00,display,display-retargeting,click,0.3,0.0,True
usr-00293,jrn-00586,evt-0002163,2025-06-28 19:00:00+00:00,display,display-retargeting,impression,0.036,0.0,True
usr-00241,jrn-00482,evt-0001779,2025-06-28 19:00:00+00:00,email,lifecycle-email,impression,0.0048,0.0,True
usr-00802,jrn-01605,evt-0005846,2025-06-28 19:00:00+00:00,organic,seo-content,click,0.08,0.0,True
usr-00126,jrn-00253,evt-0000941,2025-06-28 19:00:00+00:00,paid_search,brand-search,click,1.2,0.0,True
usr-00363,jrn-00727,evt-0002695,2025-06-28 20:00:00+00:00,organic,seo-content,click,0.08,0.0,True
usr-00814,jrn-01629,evt-0005933,2025-06-28 23:00:00+00:00,social,social-prospecting,impression,0.078,0.0,True
usr-00095,jrn-00190,evt-0000709,2025-06-28 23:00:00+00:00,email,lifecycle-email,click,0.04,0.0,True
usr-00567,jrn-01134,evt-0004166,2025-06-28 23:00:00+00:00,affiliate,partner-network,conversion,0.0,86.38,True
usr-00215,jrn-00431,evt-0001587,2025-06-28 23:00:00+00:00,email,lifecycle-email,click,0.04,0.0,True
usr-00100,jrn-00201,evt-0000758,2025-06-29 00:00:00+00:00,display,display-retargeting,click,0.3,0.0,False
usr-00423,jrn-00847,evt-0003142,2025-06-29 00:00:00+00:00,affiliate,partner-network,click,0.9,0.0,True
usr-00241,jrn-00482,evt-0001781,2025-06-29 04:00:00+00:00,paid_search,brand-search,click,1.2,0.0,True
usr-00100,jrn-00201,evt-0000760,2025-06-29 04:00:00+00:00,social,social-prospecting,click,0.65,0.0,True
usr-00241,jrn-00482,evt-0001780,2025-06-29 04:00:00+00:00,paid_search,brand-search,click,1.2,0.0,True
usr-00802,jrn-01605,evt-0005850,2025-06-29 06:00:00+00:00,affiliate,partner-network,click,0.9,0.0,True
usr-00802,jrn-01605,evt-0005847,2025-06-29 07:00:00+00:00,paid_search,brand-search,click,1.2,0.0,True
usr-00326,jrn-00652,evt-0002412,2025-06-29 08:00:00+00:00,organic,seo-content,impression,0.0096,0.0,True
usr-00209,jrn-00418,evt-0001532,2025-06-29 08:00:00+00:00,affiliate,partner-network,click,0.9,0.0,True
usr-00814,jrn-01629,evt-0005934,2025-06-29 09:00:00+00:00,affiliate,partner-network,impression,0.108,0.0,True
usr-00427,jrn-00855,evt-0003171,2025-06-29 09:00:00+00:00,social,social-prospecting,click,0.65,0.0,True
usr-00719,jrn-01439,evt-0005238,2025-06-29 10:00:00+00:00,email,lifecycle-email,click,0.04,0.0,True
usr-00293,jrn-00586,evt-0002164,2025-06-29 11:00:00+00:00,email,lifecycle-email,impression,0.0048,0.0,True
usr-00093,jrn-00186,evt-0000698,2025-06-29 11:00:00+00:00,social,social-prospecting,click,0.65,0.0,True
usr-00650,jrn-01300,evt-0004749,2025-06-29 11:00:00+00:00,display,display-retargeting,click,0.3,0.0,True
usr-00100,jrn-00201,evt-0000761,2025-06-29 12:00:00+00:00,paid_search,brand-search,impression,0.144,0.0,True
usr-00076,jrn-00152,evt-0000575,2025-06-29 13:00:00+00:00,display,display-retargeting,click,0.3,0.0,True
usr-00427,jrn-00855,evt-0003172,2025-06-29 14:00:00+00:00,organic,seo-content,click,0.08,0.0,True
usr-00232,jrn-00465,evt-0001709,2025-06-29 14:00:00+00:00,affiliate,partner-network,click,0.9,0.0,True
usr-00761,jrn-01522,evt-0005536,2025-06-29 14:00:00+00:00,display,display-retargeting,click,0.3,0.0,True
usr-00814,jrn-01629,evt-0005935,2025-06-29 14:00:00+00:00,affiliate,partner-network,impression,0.108,0.0,True
usr-00476,jrn-00952,evt-0003526,2025-06-29 14:00:00+00:00,social,social-prospecting,click,0.65,0.0,True
usr-00224,jrn-00449,evt-0001659,2025-06-29 16:00:00+00:00,social,social-prospecting,click,0.65,0.0,True
usr-00209,jrn-00418,evt-0001534,2025-06-29 16:00:00+00:00,email,lifecycle-email,impression,0.0048,0.0,True
usr-00241,jrn-00482,evt-0001783,2025-06-29 16:00:00+00:00,organic,seo-content,impression,0.0096,0.0,True
usr-00672,jrn-01345,evt-0004905,2025-06-29 17:00:00+00:00,organic,seo-content,conversion,0.0,64.11,True
usr-00297,jrn-00594,evt-0002195,2025-06-29 17:00:00+00:00,affiliate,partner-network,click,0.9,0.0,True
usr-00453,jrn-00907,evt-0003344,2025-06-29 17:00:00+00:00,affiliate,partner-network,click,0.9,0.0,True
usr-00332,jrn-00665,evt-0002464,2025-06-29 17:00:00+00:00,paid_search,brand-search,click,1.2,0.0,True
usr-00802,jrn-01605,evt-0005848,2025-06-29 17:00:00+00:00,social,social-prospecting,click,0.65,0.0,True
usr-00802,jrn-01605,evt-0005849,2025-06-29 17:00:00+00:00,social,social-prospecting,impression,0.078,0.0,True
usr-00100,jrn-00201,evt-0000759,2025-06-29 17:00:00+00:00,organic,seo-content,click,0.08,0.0,True
usr-00093,jrn-00186,evt-0000699,2025-06-29 18:00:00+00:00,paid_search,brand-search,click,1.2,0.0,True
usr-00329,jrn-00659,evt-0002438,2025-06-29 19:00:00+00:00,email,lifecycle-email,click,0.04,0.0,True
usr-00650,jrn-01300,evt-0004750,2025-06-29 19:00:00+00:00,social,social-prospecting,click,0.65,0.0,True
usr-00453,jrn-00907,evt-0003345,2025-06-29 19:00:00+00:00,organic,seo-content,click,0.08,0.0,True
usr-00052,jrn-00105,evt-0000399,2025-06-29 19:00:00+00:00,email,lifecycle-email,impression,0.0048,0.0,True
usr-00761,jrn-01522,evt-0005537,2025-06-29 20:00:00+00:00,affiliate,partner-network,click,0.9,0.0,True
usr-00476,jrn-00952,evt-0003525,2025-06-29 21:00:00+00:00,affiliate,partner-network,click,0.9,0.0,True
usr-00719,jrn-01439,evt-0005237,2025-06-29 22:00:00+00:00,affiliate,partner-network,click,0.9,0.0,True
usr-00555,jrn-01110,evt-0004078,2025-06-29 22:00:00+00:00,social,social-prospecting,impression,0.078,0.0,True
usr-00209,jrn-00418,evt-0001533,2025-06-29 23:00:00+00:00,email,lifecycle-email,click,0.04,0.0,True
usr-00095,jrn-00190,evt-0000711,2025-06-30 00:00:00+00:00,affiliate,partner-network,click,0.9,0.0,True
usr-00095,jrn-00190,evt-0000710,2025-06-30 01:00:00+00:00,email,lifecycle-email,impression,0.0048,0.0,True
usr-00209,jrn-00418,evt-0001535,2025-06-30 02:00:00+00:00,paid_search,brand-search,click,1.2,0.0,True
usr-00093,jrn-00186,evt-0000700,2025-06-30 03:00:00+00:00,organic,seo-content,click,0.08,0.0,True
usr-00423,jrn-00847,evt-0003143,2025-06-30 03:00:00+00:00,display,display-retargeting,impression,0.036,0.0,True
usr-00095,jrn-00190,evt-0000712,2025-06-30 03:00:00+00:00,affiliate,partner-network,impression,0.108,0.0,True
usr-00232,jrn-00465,evt-0001710,2025-06-30 05:00:00+00:00,paid_search,brand-search,impression,0.144,0.0,True
usr-00076,jrn-00152,evt-0000576,2025-06-30 06:00:00+00:00,paid_search,brand-search,click,1.2,0.0,True
usr-00761,jrn-01522,evt-0005538,2025-06-30 08:00:00+00:00,email,lifecycle-email,impression,0.0048,0.0,True
usr-00052,jrn-00105,evt-0000400,2025-06-30 09:00:00+00:00,display,display-retargeting,impression,0.036,0.0,True
usr-00241,jrn-00482,evt-0001782,2025-06-30 10:00:00+00:00,organic,seo-content,impression,0.0096,0.0,True
usr-00052,jrn-00105,evt-0000401,2025-06-30 11:00:00+00:00,social,social-prospecting,impression,0.078,0.0,True
usr-00555,jrn-01110,evt-0004079,2025-06-30 14:00:00+00:00,affiliate,partner-network,impression,0.108,0.0,True
usr-00555,jrn-01110,evt-0004081,2025-06-30 16:00:00+00:00,organic,seo-content,impression,0.0096,0.0,True
usr-00052,jrn-00105,evt-0000402,2025-06-30 16:00:00+00:00,email,lifecycle-email,click,0.04,0.0,True
usr-00650,jrn-01300,evt-0004751,2025-06-30 16:00:00+00:00,organic,seo-content,impression,0.0096,0.0,True
usr-00453,jrn-00907,evt-0003347,2025-06-30 17:00:00+00:00,paid_search,brand-search,impression,0.144,0.0,True
usr-00814,jrn-01629,evt-0005936,2025-06-30 21:00:00+00:00,affiliate,partner-network,impression,0.108,0.0,True
usr-00453,jrn-00907,evt-0003346,2025-07-01 01:00:00+00:00,affiliate,partner-network,click,0.9,0.0,True
usr-00555,jrn-01110,evt-0004080,2025-07-01 02:00:00+00:00,affiliate,partner-network,click,0.9,0.0,True
usr-00423,jrn-00847,evt-0003144,2025-07-01 02:00:00+00:00,display,display-retargeting,conversion,0.0,67.07,True
usr-00453,jrn-00907,evt-0003349,2025-07-01 19:00:00+00:00,social,social-prospecting,impression,0.078,0.0,True
usr-00650,jrn-01300,evt-0004752,2025-07-02 00:00:00+00:00,organic,seo-content,conversion,0.0,111.54,True
usr-00453,jrn-00907,evt-0003348,2025-07-02 05:00:00+00:00,affiliate,partner-network,click,0.9,0.0,True
usr-00814,jrn-01629,evt-0005937,2025-07-02 06:00:00+00:00,display,display-retargeting,impression,0.036,0.0,True
usr-00555,jrn-01110,evt-0004082,2025-07-02 18:00:00+00:00,paid_search,brand-search,click,1.2,0.0,True
usr-00052,jrn-00105,evt-0000403,2025-07-02 21:00:00+00:00,email,lifecycle-email,conversion,0.0,92.65,True
